Headlines,Time,Description
"JEDI contract means a lot more for Microsoft than for Amazon, Jim Cramer says",2019-10-28,"""The Pentagon's basically saying that Microsoft's cloud platform is just as good as Amazon's, or at least close enough for government work,"" Jim Cramer says."
"Cramer's week ahead: McDonald's, Amazon, Chipotle, Caterpillar, Boeing and more earnings reports",2019-10-18,"""At this point in earnings season, you should simply try to stop, look and listen,"" CNBC's Jim Cramer says."
"The charts show Amazon's stock is bottoming, primed for a 20% gain, Jim Cramer says",2019-09-06,"""The charts, as interpreted by Carolyn Boroden, suggest that Amazon has finally resumed its long-term rally"" toward $2,115, the ""Mad Money"" host says."
The charts show Amazon's stock can break through record highs: Cramer,2019-07-29,"After the stock's recent pullback, investors could be getting a rare buying opportunity in Amazon, Jim Cramer explains."
