Time,Headlines
2019-12-28,Amazon's deal with Deliveroo faces in-depth inquiry
2019-12-11,"Amazon investment in Deliveroo could lead to higher prices, says CMA"
2019-12-09,NHS gives Amazon free use of health data under Alexa advice deal
2019-12-03,UK firms urge Brazil to stop Amazon deforestation for soy production
2019-12-02,New study deems Amazon worst for 'aggressive' tax avoidance
2019-12-01,Will Amazon's Premier League debut kick off a flood of subscribers?
2019-10-25,Amazon profits drop sharply amid big spending to speed package delivery
2019-10-24,Toxic America  TVs sold by Amazon and Best Buy 'contain chemicals banned in Europe'
2019-10-20,"Observer business agenda  Big tech, big profits? Amazon sales poised to leap 24%"
2019-10-16,Amazon's deal with Deliveroo examined by competition watchdog
2019-09-25,Amazon refuses to stop selling Tommy Robinson merchandise
2019-09-14,"Google, Facebook, Amazon and Apple asked to turn over internal documents"
2019-09-12,Morrisons expands super-fast Amazon delivery deal
2019-09-10,Amazon Europe received €241m in tax credits in 2018
2019-09-07,Netflix and Amazon double their spending on UK-made TV shows
2019-08-31,Corporations pile pressure on Brazil over Amazon fires
2019-08-26,US companies tell Apple and Amazon to put planet before profits
2019-08-25,G7 leaders to hold emergency talks over Amazon wildfires crisis
2019-08-23,Amazon fires: why ecocide must be recognised as an international crime
2019-08-20,Amazon under fire for new packaging that cannot be recycled
2019-08-16,Online shoppers and Amazon Prime Day lift UK retail sales
2019-08-07,Revealed: Amazon touts high wages while ignoring issues in its warehouses
2019-07-29,Today in Focus  Jeff Bezos and the United States of Amazon
2019-07-28,Mnuchin is wrong: Amazon has done more good than bad for small business
2019-07-25,Amazon profits fall short as company faces protests and monopoly fears
2019-07-24,Shop till they drop: the play that takes us inside an Amazon warehouse
