headline,date,stock
"Nomura Holdings Inc Buys Aramark, AT&T Inc, Emerson Electric Co, Sells Amazon. ...",2019-12-12,A
"Royal London Asset Management Ltd Buys Apple Inc, Amazon. ...",2019-11-12,A
"Nike, Alcoa, Amazon, Target and Best Buy highlighted as Zacks Bull and Bear of the Day",2019-12-04,AA
"The Zacks Analyst Blog Highlights: NVIDIA, Alphabet, Teradyne, iRobot and Amazon",2019-12-20,ABB
"ViacomCBS, Amazon's AWS Event And Conference Blitz (Stocks To Watch Podcast)",2019-12-01,ABMD
"Stocks To Watch: ViacomCBS, Amazon's AWS Event And Conference Blitz",2019-11-30,ABMD
"ViacomCBS, Amazon's AWS Event And Conference Blitz (Stocks To Watch Podcast)",2019-12-01,ACAD
"Stocks To Watch: ViacomCBS, Amazon's AWS Event And Conference Blitz",2019-11-30,ACAD
"Melt-Up Alert: Amazon Rises, Intel Hurts Dell, HP But Helps AMD, And Deere Likely Phase One Winner",2019-11-27,ACM
"ViacomCBS, Amazon's AWS Event And Conference Blitz (Stocks To Watch Podcast)",2019-12-01,ACN
"Stocks To Watch: ViacomCBS, Amazon's AWS Event And Conference Blitz",2019-11-30,ACN
"Ibex Wealth Advisors Buys Merck Inc, Quest Diagnostics Inc, Accenture PLC, Sells Amazon. ...",2019-11-12,ACN
"Mendel Money Management Buys Amazon.com Inc, LKQ Corp, Visa Inc, Sells Alliance Data Systems ...",2019-08-08,ACN
"Mendel Money Management Buys Amazon.com Inc, LKQ Corp, Visa Inc, Sells Alliance Data Systems ...",2019-08-08,ACN
"Foster Dykema Cabot & Co Inc Buys Costco Wholesale Corp, Accenture PLC, Amazon. ...",2019-08-06,ACN
"ViacomCBS, Amazon's AWS Event And Conference Blitz (Stocks To Watch Podcast)",2019-12-01,ADC
"Stocks To Watch: ViacomCBS, Amazon's AWS Event And Conference Blitz",2019-11-30,ADC
"Melt-Up Alert: Amazon Rises, Intel Hurts Dell, HP But Helps AMD, And Deere Likely Phase One Winner",2019-11-27,ADI
"Ontario Teachers Pension Plan Board Buys Salesforce.com Inc, Mastercard Inc, Amazon. ...",2019-11-18,ADP
"Ontario Teachers Pension Plan Board Buys Salesforce.com Inc, Mastercard Inc, Amazon. ...",2019-11-08,ADP
"Towercrest Capital Management Buys Adaptive Biotechnologies Corp, Sells Amazon. ...",2019-11-13,ADPT
"ViacomCBS, Amazon's AWS Event And Conference Blitz (Stocks To Watch Podcast)",2019-12-01,ADSK
"Stocks To Watch: ViacomCBS, Amazon's AWS Event And Conference Blitz",2019-11-30,ADSK
"Melt-Up Alert: Amazon Rises, Intel Hurts Dell, HP But Helps AMD, And Deere Likely Phase One Winner",2019-11-27,ADSK
"Saban Capital Group LLC Buys Salesforce.com Inc, Amazon. ...",2019-11-13,ADSK
"NetEase, Autodesk and Amazon highlighted as Zacks Bull and Bear of the Day",2019-09-11,ADSK
"Amazon, Alibaba And Peloton In Focus (Stocks To Watch Podcast)",2019-09-22,AEO
"Stocks To Watch: Amazon, Alibaba And Peloton In Focus",2019-09-21,AEO
Apparel chains in harm's way from Amazon shopping initiative,2019-07-30,AEO
"Amazon, Alibaba And Peloton In Focus (Stocks To Watch Podcast)",2019-09-22,AIR
"Stocks To Watch: Amazon, Alibaba And Peloton In Focus",2019-09-21,AIR
Wall Street Breakfast: Amazon Headlines Another Busy Earnings Day,2019-10-24,ALGN
"Sturgeon Ventures LLP Buys Amazon.com Inc, Align Technology Inc, AMETEK Inc, Sells Boeing Co, ...",2019-08-07,ALGN
"ViacomCBS, Amazon's AWS Event And Conference Blitz (Stocks To Watch Podcast)",2019-12-01,ALIM
"Stocks To Watch: ViacomCBS, Amazon's AWS Event And Conference Blitz",2019-11-30,ALIM
"Aviance Capital Partners, LLC Buys Alibaba Group Holding, Amazon. ...",2019-08-13,ALL
BP to Supply Renewable Power to Amazon's Europe Data Centers,2019-12-05,AM
"Amazon (AMZN) to Open New Facility in Channahon, Add Jobs",2019-10-14,AMBA
"Amazon (AMZN) to Open 2nd Facility in Mississippi, Add Jobs",2019-11-19,AME
"Amazon, Alibaba And Peloton In Focus (Stocks To Watch Podcast)",2019-09-22,ANF
"Stocks To Watch: Amazon, Alibaba And Peloton In Focus",2019-09-21,ANF
"Thinking about trading options or stock in Amazon.com, Anthem, Burlington Stores, Netflix, or Tesla?",2019-12-03,ANTM
"ViacomCBS, Amazon's AWS Event And Conference Blitz (Stocks To Watch Podcast)",2019-12-01,ARE
"Stocks To Watch: ViacomCBS, Amazon's AWS Event And Conference Blitz",2019-11-30,ARE
"Nomura Holdings Inc Buys Aramark, AT&T Inc, Emerson Electric Co, Sells Amazon. ...",2019-12-12,ARMK
"Amazon, Alibaba And Peloton In Focus (Stocks To Watch Podcast)",2019-09-22,ASNA
"Stocks To Watch: Amazon, Alibaba And Peloton In Focus",2019-09-21,ASNA
Amazon (AMZN) Boosts Shipment Services With Sun Country Deal,2019-12-18,ATSG
"Amazon Roundup: India, Indonesia, Canada Logistics, Policing, Audible, IRS",2019-09-03,ATSG
"ViacomCBS, Amazon's AWS Event And Conference Blitz (Stocks To Watch Podcast)",2019-12-01,AVEO
"Stocks To Watch: ViacomCBS, Amazon's AWS Event And Conference Blitz",2019-11-30,AVEO
"'A' List Tech Investment Trifecta: Apple, Amazon, Avago (Broadcom)",2019-11-11,AVGO
"Capital International Inc Buys Amazon.com Inc, Facebook Inc, Microsoft Corp, Sells ...",2019-08-21,AVGO
"Jericho Capital Asset Management L.P. Buys Snap Inc, Broadcom Inc, Amazon. ...",2019-08-20,AVGO
"Natixis Buys Pfizer Inc, JD.com Inc, Merck Inc, Sells Amazon. ...",2019-08-13,AVGO
"Amazon, Alibaba And Peloton In Focus (Stocks To Watch Podcast)",2019-09-22,AXP
"Stocks To Watch: Amazon, Alibaba And Peloton In Focus",2019-09-21,AXP
"ViacomCBS, Amazon's AWS Event And Conference Blitz (Stocks To Watch Podcast)",2019-12-01,AZO
"Stocks To Watch: ViacomCBS, Amazon's AWS Event And Conference Blitz",2019-11-30,AZO
"Amazon, Alibaba And Peloton In Focus (Stocks To Watch Podcast)",2019-09-22,AZO
"Stocks To Watch: Amazon, Alibaba And Peloton In Focus",2019-09-21,AZO
"BlackBerry solutions available on Azure, AWS markets",2019-10-01,BBRY
"ViacomCBS, Amazon's AWS Event And Conference Blitz (Stocks To Watch Podcast)",2019-12-01,BBT
"Stocks To Watch: ViacomCBS, Amazon's AWS Event And Conference Blitz",2019-11-30,BBT
"Amazon, Alibaba And Peloton In Focus (Stocks To Watch Podcast)",2019-09-22,BCO
"Stocks To Watch: Amazon, Alibaba And Peloton In Focus",2019-09-21,BCO
"ViacomCBS, Amazon's AWS Event And Conference Blitz (Stocks To Watch Podcast)",2019-12-01,BDC
"Stocks To Watch: ViacomCBS, Amazon's AWS Event And Conference Blitz",2019-11-30,BDC
"Veritas Investment Management LLP Buys Visa Inc, Intuit Inc, Amazon. ...",2019-11-05,BDX
"Somerville Kurt F Buys Becton, Dickinson and Co, Amazon. ...",2019-07-24,BDX
"Puzo Michael J Buys Becton, Dickinson and Co, The Walt Disney Co, Amazon. ...",2019-07-24,BDX
"Dempze Nancy E Buys Becton, Dickinson and Co, Amazon. ...",2019-07-24,BDX
"ViacomCBS, Amazon's AWS Event And Conference Blitz (Stocks To Watch Podcast)",2019-12-01,BFS
"Stocks To Watch: ViacomCBS, Amazon's AWS Event And Conference Blitz",2019-11-30,BFS
"ADM, Bunge say not sourcing from deforested Amazon areas",2019-08-30,BG
"Ibex Wealth Advisors Buys Amazon.com Inc, Alphabet Inc, Adobe Inc, Sells iShares U.S. ...",2019-07-30,BHK
"APAC Smart Speaker Boom Highlights AMZN, BABA, GOOGL & Others",2019-12-12,BIDU
"Worm Capital, LLC Buys Alibaba Group Holding, Baidu Inc, Sells Amazon. ...",2019-11-14,BIDU
Amazon dominated Q3 smart speaker market,2019-11-13,BIDU
Smart Voice-Assistant Space Buzzing With Amazon Alexa Update,2019-09-26,BIDU
"ViacomCBS, Amazon's AWS Event And Conference Blitz (Stocks To Watch Podcast)",2019-12-01,BIG
"Stocks To Watch: ViacomCBS, Amazon's AWS Event And Conference Blitz",2019-11-30,BIG
Wall Street Breakfast: Amazon Headlines Another Busy Earnings Day,2019-10-24,BMRN
"Sterling Investment Advisors, Ltd. Buys Amazon. ...",2019-10-15,BND
White Lighthouse Investment Management Inc. Buys Amazon. ...,2019-07-31,BND
"Selz Capital LLC Buys Amazon.com Inc, Mastercard Inc, Sinclair Broadcast Group Inc, Sells Check ...",2019-10-11,BNFT
"Gluskin Sheff & Assoc Inc Buys Apple Inc, Amazon. ...",2019-11-08,BNS
"Perigon Wealth Management, LLC Buys Darling Ingredients Inc, Amazon. ...",2019-08-05,BOH
Amazon Deltona Fulfillment Center to Add More Than 500 Jobs,2019-12-27,BOOT
Broadridge's Global Asset Servicing Solution Now Live on Amazon Web Services,2019-09-24,BR
"Loring Wolcott & Coolidge Fiduciary Advisors Llp Buys Amazon.com Inc, Salesforce. ...",2019-08-09,BR
"Fagan Associates, Inc. Buys Vanguard Short-Term Bond ETF, Amazon.com Inc, Schwab U.S. ...",2019-11-13,BSX
"Amazon, Alibaba And Peloton In Focus (Stocks To Watch Podcast)",2019-09-22,BUD
"Stocks To Watch: Amazon, Alibaba And Peloton In Focus",2019-09-21,BUD
"Thinking about trading options or stock in Amazon.com, Anthem, Burlington Stores, Netflix, or Tesla?",2019-12-03,BURL
"Melt-Up Alert: Amazon Rises, Intel Hurts Dell, HP But Helps AMD, And Deere Likely Phase One Winner",2019-11-27,BURL
Thinking about trading options or stock in Amazon. ...,2019-11-27,BX
"Amazon, Alibaba And Peloton In Focus (Stocks To Watch Podcast)",2019-09-22,BYD
"Stocks To Watch: Amazon, Alibaba And Peloton In Focus",2019-09-21,BYD
"Amazon, Alibaba And Peloton In Focus (Stocks To Watch Podcast)",2019-09-22,BZH
"Stocks To Watch: Amazon, Alibaba And Peloton In Focus",2019-09-21,BZH
Ribbon Partners Amazon Web Services for Better Call Analytics,2019-12-17,CACI
"Amazon, Alibaba And Peloton In Focus (Stocks To Watch Podcast)",2019-09-22,CAG
"Stocks To Watch: Amazon, Alibaba And Peloton In Focus",2019-09-21,CAG
"Beck Mack & Oliver Llc Buys Blackstone Group Inc, RadNet Inc, Amazon. ...",2019-08-13,CBS.A
"JS Capital Management LLC Buys –…x Genomics Inc, Amazon. ...",2019-12-13,CCC
"D– Capital Partners L.P. Buys Amazon.com Inc, Netflix Inc, Linde PLC, Sells The Walt Disney ...",2019-11-14,CCC
"Amazon, Alibaba And Peloton In Focus (Stocks To Watch Podcast)",2019-09-22,CCL
"Stocks To Watch: Amazon, Alibaba And Peloton In Focus",2019-09-21,CCL
"ViacomCBS, Amazon's AWS Event And Conference Blitz (Stocks To Watch Podcast)",2019-12-01,CCXI
"Stocks To Watch: ViacomCBS, Amazon's AWS Event And Conference Blitz",2019-11-30,CCXI
"ViacomCBS, Amazon's AWS Event And Conference Blitz (Stocks To Watch Podcast)",2019-12-01,CDNS
"Stocks To Watch: ViacomCBS, Amazon's AWS Event And Conference Blitz",2019-11-30,CDNS
Amazon & The 17 Retail Dwarfs With CDW As Seen By Market-Makers,2019-12-08,CDW
"Sterling Investment Advisors, Ltd. Buys Amazon. ...",2019-10-15,CDW
Apparel chains in harm's way from Amazon shopping initiative,2019-07-30,CHS
Amazon's PillPack loses patient data source,2019-09-11,CI
Amazon still a star on Wall Street,2019-07-26,CL
"Baskin Financial Services Inc. Buys FirstService Corp, Amazon. ...",2019-07-24,CM
"Baskin Financial Services Inc. Buys FirstService Corp, Amazon. ...",2019-07-24,CNI
Senators want FTC probe into AMZN server security,2019-10-24,COF
"ViacomCBS, Amazon's AWS Event And Conference Blitz (Stocks To Watch Podcast)",2019-12-01,COR
"Stocks To Watch: ViacomCBS, Amazon's AWS Event And Conference Blitz",2019-11-30,COR
"ViacomCBS, Amazon's AWS Event And Conference Blitz (Stocks To Watch Podcast)",2019-12-01,COUP
"Stocks To Watch: ViacomCBS, Amazon's AWS Event And Conference Blitz",2019-11-30,COUP
Wall Street Breakfast: Amazon Headlines Another Busy Earnings Day,2019-10-24,CP
"ViacomCBS, Amazon's AWS Event And Conference Blitz (Stocks To Watch Podcast)",2019-12-01,CPB
"Stocks To Watch: ViacomCBS, Amazon's AWS Event And Conference Blitz",2019-11-30,CPB
"ViacomCBS, Amazon's AWS Event And Conference Blitz (Stocks To Watch Podcast)",2019-12-01,CPIX
"Stocks To Watch: ViacomCBS, Amazon's AWS Event And Conference Blitz",2019-11-30,CPIX
"ViacomCBS, Amazon's AWS Event And Conference Blitz (Stocks To Watch Podcast)",2019-12-01,CPRX
"Stocks To Watch: ViacomCBS, Amazon's AWS Event And Conference Blitz",2019-11-30,CPRX
"ViacomCBS, Amazon's AWS Event And Conference Blitz (Stocks To Watch Podcast)",2019-12-01,CRIS
"Stocks To Watch: ViacomCBS, Amazon's AWS Event And Conference Blitz",2019-11-30,CRIS
"America's Car Mart, Medifast, Microsoft, Apple and Amazon highlighted as Zacks Bull and Bear of the Day",2019-12-20,CRMT
"ViacomCBS, Amazon's AWS Event And Conference Blitz (Stocks To Watch Podcast)",2019-12-01,CSCO
"Stocks To Watch: ViacomCBS, Amazon's AWS Event And Conference Blitz",2019-11-30,CSCO
"Capula Management Ltd Buys iShares China Large-Cap ETF, Amazon. ...",2019-11-14,CSCO
"Cortland Associates Inc Buys Marathon Petroleum Corp, ECN Capital Corp, Sells Amazon. ...",2019-11-07,CTAS
"Sturgeon Ventures LLP Buys Amazon.com Inc, Align Technology Inc, AMETEK Inc, Sells Boeing Co, ...",2019-08-07,CTAS
Citrix Expands Ties With Amazon for Improved ADC Deployment,2019-12-05,CTXS
"Geller Family Office Services, LLC Buys Amazon. ...",2019-11-13,CTXS
"Eaton Vance Management Buys Steel Dynamics Inc, Eaton Corp PLC, iHeartMedia Inc, Sells Amazon. ...",2019-11-15,CUZ
Cousins expands Amazon lease at Domain 10 in Houston,2019-09-19,CUZ
CyberArk (CYBR) Facilitates AWS Customers' Cloud Tansition,2019-12-10,CYBR
"Amazon, Alibaba And Peloton In Focus (Stocks To Watch Podcast)",2019-09-22,DAN
"Stocks To Watch: Amazon, Alibaba And Peloton In Focus",2019-09-21,DAN
"RBF Capital, LLC Buys Cornerstone Building Brands Inc, Alibaba Group Holding, Amazon. ...",2019-08-13,DAN
"Perigon Wealth Management, LLC Buys Darling Ingredients Inc, Amazon. ...",2019-08-05,DAR
"Amazon, Alibaba And Peloton In Focus (Stocks To Watch Podcast)",2019-09-22,DECK
"Stocks To Watch: Amazon, Alibaba And Peloton In Focus",2019-09-21,DECK
"Amazon, Alibaba And Peloton In Focus (Stocks To Watch Podcast)",2019-09-22,DFRG
"Stocks To Watch: Amazon, Alibaba And Peloton In Focus",2019-09-21,DFRG
Discover teams up with Amazon for holiday offers,2019-10-21,DFS
"Ibex Wealth Advisors Buys Merck Inc, Quest Diagnostics Inc, Accenture PLC, Sells Amazon. ...",2019-11-12,DGX
"Veritas Investment Management LLP Buys Visa Inc, Intuit Inc, Amazon. ...",2019-11-05,DHR
"The Zacks Analyst Blog Highlights: Netflix, Disney, Apple and Amazon",2019-12-13,DIS
Buy Amazon (AMZN) Stock on the Dip Before a 2020 Rally?,2019-12-11,DIS
Amazon Boosts Sports Portfolio With Champions League Rights,2019-12-11,DIS
"The Zacks Analyst Blog Highlights: Netflix, Apple, Amazon and Disney",2019-12-11,DIS
"The Zacks Analyst Blog Highlights: Apple, Netflix, AT&T, Disney and Amazon",2019-12-11,DIS
Amazon (AMZN) Expands in Australia With Back to the Rafters,2019-12-10,DIS
"ViacomCBS, Amazon's AWS Event And Conference Blitz (Stocks To Watch Podcast)",2019-12-01,DIS
"Stocks To Watch: ViacomCBS, Amazon's AWS Event And Conference Blitz",2019-11-30,DIS
"ViacomCBS, Amazon's AWS Event And Conference Blitz (Stocks To Watch Podcast)",2019-12-01,DISCA
"Stocks To Watch: ViacomCBS, Amazon's AWS Event And Conference Blitz",2019-11-30,DISCA
DISH Network (DISH) Adds Amazon Prime Video to Hopper 3,2019-12-18,DISH
Dish gains on report of talks with Amazon,2019-11-21,DISH
"Melt-Up Alert: Amazon Rises, Intel Hurts Dell, HP But Helps AMD, And Deere Likely Phase One Winner",2019-11-27,DKS
Fall in Love with Music All Over Again with Dolby Atmos on Echo Studio and Amazon Music HD,2019-09-25,DLB
"Top Analyst Reports: Amazon, Merck, PepsiCo & More",2019-09-02,DLTR
"Pacific Global Investment Management CO Buys Constellation Brands Inc, Match Group Inc, Amazon. ...",2019-08-21,DOW
"Somerville Kurt F Buys Becton, Dickinson and Co, Amazon. ...",2019-07-24,DOW
"Baskin Financial Services Inc. Buys FirstService Corp, Amazon. ...",2019-07-24,DPZ
"Headinvest, Llc Buys iShares MSCI KLD 4…… Social ETF, Apple Inc, Amazon. ...",2019-11-21,DSI
"ViacomCBS, Amazon's AWS Event And Conference Blitz (Stocks To Watch Podcast)",2019-12-01,DSX
"Stocks To Watch: ViacomCBS, Amazon's AWS Event And Conference Blitz",2019-11-30,DSX
"ViacomCBS, Amazon's AWS Event And Conference Blitz (Stocks To Watch Podcast)",2019-12-01,EA
"Stocks To Watch: ViacomCBS, Amazon's AWS Event And Conference Blitz",2019-11-30,EA
"Amazon, Alibaba And Peloton In Focus (Stocks To Watch Podcast)",2019-09-22,EDR
"Stocks To Watch: Amazon, Alibaba And Peloton In Focus",2019-09-21,EDR
"ViacomCBS, Amazon's AWS Event And Conference Blitz (Stocks To Watch Podcast)",2019-12-01,EEFT
"Stocks To Watch: ViacomCBS, Amazon's AWS Event And Conference Blitz",2019-11-30,EEFT
Armstrong Shaw Associates Inc Buys Amazon. ...,2019-11-06,EEM
"Armstrong Shaw Associates Inc Buys Corteva Inc, Amazon. ...",2019-07-31,EEM
"Cortland Associates Inc Buys Marathon Petroleum Corp, ECN Capital Corp, Sells Amazon. ...",2019-11-07,EFG
"Banco Santander, S.A. Buys Alibaba Group Holding, Biogen Inc, Starbucks Corp, Sells Amazon. ...",2019-11-06,EL
"Callaway Golf, FedEx, Amazon, Intel and Gilead highlighted as Zacks Bull and Bear of the Day",2019-10-25,ELY
White Lighthouse Investment Management Inc. Buys Amazon. ...,2019-07-31,EMB
"ViacomCBS, Amazon's AWS Event And Conference Blitz (Stocks To Watch Podcast)",2019-12-01,EMN
"Stocks To Watch: ViacomCBS, Amazon's AWS Event And Conference Blitz",2019-11-30,EMN
"Nomura Holdings Inc Buys Aramark, AT&T Inc, Emerson Electric Co, Sells Amazon. ...",2019-12-12,EMR
"Gluskin Sheff & Assoc Inc Buys Apple Inc, Amazon. ...",2019-11-08,ENB
"Amazon, Alibaba And Peloton In Focus (Stocks To Watch Podcast)",2019-09-22,ENDP
"Stocks To Watch: Amazon, Alibaba And Peloton In Focus",2019-09-21,ENDP
"PDT Partners, LLC Buys AbbVie Inc, Cognex Corp, TransUnion, Sells Amazon. ...",2019-08-20,EOG
Leuthold Weeden Capital Management Buys Amazon. ...,2019-11-14,EPU
"United Bank Buys iShares Global Infrastructure ETF, Amazon. ...",2019-11-08,ETFC
"Eaton Vance Management Buys Steel Dynamics Inc, Eaton Corp PLC, iHeartMedia Inc, Sells Amazon. ...",2019-11-15,ETN
Wall Street Breakfast: Amazon Headlines Another Busy Earnings Day,2019-10-24,EW
"Amazon, Alibaba And Peloton In Focus (Stocks To Watch Podcast)",2019-09-22,FANG
"Stocks To Watch: Amazon, Alibaba And Peloton In Focus",2019-09-21,FANG
"Top Research Reports: Amazon, Caterpillar, Vertex & More",2019-08-14,FANG
"Pacific Global Investment Management CO Buys Constellation Brands Inc, Match Group Inc, Amazon. ...",2019-08-21,FAST
"Beck Mack & Oliver Llc Buys Blackstone Group Inc, RadNet Inc, Amazon. ...",2019-08-13,FAST
"Ruggie Capital Group Buys SPDR Barclays Short Term Treasury ETF, Amazon. ...",2019-11-06,FBT
"ViacomCBS, Amazon's AWS Event And Conference Blitz (Stocks To Watch Podcast)",2019-12-01,FCAU
"Stocks To Watch: ViacomCBS, Amazon's AWS Event And Conference Blitz",2019-11-30,FCAU
"Amazon, Alibaba And Peloton In Focus (Stocks To Watch Podcast)",2019-09-22,FCAU
"Stocks To Watch: Amazon, Alibaba And Peloton In Focus",2019-09-21,FCAU
ETFs to Tap on Amazon's Record Holiday Sales,2019-12-30,FDIS
Gearing Up for Holiday Season: Amazon Versus Walmart ETFs,2019-11-19,FDIS
Should You Buy Amazon ETFs Ahead of Q3 Earnings?,2019-10-22,FDIS
"The Zacks Analyst Blog Highlights: AMZN, FDX, ZUMZ and FVRR",2019-12-26,FDX
Amazon to Hike Merchant Fees in 2020 to Cover Rising Expenses,2019-12-24,FDX
Amazon Bans FedEx's Ground Network Usage for Prime Deliveries,2019-12-17,FDX
"Melt-Up Alert: Alphabet, Amazon, And Microsoft Continue To Break Out Or Are Going To Old Highs; VIX Is A Worry",2019-11-06,FDX
Mighty Amazon Is Falling; Let's See How Far. Also Some Chips Are Chipper Because Of IT And Datacom,2019-10-25,FDX
"Callaway Golf, FedEx, Amazon, Intel and Gilead highlighted as Zacks Bull and Bear of the Day",2019-10-25,FDX
"The Zacks Analyst Blog Highlights: FedEx, UPS and Amazon",2019-09-19,FDX
FedEx Q1 Earnings Preview: Can FDX Stock Bounce Back After Amazon Breakup?,2019-09-11,FDX
FedEx to end ground delivery deal with Amazon,2019-08-07,FDX
FICO Recognized as Leading Financial Services Solution Vendor on the AWS Partner Network with ...,2019-11-07,FICO
FICO Releases Machine-Learning Cyber Risk Score on AWS Marketplace,2019-11-06,FICO
"Royal London Asset Management Ltd Buys Apple Inc, Amazon. ...",2019-11-12,FIS
"The Zacks Analyst Blog Highlights: Amazon, Boeing, NextEra, Schwab and Fiserv",2019-07-31,FISV
"Top Analyst Reports for Amazon, Boeing & NextEra",2019-07-30,FISV
"Callan Capital, LLC Buys iShares Russell –……… ETF, Sells Amazon. ...",2019-11-15,FITB
Nike sees Foot Locker as better partner than Amazon,2019-11-14,FL
Why Ulta Beauty Won't Lose The Amazon Battle,2019-10-13,FL
"Amazon, Alibaba And Peloton In Focus (Stocks To Watch Podcast)",2019-09-22,FL
"Stocks To Watch: Amazon, Alibaba And Peloton In Focus",2019-09-21,FL
"Amazon, Alibaba And Peloton In Focus (Stocks To Watch Podcast)",2019-09-22,FLR
"Stocks To Watch: Amazon, Alibaba And Peloton In Focus",2019-09-21,FLR
"ViacomCBS, Amazon's AWS Event And Conference Blitz (Stocks To Watch Podcast)",2019-12-01,FMC
"Stocks To Watch: ViacomCBS, Amazon's AWS Event And Conference Blitz",2019-11-30,FMC
"Amazon, Alibaba And Peloton In Focus (Stocks To Watch Podcast)",2019-09-22,FNSR
"Stocks To Watch: Amazon, Alibaba And Peloton In Focus",2019-09-21,FNSR
"Amazon, Alibaba And Peloton In Focus (Stocks To Watch Podcast)",2019-09-22,FOSL
"Stocks To Watch: Amazon, Alibaba And Peloton In Focus",2019-09-21,FOSL
Mint Tower Capital Management B.V. Buys Amazon. ...,2019-11-20,FOXA
Mint Tower Capital Management B.V. Buys Amazon. ...,2019-11-14,FOXA
"Amazon, Alibaba And Peloton In Focus (Stocks To Watch Podcast)",2019-09-22,FOXA
"Stocks To Watch: Amazon, Alibaba And Peloton In Focus",2019-09-21,FOXA
"Eaton Vance Management Buys Steel Dynamics Inc, Eaton Corp PLC, iHeartMedia Inc, Sells Amazon. ...",2019-11-15,FPE
"Ontario Teachers Pension Plan Board Buys Salesforce.com Inc, Mastercard Inc, Amazon. ...",2019-11-18,FRC
"Ontario Teachers Pension Plan Board Buys Salesforce.com Inc, Mastercard Inc, Amazon. ...",2019-11-08,FRC
Gearing Up for Holiday Season: Amazon Versus Walmart ETFs,2019-11-19,FSTA
CyberArk (CYBR) Facilitates AWS Customers' Cloud Tansition,2019-12-10,FTNT
Fortinet Further Expands Integration of its Dynamic Cloud Security Solutions with New Amazon ...,2019-12-03,FTNT
"ViacomCBS, Amazon's AWS Event And Conference Blitz (Stocks To Watch Podcast)",2019-12-01,FTNT
"Stocks To Watch: ViacomCBS, Amazon's AWS Event And Conference Blitz",2019-11-30,FTNT
"Interactive, Barclays, Amazon, Disney and Fortinet highlighted as Zacks Bull and Bear of the Day",2019-08-07,FTNT
"Currency War, Amazon Dips, TTWO Climbs, Disney Earnings & Why Fortinet (FTNT) Stock is a Strong Buy | Free Lunch",2019-08-06,FTNT
"Futures Tread Water After ""Super Thursday's"" Amazon Collapse As Traders Look For New Clues",2019-10-25,FXF
"Amazon, Alibaba And Peloton In Focus (Stocks To Watch Podcast)",2019-09-22,G
"Stocks To Watch: Amazon, Alibaba And Peloton In Focus",2019-09-21,G
"NVIDIA, Greenbrier, Uber, Amazon and Apple highlighted as Zacks Bull and Bear of the Day",2019-11-26,GBX
"ViacomCBS, Amazon's AWS Event And Conference Blitz (Stocks To Watch Podcast)",2019-12-01,GCO
"Stocks To Watch: ViacomCBS, Amazon's AWS Event And Conference Blitz",2019-11-30,GCO
"ViacomCBS, Amazon's AWS Event And Conference Blitz (Stocks To Watch Podcast)",2019-12-01,GGG
"Stocks To Watch: ViacomCBS, Amazon's AWS Event And Conference Blitz",2019-11-30,GGG
Leuthold Weeden Capital Management Buys Amazon. ...,2019-11-14,GILD
"Callaway Golf, FedEx, Amazon, Intel and Gilead highlighted as Zacks Bull and Bear of the Day",2019-10-25,GILD
"Q3 Earnings Frenzy: Amazon (AMZN), Intel (INTC) & More",2019-10-24,GILD
"ViacomCBS, Amazon's AWS Event And Conference Blitz (Stocks To Watch Podcast)",2019-12-01,GLYC
"Stocks To Watch: ViacomCBS, Amazon's AWS Event And Conference Blitz",2019-11-30,GLYC
Amazon Should Repurpose GameStop To Prime Stores,2019-08-07,GME
"Amazon, Alibaba And Peloton In Focus (Stocks To Watch Podcast)",2019-09-22,GNC
"Stocks To Watch: Amazon, Alibaba And Peloton In Focus",2019-09-21,GNC
"Front Row Advisors LLC Buys AT&T Inc, Comcast Corp, Amazon. ...",2019-11-08,GOLD
"Amazon, Alibaba And Peloton In Focus (Stocks To Watch Podcast)",2019-09-22,GPK
"Stocks To Watch: Amazon, Alibaba And Peloton In Focus",2019-09-21,GPK
"Royal London Asset Management Ltd Buys Apple Inc, Amazon. ...",2019-11-12,GPN
"The Policy Market - Ethanol, E-Cigs, Amazon In The News",2019-08-30,GPRE
"The Zacks Analyst Blog Highlights: Amazon, Walmart, Macy's, Gap and Target",2019-10-18,GPS
"The Zacks Analyst Blog Highlights: Amazon, Target, Gap, Michaels and Kohl???s",2019-10-01,GPS
"Amazon, Alibaba And Peloton In Focus (Stocks To Watch Podcast)",2019-09-22,GPS
"Stocks To Watch: Amazon, Alibaba And Peloton In Focus",2019-09-21,GPS
Apparel chains in harm's way from Amazon shopping initiative,2019-07-30,GPS
"Garmin, Harley-Davidson, Uber, Lyft and Amazon highlighted as Zacks Bull and Bear of the Day",2019-08-05,GRMN
"The Zacks Analyst Blog Highlights: Alibaba, Amazon, JD.com, eBay and Groupon",2019-10-30,GRPN
"GRUB prime for Amazon takeover, says bull; shares +3%",2019-07-29,GRUB
"Amazon, Alibaba And Peloton In Focus (Stocks To Watch Podcast)",2019-09-22,GWRE
"Stocks To Watch: Amazon, Alibaba And Peloton In Focus",2019-09-21,GWRE
"Amazon, Alibaba And Peloton In Focus (Stocks To Watch Podcast)",2019-09-22,HAS
"Stocks To Watch: Amazon, Alibaba And Peloton In Focus",2019-09-21,HAS
Amazon Reports 'Record-Breaking' Holiday Season With 'Billions Of Items' Ordered,2019-12-26,HBI
"Applied Materials, Warrior Met Coal, Alibaba and Amazon highlighted as Zacks Bull and Bear of the Day",2019-11-21,HCC
"United Bank Buys iShares Global Infrastructure ETF, Amazon. ...",2019-11-08,HD
Dow Jones Giant Walmart Leads Retailers Taking Back E-Commerce Ground From Amazon,2019-09-26,HD
Prologis' Seattle Multi-Story Warehouse Gets Amazon as Tenant,2019-09-12,HD
"Amazon, Home Depot lease multistory Seattle warehouse",2019-09-10,HD
River & Mercantile Asset Management Llp Buys Amazon. ...,2019-08-27,HD
"Nomura Holdings Inc Buys HP Inc, Amazon.com Inc, BP PLC, Sells SPDR S&P 5…… ETF Trust, ...",2019-08-23,HD
"Mcdaniel Terry & Co Buys Alcon Inc, Amazon. ...",2019-08-12,HD
"ViacomCBS, Amazon's AWS Event And Conference Blitz (Stocks To Watch Podcast)",2019-12-01,HI
"Stocks To Watch: ViacomCBS, Amazon's AWS Event And Conference Blitz",2019-11-30,HI
"ViacomCBS, Amazon's AWS Event And Conference Blitz (Stocks To Watch Podcast)",2019-12-01,HMC
"Stocks To Watch: ViacomCBS, Amazon's AWS Event And Conference Blitz",2019-11-30,HMC
"Amazon, Alibaba And Peloton In Focus (Stocks To Watch Podcast)",2019-09-22,HMC
"Stocks To Watch: Amazon, Alibaba And Peloton In Focus",2019-09-21,HMC
"Garmin, Harley-Davidson, Uber, Lyft and Amazon highlighted as Zacks Bull and Bear of the Day",2019-08-05,HOG
"Nomura Holdings Inc Buys Aramark, AT&T Inc, Emerson Electric Co, Sells Amazon. ...",2019-12-12,HPQ
"ViacomCBS, Amazon's AWS Event And Conference Blitz (Stocks To Watch Podcast)",2019-12-01,HPQ
"Stocks To Watch: ViacomCBS, Amazon's AWS Event And Conference Blitz",2019-11-30,HPQ
"Nomura Holdings Inc Buys HP Inc, Amazon.com Inc, BP PLC, Sells SPDR S&P 5…… ETF Trust, ...",2019-08-23,HPQ
"After 153% Run, Amazon Partner HubSpot Stock Is Eyeing New Breakout",2019-07-26,HUBS
"PARUS FINANCE (UK) Ltd Buys The Walt Disney Co, Humana Inc, Amazon. ...",2019-08-16,HUM
"Cutler Group LP Buys Amazon.com Inc, PowerShares QQQ Trust Ser –, VanEck Vectors Gold Miners ...",2019-08-09,HYG
"ViacomCBS, Amazon's AWS Event And Conference Blitz (Stocks To Watch Podcast)",2019-12-01,IART
"Stocks To Watch: ViacomCBS, Amazon's AWS Event And Conference Blitz",2019-11-30,IART
"Amazon, Alibaba And Peloton In Focus (Stocks To Watch Podcast)",2019-09-22,IBOC
"Stocks To Watch: Amazon, Alibaba And Peloton In Focus",2019-09-21,IBOC
"Somerville Kurt F Buys Becton, Dickinson and Co, Amazon. ...",2019-07-24,IDXX
"Alecta Pensionsforsakring, Omsesidigt Buys Amazon. ...",2019-07-30,IFF
"United Bank Buys iShares Global Infrastructure ETF, Amazon. ...",2019-11-08,IGF
"Amazon, Alibaba And Peloton In Focus (Stocks To Watch Podcast)",2019-09-22,IIVI
"Stocks To Watch: Amazon, Alibaba And Peloton In Focus",2019-09-21,IIVI
"Headinvest, Llc Buys iShares MSCI KLD 4…… Social ETF, Apple Inc, Amazon. ...",2019-11-21,IJH
Dow Jones Futures: Amazon Dives On Earnings; This Dow Giant Signals Breakout,2019-10-24,ILMN
"Front Row Advisors LLC Buys AT&T Inc, Comcast Corp, Amazon. ...",2019-11-08,IMOS
Wall Street Breakfast: Amazon Headlines Another Busy Earnings Day,2019-10-24,INFY
"ViacomCBS, Amazon's AWS Event And Conference Blitz (Stocks To Watch Podcast)",2019-12-01,INO
"Stocks To Watch: ViacomCBS, Amazon's AWS Event And Conference Blitz",2019-11-30,INO
Amazon AMZN Leads Tech to New Highs. What Stocks Joined Them?,2019-12-26,INTC
"Amazon Roundup: Government, re:Invent Conference, India, Other",2019-12-13,INTC
Amazon's Graviton2 CPU Highlights Arm Presence In Cloud Compute,2019-12-11,INTC
Amazon Steps Up The Processor Wars,2019-12-09,INTC
Intel's And Nvidia's Margin Is Amazon's Opportunity,2019-12-05,INTC
Amazon (AMZN) to Release New Server Chip: Will it Hurt Intel?,2019-12-04,INTC
"Amazon's Graviton2 CPU: This Time, It's For Real",2019-12-03,INTC
Amazon unveils Graviton2 processor,2019-12-03,INTC
"ViacomCBS, Amazon's AWS Event And Conference Blitz (Stocks To Watch Podcast)",2019-12-01,INTC
"Stocks To Watch: ViacomCBS, Amazon's AWS Event And Conference Blitz",2019-11-30,INTC
"AWS chips target AMD, INTC - Wells Fargo",2019-11-29,INTC
AWS pours cash into custom silicon,2019-11-28,INTC
"Melt-Up Alert: Amazon Rises, Intel Hurts Dell, HP But Helps AMD, And Deere Likely Phase One Winner",2019-11-27,INTC
"The Zacks Analyst Blog Highlights: Alphabet, Amazon, Microsoft, Apple and Intel",2019-10-28,INTC
Mighty Amazon Is Falling; Let's See How Far. Also Some Chips Are Chipper Because Of IT And Datacom,2019-10-25,INTC
"Callaway Golf, FedEx, Amazon, Intel and Gilead highlighted as Zacks Bull and Bear of the Day",2019-10-25,INTC
"Dow Jones Rises, Helped By Bullish Intel Breakout; Nasdaq Unfazed By Amazon Weakness",2019-10-25,INTC
"Dow Jones Today: Verizon, Intel Climb; Amazon Hits Nasdaq, Boeing Drags On Dow",2019-10-25,INTC
Dow Jones Futures: Amazon Dives On Earnings; This Dow Giant Signals Breakout,2019-10-24,INTC
"Q3 Earnings Frenzy: Amazon (AMZN), Intel (INTC) & More",2019-10-24,INTC
Accidental Amazon,2019-10-24,INTC
Wall Street Breakfast: Amazon Headlines Another Busy Earnings Day,2019-10-24,INTC
"Amazon, Intel, Twitter Lead Thursday Earnings: Investing Action Plan",2019-10-23,INTC
"Tesla, Amazon, Boeing, Intel Lead Big Earnings Week: Investing Action Plan",2019-10-18,INTC
"Amazon Roundup: Hardware Event, Amazon Care, Music, Alexa, Partnerships, Acquisitions, Climate Change",2019-10-01,INTC
"The Zacks Analyst Blog Highlights: Amazon, Alphabet, Intel, Apple and Starbucks",2019-07-26,INTC
"Draghi Clears The Way For The Fed To Cut, But Can't Save Amazon",2019-07-26,INTC
"Dow Jones Futures: Amazon, Google Lead Big Movers As Earnings Drive Stock Market Rally",2019-07-25,INTC
"Knockout Q2 for Intel, GOOGL; Amazon Posts Miss",2019-07-25,INTC
"FANG Stocks Amazon, Alphabet To Report Amid Probe: Investing Action Plan",2019-07-24,INTC
"Veritas Investment Management LLP Buys Visa Inc, Intuit Inc, Amazon. ...",2019-11-05,INTU
"ViacomCBS, Amazon's AWS Event And Conference Blitz (Stocks To Watch Podcast)",2019-12-01,IP
"Stocks To Watch: ViacomCBS, Amazon's AWS Event And Conference Blitz",2019-11-30,IP
"Dempze Nancy E Buys Becton, Dickinson and Co, Amazon. ...",2019-07-24,IPGP
Amazon Reports 'Record-Breaking' Holiday Season With 'Billions Of Items' Ordered,2019-12-26,IRBT
"The Zacks Analyst Blog Highlights: NVIDIA, Alphabet, Teradyne, iRobot and Amazon",2019-12-20,IRBT
"ViacomCBS, Amazon's AWS Event And Conference Blitz (Stocks To Watch Podcast)",2019-12-01,IRBT
"Stocks To Watch: ViacomCBS, Amazon's AWS Event And Conference Blitz",2019-11-30,IRBT
"Ruggie Capital Group Buys SPDR Barclays Short Term Treasury ETF, Amazon. ...",2019-11-06,ITA
Amazon Workers in Germany Continue Strikes for Better Pay,2019-12-18,ITRI
"Amazon (AMZN) to Open 2nd Facility in Mississippi, Add Jobs",2019-11-19,ITRI
"Amazon (AMZN) to Open New Facility in Channahon, Add Jobs",2019-10-14,ITRI
"Amazon Expands Tech Hub in Chicago, 400 New Jobs in Focus",2019-09-17,ITRI
"Amazon Brings Music Service to Brazil, Boosts Global Presence",2019-09-16,ITRI
"Amazon's Texas Air Hub to be Operational Soon, Create Jobs",2019-09-16,ITRI
Amazon Expands in Brazil With Prime Subscription Service,2019-09-10,ITRI
Will Cargojet Deal Help Amazon (AMZN) in the Delivery Race?,2019-08-27,ITRI
"Aviance Capital Partners, LLC Buys Alibaba Group Holding, Amazon. ...",2019-08-13,IVZ
"Callan Capital, LLC Buys iShares Russell –……… ETF, Sells Amazon. ...",2019-11-15,IWB
"Campbell Wealth Management Buys iShares Russell –……… ETF, NextEra Energy Inc, Amazon. ...",2019-10-07,IWB
Gearing Up for Holiday Season: Amazon Versus Walmart ETFs,2019-11-19,IYC
Should You Buy Amazon ETFs Ahead of Q3 Earnings?,2019-10-22,IYC
"Amazon, Alibaba And Peloton In Focus (Stocks To Watch Podcast)",2019-09-22,JAZZ
"Stocks To Watch: Amazon, Alibaba And Peloton In Focus",2019-09-21,JAZZ
"The Zacks Analyst Blog Highlights: Amazon, Microsoft, eBay, Alibaba and JD.com",2019-12-06,JD
Alibaba's Hong Kong Listing Benefits; Amazon-Pinduoduo Intriguing Partnership; Trip.Com Booming International Business,2019-12-03,JD
"ViacomCBS, Amazon's AWS Event And Conference Blitz (Stocks To Watch Podcast)",2019-12-01,JD
"Stocks To Watch: ViacomCBS, Amazon's AWS Event And Conference Blitz",2019-11-30,JD
Amazon to Boost Presence in China Via New Store on Pinduoduo,2019-11-26,JD
"Nokota Management, LP Buys Amazon.com Inc, Advanced Micro Devices Inc, Philip Morris ...",2019-11-14,JD
"Natixis Buys Pfizer Inc, JD.com Inc, Merck Inc, Sells Amazon. ...",2019-08-13,JD
"Ruane, Cunniff & Goldfarb Trims Mastercard, Amazon",2019-11-15,JEC
Amazon AMZN Leads Tech to New Highs. What Stocks Joined Them?,2019-12-26,JPM
Amazon (AMZN) Eyes Healthcare Market and Expands Tech Portfolio at Annual Event (Revised),2019-10-03,JPM
Amazon (AMZN) Eyes Healthcare Market and Expands Tech Portfolio at Annual Event,2019-09-26,JPM
"Capital International Inc Buys Amazon.com Inc, Facebook Inc, Microsoft Corp, Sells ...",2019-08-21,JPM
"Clough Capital Partners L P Buys Microsoft Corp, Wayfair Inc, JPMorgan Chase, Sells Amazon. ...",2019-08-15,JPM
"Cutler Group LP Buys Amazon.com Inc, PowerShares QQQ Trust Ser –, VanEck Vectors Gold Miners ...",2019-08-09,JPM
"JMG Financial Group, Ltd. Buys Schwab U.S. Large-Cap ETF, Amazon. ...",2019-08-02,JPM
"Mount Vernon Associates Inc Buys Apple Inc, Amazon. ...",2019-07-25,JPM
Wall Street Breakfast: Amazon Headlines Another Busy Earnings Day,2019-10-24,JWN
"The Zacks Analyst Blog Highlights: Macy's, Wal-Mart, Nordstrom, Kohl's and Amazon",2019-08-16,JWN
Apparel chains in harm's way from Amazon shopping initiative,2019-07-30,JWN
"SG' Management, LLC Buys Amazon.com Inc, PayPal Holdings Inc, Sleep Number Corp, Sells ...",2019-11-13,K
"Amazon, Alibaba And Peloton In Focus (Stocks To Watch Podcast)",2019-09-22,KBH
"Stocks To Watch: Amazon, Alibaba And Peloton In Focus",2019-09-21,KBH
"Melt-Up Alert: Alphabet, Amazon, And Microsoft Continue To Break Out Or Are Going To Old Highs; VIX Is A Worry",2019-11-06,KMI
"Ruane, Cunniff & Goldfarb Trims Mastercard, Amazon",2019-11-15,KMX
"Amazon, Alibaba And Peloton In Focus (Stocks To Watch Podcast)",2019-09-22,KMX
"Stocks To Watch: Amazon, Alibaba And Peloton In Focus",2019-09-21,KMX
Kroger (KR) to Report Q3 Earnings as Amazon Guns for Supermarket Space,2019-12-04,KR
"ViacomCBS, Amazon's AWS Event And Conference Blitz (Stocks To Watch Podcast)",2019-12-01,KR
"Stocks To Watch: ViacomCBS, Amazon's AWS Event And Conference Blitz",2019-11-30,KR
Amazon Gains Pricing Advantage Over Walmart And Target During Black Friday Shopping Season,2019-11-26,KR
Amazon Ups Retail Game With Cashierless Supermarket Plans,2019-11-21,KR
Amazon pushes forward with new grocery brand,2019-11-11,KR
Grocery store stocks quiver on free Amazon Fresh development,2019-10-29,KR
Dow Jones Giant Walmart Leads Retailers Taking Back E-Commerce Ground From Amazon,2019-09-26,KR
Amazon (AMZN) Ups Delivery Game With Expanding Pilot Project,2019-09-24,KR
Amazon Reportedly Testing Hand Scanning Payment System in Hopes of Driving Sales,2019-09-04,KR
Better Buy Amid Market Volatility: Amazon (AMZN) vs. Walmart (WMT) Stock,2019-08-20,KR
"Amazon Gears Up for Holiday Season, to Hire Seasonal Workers",2019-11-29,KSS
"Amazon to double holiday hires to 200,000",2019-11-27,KSS
Walmart Proves It Can Compete on Amazon's Turf,2019-11-22,KSS
"The Zacks Analyst Blog Highlights: Amazon, Boeing, Micron, National Oilwell Varco and Kohl's",2019-10-31,KSS
"The Zacks Analyst Blog Highlights: Amazon, Target, Gap, Michaels and Kohl???s",2019-10-01,KSS
"The Zacks Analyst Blog Highlights: Macy's, Wal-Mart, Nordstrom, Kohl's and Amazon",2019-08-16,KSS
Alibaba's Hong Kong Listing Benefits; Amazon-Pinduoduo Intriguing Partnership; Trip.Com Booming International Business,2019-12-03,KWEB
"Stockbridge Partners LLC Buys Amazon.com Inc, Liberty Broadband Corp, Sells Charter ...",2019-11-14,LBRDK
Mint Tower Capital Management B.V. Buys Amazon. ...,2019-11-20,LEN.B
Mint Tower Capital Management B.V. Buys Amazon. ...,2019-11-14,LEN.B
Should Teladoc Worry About Amazon's Virtual Healthcare Move?,2019-09-26,LHCG
"Amazon, Alibaba And Peloton In Focus (Stocks To Watch Podcast)",2019-09-22,LLNW
"Stocks To Watch: Amazon, Alibaba And Peloton In Focus",2019-09-21,LLNW
"ViacomCBS, Amazon's AWS Event And Conference Blitz (Stocks To Watch Podcast)",2019-12-01,LMNX
"Stocks To Watch: ViacomCBS, Amazon's AWS Event And Conference Blitz",2019-11-30,LMNX
"Cape Ann Savings Bank Buys Alphabet Inc, Amazon. ...",2019-11-15,LOW
"Amazon, Alibaba And Peloton In Focus (Stocks To Watch Podcast)",2019-09-22,LOW
"Stocks To Watch: Amazon, Alibaba And Peloton In Focus",2019-09-21,LOW
"ViacomCBS, Amazon's AWS Event And Conference Blitz (Stocks To Watch Podcast)",2019-12-01,LYB
"Stocks To Watch: ViacomCBS, Amazon's AWS Event And Conference Blitz",2019-11-30,LYB
"Amazon, Alibaba And Peloton In Focus (Stocks To Watch Podcast)",2019-09-22,LYB
"Stocks To Watch: Amazon, Alibaba And Peloton In Focus",2019-09-21,LYB
"ViacomCBS, Amazon's AWS Event And Conference Blitz (Stocks To Watch Podcast)",2019-12-01,MAA
"Stocks To Watch: ViacomCBS, Amazon's AWS Event And Conference Blitz",2019-11-30,MAA
"Amazon, Alibaba And Peloton In Focus (Stocks To Watch Podcast)",2019-09-22,MCC
"Stocks To Watch: Amazon, Alibaba And Peloton In Focus",2019-09-21,MCC
"Amazon, Alibaba And Peloton In Focus (Stocks To Watch Podcast)",2019-09-22,MCK
"Stocks To Watch: Amazon, Alibaba And Peloton In Focus",2019-09-21,MCK
"RBF Capital, LLC Buys Cornerstone Building Brands Inc, Alibaba Group Holding, Amazon. ...",2019-08-13,MDLZ
"Amazon, Alibaba And Peloton In Focus (Stocks To Watch Podcast)",2019-09-22,MDT
"Stocks To Watch: Amazon, Alibaba And Peloton In Focus",2019-09-21,MDT
"Jackson Wealth Management, LLC Buys Vanguard Mega Cap Growth ETF, Amazon. ...",2019-11-11,MGK
"Investors Can Own Microsoft, Amazon, Other Big Techs With This Growth ETF",2019-11-07,MGK
"Jackson Wealth Management, LLC Buys Vanguard Mega Cap Growth ETF, Amazon. ...",2019-11-07,MGK
"The Zacks Analyst Blog Highlights: Amazon, Target, Gap, Michaels and Kohl???s",2019-10-01,MIK
"Royal London Asset Management Ltd Buys Apple Inc, Amazon. ...",2019-11-12,MKC
"Melt-Up Alert: Amazon Rises, Intel Hurts Dell, HP But Helps AMD, And Deere Likely Phase One Winner",2019-11-27,MLM
"United Bank Buys iShares Global Infrastructure ETF, Amazon. ...",2019-11-08,MMC
Alibaba's Hong Kong Listing Benefits; Amazon-Pinduoduo Intriguing Partnership; Trip.Com Booming International Business,2019-12-03,MMYT
"Amazon, Alibaba And Peloton In Focus (Stocks To Watch Podcast)",2019-09-22,MNK
"Stocks To Watch: Amazon, Alibaba And Peloton In Focus",2019-09-21,MNK
"ViacomCBS, Amazon's AWS Event And Conference Blitz (Stocks To Watch Podcast)",2019-12-01,MNKD
"Stocks To Watch: ViacomCBS, Amazon's AWS Event And Conference Blitz",2019-11-30,MNKD
"Top Analyst Reports: Amazon, Merck, PepsiCo & More",2019-09-02,MNST
"ViacomCBS, Amazon's AWS Event And Conference Blitz (Stocks To Watch Podcast)",2019-12-01,MOS
"Stocks To Watch: ViacomCBS, Amazon's AWS Event And Conference Blitz",2019-11-30,MOS
"PEAK6 Investments LLC Buys Boeing Co, Shopify Inc, Alibaba Group Holding, Sells Amazon. ...",2019-11-08,MPC
"Cortland Associates Inc Buys Marathon Petroleum Corp, ECN Capital Corp, Sells Amazon. ...",2019-11-07,MPC
"ViacomCBS, Amazon's AWS Event And Conference Blitz (Stocks To Watch Podcast)",2019-12-01,MRCY
"Stocks To Watch: ViacomCBS, Amazon's AWS Event And Conference Blitz",2019-11-30,MRCY
"ViacomCBS, Amazon's AWS Event And Conference Blitz (Stocks To Watch Podcast)",2019-12-01,MRVL
"Stocks To Watch: ViacomCBS, Amazon's AWS Event And Conference Blitz",2019-11-30,MRVL
"ViacomCBS, Amazon's AWS Event And Conference Blitz (Stocks To Watch Podcast)",2019-12-01,MSC
"Stocks To Watch: ViacomCBS, Amazon's AWS Event And Conference Blitz",2019-11-30,MSC
"Nokota Management, LP Buys Amazon.com Inc, Advanced Micro Devices Inc, Philip Morris ...",2019-11-14,MSG
"Tiger Eye Capital LLC Buys Upland Software Inc, Waste Management Inc, Amazon. ...",2019-08-20,MSG
"Ontario Teachers Pension Plan Board Buys Salesforce.com Inc, Mastercard Inc, Amazon. ...",2019-11-18,MTD
"Ontario Teachers Pension Plan Board Buys Salesforce.com Inc, Mastercard Inc, Amazon. ...",2019-11-08,MTD
"Amazon (AMZN) Q2 Earnings Miss Estimates, Revenues Beat",2019-07-26,MTD
Amazon Workers in Germany Continue Strikes for Better Pay,2019-12-18,MTSI
"Amazon Expands Tech Hub in Chicago, 400 New Jobs in Focus",2019-09-17,MTSI
"Amazon Brings Music Service to Brazil, Boosts Global Presence",2019-09-16,MTSI
"Amazon's Texas Air Hub to be Operational Soon, Create Jobs",2019-09-16,MTSI
Amazon Expands in Brazil With Prime Subscription Service,2019-09-10,MTSI
"Jackson Wealth Management, LLC Buys Vanguard Mega Cap Growth ETF, Amazon. ...",2019-11-11,MTUM
"Jackson Wealth Management, LLC Buys Vanguard Mega Cap Growth ETF, Amazon. ...",2019-11-07,MTUM
"Banco Santander, S.A. Buys Alibaba Group Holding, Biogen Inc, Starbucks Corp, Sells Amazon. ...",2019-11-06,MYL
"Amazon, Alibaba And Peloton In Focus (Stocks To Watch Podcast)",2019-09-22,MYL
"Stocks To Watch: Amazon, Alibaba And Peloton In Focus",2019-09-21,MYL
"PDT Partners, LLC Buys AbbVie Inc, Cognex Corp, TransUnion, Sells Amazon. ...",2019-08-20,MYL
NovaBay launches NovaWipes eyelid wipes on Amazon.com; shares up 22% premarket,2019-12-02,NBY
NovaBay launches NovaSight daily vitamin on Amazon.com; shares up 21% premarket,2019-11-18,NBY
"Towercrest Capital Management Buys Adaptive Biotechnologies Corp, Sells Amazon. ...",2019-11-13,NEE
"Campbell Wealth Management Buys iShares Russell –……… ETF, NextEra Energy Inc, Amazon. ...",2019-10-07,NEE
"The Zacks Analyst Blog Highlights: Amazon, Boeing, NextEra, Schwab and Fiserv",2019-07-31,NEE
"Top Analyst Reports for Amazon, Boeing & NextEra",2019-07-30,NEE
"Capital Markets Trading UK LLP Buys Tesla Inc, Wells Fargo, Amazon. ...",2019-11-14,NEM
"Amazon, Alibaba And Peloton In Focus (Stocks To Watch Podcast)",2019-09-22,NIO
"Stocks To Watch: Amazon, Alibaba And Peloton In Focus",2019-09-21,NIO
"The Zacks Analyst Blog Highlights: Amazon, Boeing, Micron, National Oilwell Varco and Kohl's",2019-10-31,NOV
"Melt-Up Alert: Amazon Rises, Intel Hurts Dell, HP But Helps AMD, And Deere Likely Phase One Winner",2019-11-27,NOW
Wall Street Breakfast: Amazon Headlines Another Busy Earnings Day,2019-10-24,NOW
"Microsoft Azure And Amazon AWS Results Will Inform Us On Tech Rally, Boeing Is Still A Buy",2019-10-21,NOW
"Capital International Inc Buys Amazon.com Inc, Facebook Inc, Microsoft Corp, Sells ...",2019-08-21,NOW
"Top Analyst Reports for Amazon, Boeing & NextEra",2019-07-30,NOW
"Stock Market Thrashed Again As Growth Concerns Mount; Apple, Amazon, Facebook Fall 2%",2019-08-02,NTAP
Alibaba's Hong Kong Listing Benefits; Amazon-Pinduoduo Intriguing Partnership; Trip.Com Booming International Business,2019-12-03,NTES
"NetEase, Autodesk and Amazon highlighted as Zacks Bull and Bear of the Day",2019-09-11,NTES
"ViacomCBS, Amazon's AWS Event And Conference Blitz (Stocks To Watch Podcast)",2019-12-01,NUVA
"Stocks To Watch: ViacomCBS, Amazon's AWS Event And Conference Blitz",2019-11-30,NUVA
"ViacomCBS, Amazon's AWS Event And Conference Blitz (Stocks To Watch Podcast)",2019-12-01,OC
"Stocks To Watch: ViacomCBS, Amazon's AWS Event And Conference Blitz",2019-11-30,OC
"ViacomCBS, Amazon's AWS Event And Conference Blitz (Stocks To Watch Podcast)",2019-12-01,OCUL
"Stocks To Watch: ViacomCBS, Amazon's AWS Event And Conference Blitz",2019-11-30,OCUL
"Amazon, Alibaba And Peloton In Focus (Stocks To Watch Podcast)",2019-09-22,OGE
"Stocks To Watch: Amazon, Alibaba And Peloton In Focus",2019-09-21,OGE
"Stock Market Hits More Record Highs; Amazon, Apple, Netflix, Tesla Are Key Movers",2019-12-27,OLED
"Sturgeon Ventures LLP Buys Amazon.com Inc, Align Technology Inc, AMETEK Inc, Sells Boeing Co, ...",2019-08-07,OMCL
"ViacomCBS, Amazon's AWS Event And Conference Blitz (Stocks To Watch Podcast)",2019-12-01,OPK
"Stocks To Watch: ViacomCBS, Amazon's AWS Event And Conference Blitz",2019-11-30,OPK
Wall Street Breakfast: Amazon Headlines Another Busy Earnings Day,2019-10-24,ORLY
"ViacomCBS, Amazon's AWS Event And Conference Blitz (Stocks To Watch Podcast)",2019-12-01,OSUR
"Stocks To Watch: ViacomCBS, Amazon's AWS Event And Conference Blitz",2019-11-30,OSUR
"ViacomCBS, Amazon's AWS Event And Conference Blitz (Stocks To Watch Podcast)",2019-12-01,OXY
"Stocks To Watch: ViacomCBS, Amazon's AWS Event And Conference Blitz",2019-11-30,OXY
"ViacomCBS, Amazon's AWS Event And Conference Blitz (Stocks To Watch Podcast)",2019-12-01,PANW
"Stocks To Watch: ViacomCBS, Amazon's AWS Event And Conference Blitz",2019-11-30,PANW
"Amazon, Alibaba And Peloton In Focus (Stocks To Watch Podcast)",2019-09-22,PATK
"Stocks To Watch: Amazon, Alibaba And Peloton In Focus",2019-09-21,PATK
"Nokota Management, LP Buys Amazon.com Inc, Advanced Micro Devices Inc, Philip Morris ...",2019-11-14,PCG
Wall Street Breakfast: Amazon Headlines Another Busy Earnings Day,2019-10-24,PCG
"ViacomCBS, Amazon's AWS Event And Conference Blitz (Stocks To Watch Podcast)",2019-12-01,PCRX
"Stocks To Watch: ViacomCBS, Amazon's AWS Event And Conference Blitz",2019-11-30,PCRX
"The Policy Market - Ethanol, E-Cigs, Amazon In The News",2019-08-30,PEIX
"Dow Jones Rises, Helped By Bullish Intel Breakout; Nasdaq Unfazed By Amazon Weakness",2019-10-25,PFPT
"Cortland Associates Inc Buys Marathon Petroleum Corp, ECN Capital Corp, Sells Amazon. ...",2019-11-07,PGR
"ViacomCBS, Amazon's AWS Event And Conference Blitz (Stocks To Watch Podcast)",2019-12-01,PNM
"Stocks To Watch: ViacomCBS, Amazon's AWS Event And Conference Blitz",2019-11-30,PNM
"Clough Capital Partners L P Buys Microsoft Corp, Wayfair Inc, JPMorgan Chase, Sells Amazon. ...",2019-08-15,POOL
"First Commonwealth Financial Corp Buys PPG Industries Inc, UnitedHealth Group Inc, Amazon. ...",2019-08-21,PPG
"SG' Management, LLC Buys Amazon.com Inc, PayPal Holdings Inc, Sleep Number Corp, Sells ...",2019-11-13,PPL
Ribbon Partners Amazon Web Services for Better Call Analytics,2019-12-17,PRFT
"AI Leader, Amazon Partner Eyes Breakout",2019-10-25,PRFT
"Amazon, Alibaba And Peloton In Focus (Stocks To Watch Podcast)",2019-09-22,PRGS
"Stocks To Watch: Amazon, Alibaba And Peloton In Focus",2019-09-21,PRGS
"Aviance Capital Partners, LLC Buys Alibaba Group Holding, Amazon. ...",2019-08-13,PRU
"Sturgeon Ventures LLP Buys Amazon.com Inc, Align Technology Inc, AMETEK Inc, Sells Boeing Co, ...",2019-08-07,PTC
"The Zacks Analyst Blog Highlights: Alphabet, Amazon, Johnson & Johnson, Boeing and PetroChina",2019-11-19,PTR
"Top Analyst Reports for Alphabet, Amazon & Johnson & Johnson",2019-11-18,PTR
"Front Row Advisors LLC Buys AT&T Inc, Comcast Corp, Amazon. ...",2019-11-08,PUK
"ViacomCBS, Amazon's AWS Event And Conference Blitz (Stocks To Watch Podcast)",2019-12-01,PWR
"Stocks To Watch: ViacomCBS, Amazon's AWS Event And Conference Blitz",2019-11-30,PWR
Mighty Amazon Is Falling; Let's See How Far. Also Some Chips Are Chipper Because Of IT And Datacom,2019-10-25,QRVO
"Amazon, Alibaba And Peloton In Focus (Stocks To Watch Podcast)",2019-09-22,RAD
"Stocks To Watch: Amazon, Alibaba And Peloton In Focus",2019-09-21,RAD
"ViacomCBS, Amazon's AWS Event And Conference Blitz (Stocks To Watch Podcast)",2019-12-01,RARE
"Stocks To Watch: ViacomCBS, Amazon's AWS Event And Conference Blitz",2019-11-30,RARE
"Beck Mack & Oliver Llc Buys Blackstone Group Inc, RadNet Inc, Amazon. ...",2019-08-13,RDNT
"Amazon, Alibaba And Peloton In Focus (Stocks To Watch Podcast)",2019-09-22,RDS.A
"The Policy Market - Ethanol, E-Cigs, Amazon In The News",2019-08-30,REGI
"Natixis Buys Pfizer Inc, JD.com Inc, Merck Inc, Sells Amazon. ...",2019-08-13,RHT
"Dillon & Associates Inc Buys Amazon.com Inc, Rockwell Medical Inc, Sells Celgene Corp, ...",2019-10-25,RMTI
"Salesforce, Amazon taking on RingCentral",2019-11-19,RNG
"Selz Capital LLC Buys Amazon.com Inc, Mastercard Inc, Sinclair Broadcast Group Inc, Sells Check ...",2019-10-11,RNG
Wall Street Breakfast: Amazon Headlines Another Busy Earnings Day,2019-10-24,RRC
Amazon Adds G4 Instances to Machine Learning Cloud Offerings,2019-09-23,RST
ETFs to Tap on Amazon's Record Holiday Sales,2019-12-30,RTH
Gearing Up for Holiday Season: Amazon Versus Walmart ETFs,2019-11-19,RTH
Should You Buy Amazon ETFs Ahead of Q3 Earnings?,2019-10-22,RTH
Amazon Q2 Earnings Miss Put These ETFs in Focus,2019-07-26,RTH
Should You Buy Amazon ETFs Ahead of Q3 Earnings?,2019-10-22,RXI
"ViacomCBS, Amazon's AWS Event And Conference Blitz (Stocks To Watch Podcast)",2019-12-01,S
"Stocks To Watch: ViacomCBS, Amazon's AWS Event And Conference Blitz",2019-11-30,S
Wall Street Breakfast: Amazon Headlines Another Busy Earnings Day,2019-10-24,SAVE
"Selz Capital LLC Buys Amazon.com Inc, Mastercard Inc, Sinclair Broadcast Group Inc, Sells Check ...",2019-10-11,SBGI
"Cortland Associates Inc Buys Marathon Petroleum Corp, ECN Capital Corp, Sells Amazon. ...",2019-11-07,SCHB
Amazon's audible sued by publishers over text conversion feature,2019-08-23,SCHL
"Amazon, Alibaba And Peloton In Focus (Stocks To Watch Podcast)",2019-09-22,SCVL
"Stocks To Watch: Amazon, Alibaba And Peloton In Focus",2019-09-21,SCVL
"Ruggie Capital Group Buys SPDR Barclays Short Term Treasury ETF, Amazon. ...",2019-11-06,SDY
Amazon pushes forward with new grocery brand,2019-11-11,SFM
Grocery store stocks quiver on free Amazon Fresh development,2019-10-29,SFM
"Avestar Capital, LLC Buys Aberdeen Standard Physical Swiss Gold Shares ETF, Amazon. ...",2019-11-15,SGOL
"Buy Spotify Stock on the Dip Even as Apple, Amazon Boost Streaming Push?",2019-10-08,SIRI
"Alecta Pensionsforsakring, Omsesidigt Buys Amazon. ...",2019-07-30,SIVB
"Amazon, Alibaba And Peloton In Focus (Stocks To Watch Podcast)",2019-09-22,SKX
"Stocks To Watch: Amazon, Alibaba And Peloton In Focus",2019-09-21,SKX
River & Mercantile Asset Management Llp Buys Amazon. ...,2019-08-27,SLB
"SG' Management, LLC Buys Amazon.com Inc, PayPal Holdings Inc, Sleep Number Corp, Sells ...",2019-11-13,SMH
"Zacks Market Edge Highlights: XLK, IBB, Square, SOXX and Amazon",2019-11-07,SOXX
"ViacomCBS, Amazon's AWS Event And Conference Blitz (Stocks To Watch Podcast)",2019-12-01,SPTN
"Stocks To Watch: ViacomCBS, Amazon's AWS Event And Conference Blitz",2019-11-30,SPTN
"ViacomCBS, Amazon's AWS Event And Conference Blitz (Stocks To Watch Podcast)",2019-12-01,STI
"Stocks To Watch: ViacomCBS, Amazon's AWS Event And Conference Blitz",2019-11-30,STI
"Eaton Vance Management Buys Steel Dynamics Inc, Eaton Corp PLC, iHeartMedia Inc, Sells Amazon. ...",2019-11-15,STLD
"ViacomCBS, Amazon's AWS Event And Conference Blitz (Stocks To Watch Podcast)",2019-12-01,STM
"Stocks To Watch: ViacomCBS, Amazon's AWS Event And Conference Blitz",2019-11-30,STM
"Amazon (AMZN) Q3 Earnings Miss, Revenues Beat Estimates",2019-10-25,STMP
Amazon Announces Stand-Up Series With Focus on Australia,2019-09-04,STMP
"MCF Advisors LLC Buys Alphabet Inc, PowerShares QQQ Trust Ser –, Amazon. ...",2019-10-22,STWD
"Pacific Global Investment Management CO Buys Constellation Brands Inc, Match Group Inc, Amazon. ...",2019-08-21,STZ
"Microsoft Azure And Amazon AWS Results Will Inform Us On Tech Rally, Boeing Is Still A Buy",2019-10-21,SUN
"Selz Capital LLC Buys Amazon.com Inc, Mastercard Inc, Sinclair Broadcast Group Inc, Sells Check ...",2019-10-11,SWI
"ViacomCBS, Amazon's AWS Event And Conference Blitz (Stocks To Watch Podcast)",2019-12-01,SYK
"Stocks To Watch: ViacomCBS, Amazon's AWS Event And Conference Blitz",2019-11-30,SYK
"Cape Ann Savings Bank Buys Alphabet Inc, Amazon. ...",2019-11-15,SYK
"Nomura Holdings Inc Buys HP Inc, Amazon.com Inc, BP PLC, Sells SPDR S&P 5…… ETF Trust, ...",2019-08-23,SYMC
"ViacomCBS, Amazon's AWS Event And Conference Blitz (Stocks To Watch Podcast)",2019-12-01,SYY
"Stocks To Watch: ViacomCBS, Amazon's AWS Event And Conference Blitz",2019-11-30,SYY
"Somerville Kurt F Buys Becton, Dickinson and Co, Amazon. ...",2019-07-24,SYY
"Puzo Michael J Buys Becton, Dickinson and Co, The Walt Disney Co, Amazon. ...",2019-07-24,SYY
"Loon, Telefónica bringing internet to remote Amazon",2019-11-21,TEF
"ViacomCBS, Amazon's AWS Event And Conference Blitz (Stocks To Watch Podcast)",2019-12-01,THG
"Stocks To Watch: ViacomCBS, Amazon's AWS Event And Conference Blitz",2019-11-30,THG
"Dow Jones Futures: Stock Market Rally, Apple Face Final Test; Microsoft Wins JEDI Duel With Amazon",2019-10-27,TIF
RH Stock: Retailer Keeps Hopping Despite Threat From Amazon,2019-10-11,TIF
Thinking about trading options or stock in Amazon. ...,2019-11-27,TJX
Walmart Proves It Can Compete on Amazon's Turf,2019-11-22,TJX
Death By Amazon's Best Performers,2019-10-24,TJX
Apparel chains in harm's way from Amazon shopping initiative,2019-07-30,TLYS
"Clough Capital Partners L P Buys Microsoft Corp, Wayfair Inc, JPMorgan Chase, Sells Amazon. ...",2019-08-15,TMO
"Melt-Up Alert: Alphabet, Amazon, And Microsoft Continue To Break Out Or Are Going To Old Highs; VIX Is A Worry",2019-11-06,TRN
Insiders Roundup: Bezos Sells Amazon,2019-08-02,TRN
"Baskin Financial Services Inc. Buys FirstService Corp, Amazon. ...",2019-07-24,TRS
Amazon Steps Up The Processor Wars,2019-12-09,TSM
Intel's And Nvidia's Margin Is Amazon's Opportunity,2019-12-05,TSM
"Melt-Up Alert: Amazon Rises, Intel Hurts Dell, HP But Helps AMD, And Deere Likely Phase One Winner",2019-11-27,TSM
"Thinking about trading options or stock in Amazon, Goldman Sachs, NVIDIA, Taiwan Semiconductor, ...",2019-10-11,TSM
"ViacomCBS, Amazon's AWS Event And Conference Blitz (Stocks To Watch Podcast)",2019-12-01,TWOU
"Stocks To Watch: ViacomCBS, Amazon's AWS Event And Conference Blitz",2019-11-30,TWOU
"ViacomCBS, Amazon's AWS Event And Conference Blitz (Stocks To Watch Podcast)",2019-12-01,TXN
"Stocks To Watch: ViacomCBS, Amazon's AWS Event And Conference Blitz",2019-11-30,TXN
"JMG Financial Group, Ltd. Buys Schwab U.S. Large-Cap ETF, Amazon. ...",2019-08-02,TXN
Insiders Roundup: Bezos Sells Amazon,2019-08-02,TXN
"Somerville Kurt F Buys Becton, Dickinson and Co, Amazon. ...",2019-07-24,TXN
"Puzo Michael J Buys Becton, Dickinson and Co, The Walt Disney Co, Amazon. ...",2019-07-24,TXN
"Stockbridge Partners LLC Buys Amazon.com Inc, Liberty Broadband Corp, Sells Charter ...",2019-11-14,TYL
"ViacomCBS, Amazon's AWS Event And Conference Blitz (Stocks To Watch Podcast)",2019-12-01,UHT
"Stocks To Watch: ViacomCBS, Amazon's AWS Event And Conference Blitz",2019-11-30,UHT
Why Ulta Beauty Won't Lose The Amazon Battle,2019-10-13,ULTA
"Amazon, Alibaba And Peloton In Focus (Stocks To Watch Podcast)",2019-09-22,ULTA
"Stocks To Watch: Amazon, Alibaba And Peloton In Focus",2019-09-21,ULTA
"Tiger Eye Capital LLC Buys Upland Software Inc, Waste Management Inc, Amazon. ...",2019-08-20,UPLD
"Amazon, Alibaba And Peloton In Focus (Stocks To Watch Podcast)",2019-09-22,URBN
"Stocks To Watch: Amazon, Alibaba And Peloton In Focus",2019-09-21,URBN
"Melt-Up Alert: Amazon Rises, Intel Hurts Dell, HP But Helps AMD, And Deere Likely Phase One Winner",2019-11-27,USCR
"ViacomCBS, Amazon's AWS Event And Conference Blitz (Stocks To Watch Podcast)",2019-12-01,VAC
"Stocks To Watch: ViacomCBS, Amazon's AWS Event And Conference Blitz",2019-11-30,VAC
Mint Tower Capital Management B.V. Buys Amazon. ...,2019-11-20,VALE
Mint Tower Capital Management B.V. Buys Amazon. ...,2019-11-14,VALE
"ViacomCBS, Amazon's AWS Event And Conference Blitz (Stocks To Watch Podcast)",2019-12-01,VAR
"Stocks To Watch: ViacomCBS, Amazon's AWS Event And Conference Blitz",2019-11-30,VAR
ETFs to Tap on Amazon's Record Holiday Sales,2019-12-30,VCR
Should You Buy Amazon ETFs Ahead of Q3 Earnings?,2019-10-22,VCR
Amazon Q2 Earnings Miss Put These ETFs in Focus,2019-07-26,VCR
Gearing Up for Holiday Season: Amazon Versus Walmart ETFs,2019-11-19,VDC
Looking For The Next Apple Or Amazon? These Lists Outperform The S&P 500,2019-09-05,VEEV
"Campbell Wealth Management Buys iShares Russell –……… ETF, NextEra Energy Inc, Amazon. ...",2019-10-07,VHT
"ViacomCBS, Amazon's AWS Event And Conference Blitz (Stocks To Watch Podcast)",2019-12-01,VIA
"Stocks To Watch: ViacomCBS, Amazon's AWS Event And Conference Blitz",2019-11-30,VIA
"Headinvest, Llc Buys iShares MSCI KLD 4…… Social ETF, Apple Inc, Amazon. ...",2019-11-21,VIG
"Ruggie Capital Group Buys SPDR Barclays Short Term Treasury ETF, Amazon. ...",2019-11-06,VIG
"ViacomCBS, Amazon's AWS Event And Conference Blitz (Stocks To Watch Podcast)",2019-12-01,VMW
"Stocks To Watch: ViacomCBS, Amazon's AWS Event And Conference Blitz",2019-11-30,VMW
"Nomura Holdings Inc Buys HP Inc, Amazon.com Inc, BP PLC, Sells SPDR S&P 5…… ETF Trust, ...",2019-08-23,VNO
"Sterling Investment Advisors, Ltd. Buys Amazon. ...",2019-10-15,VNQ
"First Commonwealth Financial Corp Buys PPG Industries Inc, UnitedHealth Group Inc, Amazon. ...",2019-08-21,VNQ
White Lighthouse Investment Management Inc. Buys Amazon. ...,2019-07-31,VNQ
Vodafone to Introduce AWS Wavelength for 5G Cloud Computing,2019-12-05,VOD
Vodafone Business and Amazon Web Services to Bring Edge Computing Closer to Customers,2019-12-04,VOD
"Foster Dykema Cabot & Co Inc Buys Costco Wholesale Corp, Accenture PLC, Amazon. ...",2019-08-06,VRSK
"Top Research Reports: Amazon, Caterpillar, Vertex & More",2019-08-14,VRTX
"ViacomCBS, Amazon's AWS Event And Conference Blitz (Stocks To Watch Podcast)",2019-12-01,W
"Stocks To Watch: ViacomCBS, Amazon's AWS Event And Conference Blitz",2019-11-30,W
"Clough Capital Partners L P Buys Microsoft Corp, Wayfair Inc, JPMorgan Chase, Sells Amazon. ...",2019-08-15,W
"The Zacks Analyst Blog Highlights: Apple, Microsoft, Visa, Walgreens and Amazon",2019-12-27,WBA
"Amazon, Alibaba And Peloton In Focus (Stocks To Watch Podcast)",2019-09-22,WBA
"Stocks To Watch: Amazon, Alibaba And Peloton In Focus",2019-09-21,WBA
"ViacomCBS, Amazon's AWS Event And Conference Blitz (Stocks To Watch Podcast)",2019-12-01,WDAY
"Stocks To Watch: ViacomCBS, Amazon's AWS Event And Conference Blitz",2019-11-30,WDAY
"ViacomCBS, Amazon's AWS Event And Conference Blitz (Stocks To Watch Podcast)",2019-12-01,WDC
"Stocks To Watch: ViacomCBS, Amazon's AWS Event And Conference Blitz",2019-11-30,WDC
"ViacomCBS, Amazon's AWS Event And Conference Blitz (Stocks To Watch Podcast)",2019-12-01,WEC
"Stocks To Watch: ViacomCBS, Amazon's AWS Event And Conference Blitz",2019-11-30,WEC
"Amazon, Alibaba And Peloton In Focus (Stocks To Watch Podcast)",2019-09-22,WGO
"Stocks To Watch: Amazon, Alibaba And Peloton In Focus",2019-09-21,WGO
"ViacomCBS, Amazon's AWS Event And Conference Blitz (Stocks To Watch Podcast)",2019-12-01,WIFI
"Stocks To Watch: ViacomCBS, Amazon's AWS Event And Conference Blitz",2019-11-30,WIFI
Wipro +2.8% after AWS team-up,2019-08-01,WIT
"ViacomCBS, Amazon's AWS Event And Conference Blitz (Stocks To Watch Podcast)",2019-12-01,WMB
"Stocks To Watch: ViacomCBS, Amazon's AWS Event And Conference Blitz",2019-11-30,WMB
Wall Street Breakfast: Amazon Headlines Another Busy Earnings Day,2019-10-24,WPG
Western Union selects AWS as preferred cloud,2019-11-19,WU
"Amazon, Alibaba And Peloton In Focus (Stocks To Watch Podcast)",2019-09-22,WU
"Stocks To Watch: Amazon, Alibaba And Peloton In Focus",2019-09-21,WU
Western Union Partners Amazon for Cash Payments Facility,2019-09-19,WU
Western Union gains after Amazon PayCode launches,2019-09-18,WU
Alibaba's Hong Kong Listing Benefits; Amazon-Pinduoduo Intriguing Partnership; Trip.Com Booming International Business,2019-12-03,WUBA
"Zacks Market Edge Highlights: XLK, IBB, Square, SOXX and Amazon",2019-11-07,XLK
Amazon And Tech Stocks At The Edge Of A Cliff,2019-09-24,XLK
"Cutler Group LP Buys Amazon.com Inc, PowerShares QQQ Trust Ser –, VanEck Vectors Gold Miners ...",2019-08-09,XLK
Gearing Up for Holiday Season: Amazon Versus Walmart ETFs,2019-11-19,XLP
ETFs to Tap on Amazon's Record Holiday Sales,2019-12-30,XLY
Gearing Up for Holiday Season: Amazon Versus Walmart ETFs,2019-11-19,XLY
Accidental Amazon,2019-10-24,XLY
Should You Buy Amazon ETFs Ahead of Q3 Earnings?,2019-10-22,XLY
Amazon Q2 Earnings Miss Put These ETFs in Focus,2019-07-26,XLY
"Capula Management Ltd Buys iShares China Large-Cap ETF, Amazon. ...",2019-11-14,XME
Retail Sales' Amazon Pick-Up,2019-08-15,XRT
"ViacomCBS, Amazon's AWS Event And Conference Blitz (Stocks To Watch Podcast)",2019-12-01,XRX
"Stocks To Watch: ViacomCBS, Amazon's AWS Event And Conference Blitz",2019-11-30,XRX
"Riverhead Capital Management Llc Buys Microsoft Corp, Apple Inc, Amazon. ...",2019-08-13,XRX
"Eaton Vance Management Buys Steel Dynamics Inc, Eaton Corp PLC, iHeartMedia Inc, Sells Amazon. ...",2019-11-15,ZBRA
Amazon Deltona Fulfillment Center to Add More Than 500 Jobs,2019-12-27,ZUMZ
"The Zacks Analyst Blog Highlights: AMZN, FDX, ZUMZ and FVRR",2019-12-26,ZUMZ
Amazon to Hike Merchant Fees in 2020 to Cover Rising Expenses,2019-12-24,ZUMZ
