Headlines,Time,Description
"Amazon's Ring cameras are vulnerable to hackers, lawsuit in U.S. claims",2019-12-27,Amazon.com Inc  and its Ring home security camera unit have been sued by an Alabama homeowner who said the cameras' defective design leaves purchasers vulnerable to cyberattacks.
"Nasdaq tops 9,000 on boosts from Amazon, trade optimism",2019-12-26,"The Nasdaq crossed the 9,000-point mark for the first time on Thursday as all three major Wall Street indexes posted record closing highs, boosted by optimism over U.S.-China trade relations and gains in shares of Amazon.com after a report signaled robust online holiday sales."
Amazon to raise U.S. fulfillment fees 3 percent for merchants next year,2019-12-20,"Amazon.com Inc plans to raise the fees it charges merchants for warehousing and shipping their goods in the United States by an average 3% next year, the company said Friday, as it faces higher costs from infrastructure and programs such as one-day delivery."
Amazon to deliver 3.5 billion packages through own network in 2019,2019-12-19,Amazon.com Inc said on Thursday it was on track to deliver 3.5 billion customer packages globally this year through its in-house delivery network.
"Apple, Amazon, Google partner to make smart home devices more compatible",2019-12-18,"Amazon.com Inc , Apple Inc  and Alphabet Inc's  Google are partnering to lay the groundwork for better compatibility among their smart home products, the companies said on Wednesday."
German union calls more pre-Christmas Amazon strikes,2019-12-17,Workers at three Amazon logistics centers in Germany have joined a strike called by trade union Verdi that will last until Saturday as part of a long-running bid for better pay and conditions.
Amazon blocks sellers from using FedEx for some Prime shipments,2019-12-16,Amazon.com Inc  is temporarily blocking third-party sellers from using FedEx Corp's  ground delivery network to handle Prime shipments as it strives to hit accelerated delivery deadlines this holiday season.
German union calls for pre-Christmas Amazon strike,2019-12-15,"Trade union Verdi called for workers at a key Amazon  logistics center in Germany to go on strike over the crucial final shopping days before Christmas, demanding better pay and conditions for workers there."
Amazon issues fix after some Blink home cameras found vulnerable to hacking,2019-12-10,Amazon.com Inc  said on Tuesday it had issued a fix to rectify security flaws in certain of its Blink home camera systems after a cyber security firm found vulnerabilities that could let hackers hijack the device.
Amazon secures top Champions League rights for Germany,2019-12-10,"Amazon.com has secured the rights to broadcast top European soccer Champions League matches for the 2021/22 season in Germany, the U.S. company said on Tuesday."
Amazon lawsuit blames Trump for loss of Pentagon cloud contract,2019-12-09,"Amazon.com Inc on Monday accused U.S. President Donald Trump of exerting ""improper pressure"" and bias that led the Department of Defense to award a lucrative $10 billion cloud contract to rival Microsoft Corp."
"Brazil's weak currency, cheaper credit add to Amazon threats",2019-12-09,"Brazil's record-low interest rates and exchange rate threaten to accelerate Amazon deforestation, which has already risen sharply under Brazil's farm-friendly President Jair Bolsonaro, economists tell Reuters."
Jeff Bezos says Amazon wants to work more with the Pentagon,2019-12-08,Amazon.com Inc founder Jeff Bezos said it would support the U.S. Department of Defense as technology companies vie for more defense contracts and the Pentagon seeks to modernize itself.
Amazon websites could be added to USTR's 'Notorious Markets' list: WSJ,2019-12-06,"The Trump administration is considering putting some of Amazon.com Inc's  overseas websites on a list of global marketplaces known for counterfeit goods, the Wall Street Journal reported on Friday, citing people familiar with the matter."
Amazon faces U.S. antitrust scrutiny on cloud business: Bloomberg,2019-12-04,"U.S. Federal Trade Commission (FTC) has broadened scrutiny of Amazon.com Inc beyond its retail operations to include cloud-computing business, Bloomberg reported on Wednesday, citing people familiar with the matter."
Amazon designs more powerful data center chip,2019-12-04,(This December 3 story has been refiled to correct typo in paragraph 2)
Amazon Air provider hit with 'no confidence' vote as holiday shipping ramps up,2019-12-04,"ABX Air pilots who fly for Amazon.com Inc and other clients cast a near-unanimous vote of ""no confidence"" against company management as the holiday shipping season, which depends on airplanes for fast delivery, takes off."
Amazon partners with Verizon on 5G in cloud computing expansion,2019-12-03,"Amazon.com Inc on Tuesday said it was extending its cloud to 5G networks in partnership with Verizon Communications Inc, so developers can run latency-sensitive programs on mobile and connected devices."
Goldman Sachs to launch new products and services on Amazon's cloud,2019-12-03,"Goldman Sachs Group Inc will be launching new technology-based products and services for its institutional clients on Amazon's cloud next year, bank Chief Executive David Solomon said at a conference on Tuesday."
Cosmetics maker Natura urges Brazil to protect Amazon after fires hit suppliers,2019-12-02,"Brazilian cosmetics maker Natura & Co  is pressing government officials, the private sector and local communities to bolster environmental protections in the Amazon after fires this year disrupted its supply chain, its chief executive told Reuters."
Indian retailer Future's shares surge as regulator approves Amazon investment,2019-11-29,"Shares in Future Retail Ltd  surged 13% on Friday, after India's antitrust body approved a deal that would give Amazon.com Inc  a minority stake in one of the country's top retail groups."
Amazon must check for trade mark violations: EU court adviser,2019-11-28,"U.S. online retail giant Amazon is not liable for unwittingly stocking trade mark infringing goods for third-party sellers, but should be diligent in checking whether products are legal, an adviser to Europe's top court said on Thursday."
Exclusive: Amazon's cloud unit readies more powerful data center chip - sources,2019-11-27,"Amazon.com Inc's  cloud computing unit has designed a second, more powerful generation of data center processor chip, two sources familiar with the matter told Reuters, the latest sign that the company is pouring money into custom silicon for its fastest-growing business."
Amazon opens pop-up store on China's Pinduoduo until year-end,2019-11-24,"Amazon.com Inc on Monday said it will open a pop-up store on Chinese e-commerce platform Pinduoduo Inc that will run until the end of December and carry a selection of about 1,000 products from overseas."
Amazon files lawsuit contesting Pentagon's $10 billion cloud contract to Microsoft,2019-11-22,Amazon.com Inc filed a lawsuit in a federal U.S. court on Friday contesting the U.S. Defense Department's decision last month to award a Pentagon cloud computing contract worth up to $10 billion to rival bidder Microsoft Corp.
"Factbox: Tesla, Detroit, Amazon-backed Rivian race to electrify pickup trucks",2019-11-22,"Tesla Inc  debuted its electric pickup truck Cybertruck on Thursday, joining a list of automakers and start-ups that have been working on electrifying pickup trucks - the heart of the Detroit automakers' profits."
"Amazon uses aggregated seller data to help business, it tells lawmakers",2019-11-19,"Amazon.com Inc uses ""aggregated data"" from sellers in its third-party marketplace to improve its overall business, the online retailer said in response to a congressional antitrust probe that could raise concerns with such sellers."
U.S. watchdog backs Bezos' protest over key Pentagon launch program,2019-11-18,"A U.S. watchdog on Monday backed a protest from Jeff Bezos' space company that challenged the Pentagon's military space launch procurement strategy, showing support for one of the Amazon billionaire's disputes with major agency procurement programs."
Amazon offers ad-supported free music streaming service,2019-11-18,"Amazon.com Inc said on Monday it has introduced an ad-supported free version of its music streaming service Amazon Music, taking on rival Spotify Technology which has nearly 140 million users for its free version."
Amazon trims Fresh grocery delivery charges in Germany,2019-11-18,"(This Nov. 4 corrects to clarify reduction applies to Amazon Fresh service only, in headline and paragraphs 1,3,5)"
Amazon challenges Pentagon's $10-billion cloud award to Microsoft,2019-11-15,"Amazon.com Inc  on Thursday said it is contesting the Pentagon's award of an up to $10 billion cloud computing deal to Microsoft Corp , expressing concern that politics got in the way of a fair contracting process."
U.S. defense chief rejects Amazon's accusations of bias in cloud contract,2019-11-15,"U.S. Defense Secretary Mark Esper on Friday rejected any suggestion of bias in a Pentagon decision to award Microsoft Corp an up to $10 billion cloud computing contract, after Amazon.com Inc announced plans to challenge it."
Timeline: Amazon challenges Pentagon awarding $10 billion cloud deal to Microsoft,2019-11-15,"Amazon.com Inc  said on Thursday it is contesting the Pentagon's award of an up to $10 billion cloud computing deal to Microsoft Corp , expressing concern that politics got in the way of a fair contracting process."
"Peloton exploring apps for Amazon Fire TV, Apple Watch: Bloomberg",2019-11-13,"Peloton Interactive Inc  is exploring apps for Amazon.com Inc's  Fire TV and Apple Inc's  Watch, Bloomberg reported on Wednesday, citing people familiar with the matter."
Amazon's $1.5 million political gambit backfires in Seattle City Council election,2019-11-11,"Seattle voters, in a rebuke to heavy corporate campaign spending by Amazon.com, have kept progressives firmly in control of their city council, reviving chances for a tax on big businesses that the tech giant helped fend off last year."
Google launches smart device in Brazil in new challenge to Amazon.com,2019-11-11,"Alphabet Inc’s Google is bringing to Brazil the latest version of its Google Nest Mini smart speaker, with plans to start selling it in major online and brick-and-mortar retailers in the country on Tuesday."
Amazon long-time executive Steve Kessel to step down,2019-11-08,"E-commerce giant Amazon.com Inc's  long-serving executive Steve Kessel will leave the company after 20 years, a company spokesperson told Reuters on Friday."
Amazon's rising air shipments fly in the face of climate plan,2019-11-06,Amazon.com Inc  Chief Executive Jeff Bezos has plans to slash greenhouse gas emissions from the online retailer's delivery operations.
"From cat videos to credit cards, Amazon says customers have to secure own data",2019-11-05,"Amazon's cloud computing customers have to decide themselves how best to protect sensitive information online, a senior executive said on Tuesday, following accusations by U.S. lawmakers that the web giant has not done enough to secure data on its servers."
Amazon's bid to acquire stake in Indian retailer faces antitrust hurdle: sources,2019-11-01,"India's antitrust body has sought more information from Amazon.com Inc  about its planned acquisition of a stake in India's Future Retail , sources with knowledge of the matter told Reuters, which could potentially delay the deal."
Amazon pumps in more than $600 million into India units,2019-10-30,Amazon.com Inc  has invested around 45 billion rupees ($634.20 million) into its Indian subsidiaries as the Seattle-based e-commerce giant ramps up operations in one of its fastest growing markets.
Amazon drops grocery delivery fee as competitors close in,2019-10-29,"Amazon.com Inc is eliminating its grocery delivery charge for Prime members in the United States and making shopping easier by combining AmazonFresh and Whole Foods Market ordering on a single site, as it battles rival grocery sellers like Walmart Inc and Kroger Co."
Amazon could challenge loss of $10 billion Pentagon cloud deal as early as next week,2019-10-29,"If Amazon.com decides to fight the Pentagon's decision to award a highly contested $10 billion cloud computing contract to Microsoft, it could act as early as next week."
Microsoft beats Amazon for Pentagon's $10 billion cloud computing contract,2019-10-28,"Microsoft Corp.  has won the Pentagon's $10 billion cloud computing contract, the Defense Department said on Friday, beating out favorite Amazon.com Inc ."
"Amazon sales forecast, slower cloud growth disappoint investors",2019-10-25,"Shares of Amazon.com Inc were down 3% on Friday, as investors were let down by a lower-than-expected sales outlook and surprised by slower revenue growth at its lucrative AWS cloud business."
Amazon's AWS unit gets OK to build $800 million data facility in Argentina,2019-10-25,"Argentina has given the go-ahead to Amazon.com Inc's Web Services division AWS to build an $800-million data facility in Buenos Aires, which would mark a massive investment for the company in South America, according to a provincial bulletin dated Oct. 24."
"Amazon's gloomy holiday forecast misses estimates, shares fall 7%",2019-10-24,"Amazon.com Inc on Thursday forecast revenue and profit for the holiday quarter below expectations, as it faces fierce competition and rising costs from its plan to speed up delivery times globally."
"Amazon's faster shipping dents profits, more pain to come",2019-10-24,Amazon.com Inc's chief financial officer on Thursday said costs for its one-day shipping program will spike to around $1.5 billion during the holiday season as the online retailer speeds up free delivery to woo shoppers and fend off rivals like Walmart Inc and Target Corp.
U.S. senators ask FTC to probe Amazon over Capital One hack,2019-10-24,Two U.S. senators on Thursday asked the U.S. Federal Trade Commission to probe Amazon.com Inc  to determine if the company failed to secure its servers prior to the Capital One hack.
Amazon buys healthcare start-up Health Navigator,2019-10-23,"Amazon.com Inc said on Wednesday it bought healthcare start-up Health Navigator, its second purchase in the healthcare services industry."
How will Amazon deliver in its second biggest market?,2019-10-23,"Every half an hour, 50 vans sweep into Amazon's distribution center in Mannheim, Germany and sweep out again with up to 200 parcels and a precise delivery plan in each."
Netflix and Amazon face censorship threat in India: source,2019-10-17,"India is deliberating potential censorship on streaming platforms such as Netflix and Amazon Prime Video, a senior government source told Reuters."
"Ford partners with Volkswagen, Amazon to build charging network for cars",2019-10-17,Ford Motor Co  said on Thursday it was teaming up with Volkswagen AG  and Amazon.com  to give its future electric car customers a range of charging options from highways to homes.
UK watchdog opens formal probe of Amazon Deliveroo deal,2019-10-16,"Britain's competition regulator said on Wednesday it had launched a formal investigation into Amazon.com Inc's investment in food delivery company Deliveroo, setting a Dec. 11 deadline for a decision https://reut.rs/2ONs4b0 on the first phase of its probe."
How Amazon.com moved into the business of U.S. elections,2019-10-15,Amazon.com Inc's cloud computing arm is making an aggressive push into one of the most sensitive technology sectors: U.S. elections.
Time running out to get off Amazon's addictive cloud French minister warns,2019-10-15,"Amazon's  cloud computing is like a ""soft drug"", a French minister said on Tuesday, warning that time was running out for Europe to wean itself off the U.S. company's services."
Amazon launches bigger local online store in Singapore,2019-10-07,"Amazon.com Inc  has launched a bigger local store and marketplace in Singapore, expanding its product selection and  intensifying competition with rivals such as Alibaba Group Holding Ltd's  Lazada and Sea Ltd's  Shopee."
"Amazon.com brings Alexa to Brazil, kicks off pre-orders for devices",2019-10-02,"Amazon.com Inc will launch its virtual assistant Alexa in Brazil starting this month, with plans for three different devices with the software installed, as it rapidly expands operations in Latin America's largest economy."
"Facebook, Google, Amazon face another House inquiry: Bloomberg",2019-10-01,"Facebook Inc, Amazon.com Inc and Alphabet Inc's Google will face a congressional inquiry on how the big technology companies may be damaging the competitive landscape for small businesses, Bloomberg reported on Tuesday."
Amazon brings Samuel L. Jackson's voice to Alexa and announces voice-controlled glasses,2019-09-25,"Amazon.com Inc  on Wednesday said actor Samuel L. Jackson and other celebrities will voice speech for the company's virtual assistant Alexa, while the voice aid will also be built into a new wearable line of earbuds, eyeglasses and a ring."
Electric vehicle startup Rivian gets a jolt from big Amazon.com van order,2019-09-19,"Electric vehicle startup Rivian Automotive LLC got a big boost from one of its investors on Thursday when Amazon.com announced it was ordering 100,000 electric delivery vans."
Amazon starts hiring own drivers in German last-mile delivery push,2019-09-17,"Amazon has begun hiring its own drivers in Germany and plans to open 11 more distribution centers to expand its delivery business in its second biggest market, the firm's German logistics chief said in an interview."
"Indian's top trader body seeks ban on Amazon, Flipkart's festive season sale",2019-09-13,"A leading Indian trader body asked the government on Friday to ban upcoming festive sales on Amazon's local unit and its rival Flipkart, saying their deep discounts violate the country's foreign investment rules for online retail."
Three U.S. senators urge Amazon's Bezos to check driver abuse,2019-09-12,Three U.S. senators on Thursday said Amazon.com Inc should stop working with delivery contractors that violate labor laws by imposing unfair conditions on drivers delivering packages for the e-commerce company.
Roku targets UK as smart TV platform duel with Amazon hots up,2019-09-07,"Streaming company Roku, whose software runs one in three smart TVs in the United States, is turning to the British market as competition with Silicon Valley giant Amazon goes international."
Amazon may need to raise prices to offset latest tariff blow: BofA,2019-09-04,"Amazon.com Inc will need to raise prices in the United States by about 2.1%-2.6% on average to offset the impact of fresh tariffs slapped by the Trump administration on various Chinese goods, Bank of America Merrill Lynch analysts estimated."
"Walmart's Mexico unit springs into same-day delivery, taking on Amazon",2019-09-02,"Walmart Inc's  Mexico unit has begun offering delivery within three hours for certain home and tech products ordered online, it said on Monday, taking another step to try to best e-commerce rival Amazon.com Inc  at speedy shipping."
Amazon and Indian trader group in public spat over discounts,2019-08-30,Amazon.com  defended its business strategies in India as it came under fire from a local trader group on Friday over discounted products on the global e-commerce giant's website.
Fitbit unveils Versa 2 smartwatch with Amazon Alexa,2019-08-28,"Fitbit Inc  on Wednesday launched its latest smartwatch, Versa 2, adding Amazon.com Inc's  voice assistant Alexa, online payments and music storage in a bid to compete strongly with Apple Inc's  smartwatches."
Amazon in talks for stake in Indonesia's ride-hailing startup Go-Jek: source,2019-08-28,"Amazon.com Inc  is in early talks with Go-Jek Group to buy a stake in the Indonesian ride-hailing startup, a source familiar with the matter told Reuters on Wednesday."
Top U.S. publishers sue Amazon's Audible for copyright infringement,2019-08-23,"Amazon.com Inc's Audible was sued by some of the top U.S. publishers for copyright infringement on Friday, aiming to block a planned rollout of a feature called 'Audible Captions' that shows the text on screen as a book is narrated."
DHL stops deliveries for Amazon Fresh in Germany,2019-08-23,"(The August 21 story, corrects to read ""the market for food ecommerce"" in paragraph 1.)"
India needs to reduce ecommerce restrictions to revive economy: Amazon executive,2019-08-22,"India needs to encourage ecommerce and reduce red tape to help small businesses sell online and export goods to help revive sagging domestic economic growth, a senior Amazon.com executive said on Wednesday."
Amazon.com defeats IRS appeal in U.S. tax dispute,2019-08-16,Amazon.com Inc on Friday defeated an appeal by the U.S. Internal Revenue Service in what the online retailer has called a $1.5 billion dispute over its tax treatment of transactions with a Luxembourg subsidiary.
"Buffett's Berkshire boosts Amazon.com bet, attracts Ackman",2019-08-14,"Warren Buffett's Berkshire Hathaway Inc  on Wednesday said it boosted its stake in Amazon.com Inc  by 11% during the second quarter, increasing its bet on the powerful online retailer even as stocks traded near record highs."
"Google, Facebook, Amazon to testify in U.S. against French digital tax",2019-08-13,"Alphabet Inc's Google unit, Facebook Inc and Amazon.com Inc are among the companies that will testify Monday at a U.S. government hearing on the French government's digital services tax."
Amazon in talks to buy up to 10% stake in India's Future Retail: Bloomberg,2019-08-13,"Amazon.com Inc  is in late-stage talks to buy as much as 10% of India's Future Retail Ltd , Bloomberg reported on Tuesday, citing people familiar with the matter."
U.S. senators ask Amazon CEO if 'Amazon's Choice' deceives consumers,2019-08-12,"Two U.S. senators asked Amazon.com Inc Chief Executive Jeff Bezos on Monday how the ""Amazon's Choice"" badge on certain products is determined and whether the mark deceives consumers into purchasing ""products of inferior quality."""
"Reliance-Microsoft cloud tie-up poses threat to Amazon, Google in India",2019-08-12,"India's Reliance Industries Ltd  on Monday announced a partnership with Microsoft's  Azure cloud platform, in a move that deepens the offerings of its Jio telecoms unit while posing a direct challenge to rival cloud services providers such as Amazon.com  and Alphabet's Google ."
Amazon's Alexa comes under scrutiny of Luxembourg privacy watchdog,2019-08-08,"Luxembourg's privacy regulator has asked Amazon  for information regarding its Alexa voice assistant, an indication of rising regulatory unease over companies' use of personal data."
FedEx ends ground delivery partnership with Amazon,2019-08-07,"FedEx Corp confirmed on Wednesday it would terminate its contract with Amazon.com Inc for small-package ground deliveries, as the online retailer focuses on building out its own delivery network."
Amazon Music cuts monthly price to 99 cents for students with Prime subscription,2019-08-06,Amazon.com Inc  on Tuesday lowered the price of its paid music service to 99 cents per month from $4.99 for students with a Prime subscription.
Jeff Bezos sells Amazon stock worth $2.8 billion last week,2019-08-06,"Amazon.com Inc  Chief Executive Officer Jeff Bezos offloaded $990 million worth of shares in the company last Thursday and Friday, taking the total value of shares sold last week to $2.8 billion."
Amazon in talks to buy stake in India's Reliance Retail: sources,2019-08-02,"Amazon.com Inc  is in talks with Reliance Industries Ltd's  retail unit to buy a stake in India's biggest brick-and-mortar retailer, two sources with knowledge of the talks told Reuters on Friday."
Pentagon puts $10 billion JEDI contract on hold after Trump suggests it favored Amazon,2019-08-01,The Pentagon has decided to put on hold its decision to award a $10 billion cloud computing contract after President Donald Trump said his administration was examining Amazon.com Inc's bid following complaints from other tech companies.
U.S. banking regulators examined Amazon's cloud in April: WSJ,2019-08-01,"Federal banking regulators had inspected Amazon.com Inc's  Virginia facility earlier in April, the Wall Street Journal reported on Thursday, citing people familiar with the matter."
Amazon chief Bezos cashes in $1.8 billion of share pile,2019-08-01,"Amazon.com Inc  founder Jeff Bezos sold shares worth $1.8 billion in the last three days of July, reducing the value of his stake in the world's third most valuable company to about $110 billion."
Amazon in early talks to buy stake in India's Reliance Retail: ET,2019-08-01,"Amazon.com Inc  is in exploratory talks with Reliance Industries Ltd's  retail unit to buy an up to 26% stake in India's biggest brick-and-mortar retailer, the Economic Times (ET) reported on Thursday."
Getting under the hood of Amazon’s auto ambitions,2019-07-31,Amazon.com Inc is expanding its transportation prowess to do virtually everything short of building a car.
Amazon buys Israeli startup E8 Storage: source,2019-07-31,"Amazon  has bought Israeli storage technology startup E8 Storage, a source familiar with the deal said on Wednesday."
"Amazon, Walmart, Ikea targeted in University of California light bulb lawsuits",2019-07-30,"Five major retailers, including Amazon.com Inc and Walmart Inc, were sued on Tuesday by the University of California over what it called the ""existential threat"" when foreign manufacturers infringe schools' patents."
Amazon plans imminent launch of online food delivery service in India: sources,2019-07-29,"Amazon.com Inc is planning a foray into the burgeoning online food delivery business in India this year, two sources aware of the development said, in a move that could raise competition in an increasingly crowded market."
"Amazon's push for one-day delivery dents profits, costs up 21%",2019-07-25,"Amazon.com Inc  on Thursday reported its first profit miss in two years and said income would slump in the current quarter, as the online retailer ramps up spending on one-day delivery to spark sales growth."
Treasury's Mnuchin says Amazon 'destroyed' U.S. retail sector,2019-07-24,"U.S. Treasury Secretary Steven Mnuchin said on Wednesday that  online giant Amazon.com Inc  ""destroyed the retail industry across the United States."""
