Date,Close/Last,Volume,Open,High,Low,Scores
11/26/2018,69.2,39865595,65,69.244,65,0.0
11/27/2018,68.784,31735020,68.01,69.392,67.1,0.0
11/28/2018,69.574,20570190,69.198,69.656,68.442,-0.1858
11/29/2018,68.234,15380130,69.4,69.5,67.91,0.2500
11/30/2018,70.096,28105520,68.366,70.32,67.653,0.0000
12/03/2018,71.698,41479215,72,73.2,70.4,0.0
12/04/2018,71.94,42151065,71.21,73.736,70.4,0.1700
12/06/2018,72.612,39143445,71.202,73.476,70.152,0.3863
12/07/2018,71.593,57421750,73.8,75.898,71.53,0.0000
12/10/2018,73.03,32876705,72,73.196,70.624,0.0000
12/11/2018,73.352,31492360,73.982,74.4338,72.046,0.1700
12/12/2018,73.32,25098625,73.884,74.382,73.032,0.0000
12/13/2018,75.358,36740840,74.03,75.488,73.35,0.0000
12/14/2018,73.142,31638125,75,75.574,72.866,0.5719
12/17/2018,69.684,38324160,72.4,73.14,68.776,0.0000
12/18/2018,67.406,35424435,70.108,70.31,66.738,-0.0795
12/19/2018,66.594,41281870,67.52,69.402,65.948,0.0000
12/20/2018,63.076,45246945,65.4108,66.058,62.3738,0.0000
12/21/2018,63.954,39986095,63.48,64.694,62.488,0.0000
12/24/2018,59.078,27799565,62.7,62.9,59.039,-0.0954
12/26/2018,65.218,40715510,60,65.394,58.818,0.2960
12/27/2018,63.226,42836925,63.968,64.4343,60.3,-0.0566
12/28/2018,66.774,49593885,64.62,67.248,63.682,0.1012
12/31/2018,66.56,31471490,67.558,67.842,65.052,0.1133
01/02/2019,62.024,58056350,61.22,63.026,59.76,-0.1285
01/03/2019,60.072,34742885,61.4,61.88,59.476,-0.7003
01/04/2019,63.538,36913775,61.2,63.6,60.546,0.0000
01/07/2019,66.992,37711690,64.344,67.348,63.5502,0.0
01/08/2019,67.07,34972135,68.392,68.802,65.404,-0.1858
01/09/2019,67.706,27133090,67.1,68.7005,66.294,-0.6808
01/10/2019,68.994,30248105,66.88,69.078,66.358,-0.2884
01/11/2019,69.452,25175390,68.418,69.682,67.754,0.0000
01/14/2019,66.88,26163450,68.476,68.5,66.8,-0.4215
01/15/2019,68.886,30239450,67,69.76,66.9,0.0
01/16/2019,69.21,23386135,68.956,70.4,68.7,0.0
01/17/2019,69.462,18305810,69.242,70.3,68.83,0.0000
01/18/2019,60.452,120396300,64.6,65.4259,59.946,0.0416
01/22/2019,59.784,60260650,60.964,61.6,59.1,0.0000
01/23/2019,57.518,62565400,58.5,58.9,56.338,-0.0375
01/24/2019,58.302,39954555,56.606,58.736,55.8566,-0.0106
01/25/2019,59.408,35513905,58.878,59.7039,57.91,0.0836
01/28/2019,59.276,32047385,58.582,59.492,57.55,-0.3625
01/29/2019,59.492,23014665,59.054,59.7113,58.36,0.0000
01/30/2019,61.754,52970200,60.09,61.8,59.698,0.1155
01/31/2019,61.404,62725950,60.2,62.3127,58.8,0.0374
02/01/2019,62.442,36318090,61.084,63.22,60.7,0.0000
02/04/2019,62.578,36720380,62.596,63.06,60.376,-0.0745
02/05/2019,64.27,33673695,62.498,64.488,62.4499,0.0
02/06/2019,63.444,25156840,63.918,64.848,63.1248,0.0326
02/07/2019,61.502,32559150,62.66,62.94,60.6,0.0
02/08/2019,61.16,29175390,61.366,61.489,59.7,-0.2960
02/11/2019,62.568,35570060,62.32,63.72,62.1,-0.2047
02/12/2019,62.362,27427095,63.24,63.638,61.924,0.1779
02/13/2019,61.634,25651990,62.47,62.55,61.114,0.1342
02/14/2019,60.754,25954435,60.676,61.354,60.2,0.0000
02/15/2019,61.576,19479075,60.9,61.6,60.78,0.1012
02/19/2019,61.128,20602600,61.312,62.3088,61.094,0.2960
02/20/2019,60.512,35664845,60.882,61.26,59.8,0.0674
02/21/2019,58.246,44404150,60.362,60.648,58.1,0.3298
02/22/2019,58.942,28656900,58.898,59.3,58.42,0.0000
02/25/2019,59.754,31068505,59.582,60.5809,59.4001,-0.6609
02/26/2019,59.572,42858045,58.444,60.402,57.754,-0.5317
02/27/2019,62.948,55720500,60.356,63.259,60.11,0.0000
02/28/2019,63.976,48331120,63.784,64,62.162,0.0061
03/01/2019,58.958,114243750,61.388,61.426,58.38,0.1422
03/04/2019,57.072,85344450,59.624,59.8,56.556,0.1147
03/05/2019,55.308,93649000,56.4,56.8,54.02,0.1589
03/06/2019,55.248,51596850,55.296,56.3012,54.878,-0.0390
03/07/2019,55.318,47053485,55.768,56.94,54.85,0.2267
03/08/2019,56.828,44028860,55.382,57.118,55.178,0.0
03/11/2019,58.184,36861490,56.704,58.256,56.1,-0.2166
03/12/2019,56.672,37440185,57.298,57.614,56.212,0.0427
03/13/2019,57.792,34089270,56.78,58.398,56.54,0.1700
03/14/2019,57.992,35240690,58.49,59.078,57.658,-0.0903
03/15/2019,55.086,73786800,56.702,56.7449,54.88,-0.0427
03/18/2019,53.898,51324800,55.2,55.61,53.46,-0.1189
03/19/2019,53.494,58871650,53.5,54.66,52.692,-0.2553
03/20/2019,54.72,34409880,53.938,54.994,53.26,0.5106
03/21/2019,54.804,29654625,54.52,55.29,53.69,0.0000
03/22/2019,52.906,43609750,54.516,54.56,52.8,-0.4623
03/25/2019,52.084,51025400,51.942,52.636,50.892,0.1071
03/26/2019,53.554,36709340,52.888,54.052,52.886,-0.0566
03/27/2019,54.966,43761920,53.75,55.074,53.6368,0.0000
03/28/2019,55.724,33824605,55.432,56.066,55.02,0.0000
03/29/2019,55.972,29901775,55.74,56.032,54.9,-0.2553
04/01/2019,57.836,40465670,56.524,57.84,56.2562,0.0306
04/02/2019,57.176,27135920,57.66,57.888,56.776,0.0740
04/03/2019,58.362,39583250,57.464,59.234,57.434,0.0000
04/04/2019,53.556,118400850,52.378,54.24,52.118,-0.0421
04/05/2019,54.992,65113700,53.972,55.22,53.222,0.1480
04/08/2019,54.64,51823000,55.538,56.232,54.088,-0.0209
04/09/2019,54.462,29466235,54.33,55,53.922,0.0
04/10/2019,55.212,35225170,55.348,55.676,54.5785,0.6331
04/11/2019,53.684,48906470,53.66,54.1,53.12,-0.0647
04/12/2019,53.54,33676930,54.044,54.39,53.366,-0.1280
04/15/2019,53.276,50162450,53.726,53.776,51.726,0.0000
04/16/2019,54.672,36332520,53.15,55,52.944,0.0000
04/17/2019,54.246,25590055,54.95,54.958,53.707,0.0926
04/18/2019,54.652,29307390,54.246,54.968,53.95,-0.1053
04/22/2019,52.55,60508450,53.8,53.936,52.496,0.0301
04/23/2019,52.78,54546750,52.03,53.12,51.15,0.1366
04/24/2019,51.732,48285305,52.77,53.064,51.6,-0.0182
04/25/2019,49.526,109116900,51,51.8,49.214,0.0193
04/26/2019,47.028,110755800,49.3,49.336,46.226,0.2966
04/29/2019,48.294,83433100,47.172,48.796,46.434,0.0000
04/30/2019,47.738,47234825,48.412,48.842,47.4,0.0
05/01/2019,46.802,53521750,47.77,48,46.3,0.0
05/02/2019,48.82,90796700,49.104,49.426,47.544,-0.0061
05/03/2019,51.006,118533850,48.772,51.322,48.698,0.0000
05/06/2019,51.068,54169700,50.004,51.67,49.7,0.2997
05/07/2019,49.412,50657050,51.36,51.442,49.02,0.0
05/08/2019,48.968,30882200,49.388,50.1198,48.84,-0.1027
05/09/2019,48.396,33556910,48.4,48.736,47.3887,0.0
05/10/2019,47.904,35041680,47.95,48.398,47.204,0.0
05/13/2019,45.402,54174000,46.402,46.494,44.9,-0.2202
05/14/2019,46.462,36262060,45.86,46.9,45.6,0.0
05/15/2019,46.39,36479880,45.864,46.488,45.05,0.0
05/16/2019,45.666,37416365,45.898,46.2,45.3,0.0
05/17/2019,42.206,88933350,44.392,44.448,41.784,-0.0796
05/20/2019,41.072,102631000,40.56,41.2,39.05,0.0850
05/21/2019,41.016,90019500,39.552,41.48,39.208,0.0000
05/22/2019,38.546,93425950,39.82,40.788,38.356,-0.0795
05/23/2019,39.098,132735700,38.868,39.893,37.244,0.0000
05/24/2019,38.126,70682850,39.966,39.996,37.7501,0.0000
05/28/2019,37.74,51564500,38.24,39,37.57,0.2732
05/29/2019,37.972,59843200,37.42,38.478,37.008,0.2265
05/30/2019,37.644,39632375,37.75,38.451,37.404,0.1308
05/31/2019,37.032,52033650,37.02,37.9841,36.82,0.0000
06/03/2019,35.794,65322050,37.102,37.336,35.3984,0.0
06/04/2019,38.72,69037600,36.22,38.796,35.922,0.0000
06/05/2019,39.318,67553800,39.736,40.2556,38.3697,-0.1132
06/06/2019,41.19,101210750,40.888,42.2,40.36,0.1133
06/07/2019,40.9,80017650,41,42.1688,40.6998,0.4404
06/10/2019,42.576,52925200,42.05,43.388,41.802,0.1480
06/11/2019,43.42,58267700,43.8288,44.18,42.7,0.0
06/12/2019,41.852,75987700,44.59,44.676,41.8,0.1292
06/13/2019,42.782,40841300,42.076,42.98,41.5021,0.0000
06/14/2019,42.984,37167010,42.25,43.33,42.08,-0.1132
06/17/2019,45.006,61584000,43.096,45.4,42.854,0.0000
06/18/2019,44.948,63578950,45.744,46.948,44.512,0.0987
06/19/2019,45.286,32875675,45.022,45.554,44.212,0.0
06/20/2019,43.924,59317300,44.6,45.38,43.27,0.0000
06/21/2019,44.372,41010390,43.244,44.436,43.1,-0.0587
06/24/2019,44.728,28753855,44.648,45.172,44.204,0.0000
06/25/2019,43.952,30910355,44.878,45.068,43.898,0.0000
06/26/2019,43.854,42536040,44.062,45.446,43.62,0.0
06/27/2019,44.568,31698550,43.89,44.58,43.47,0.0000
06/28/2019,44.692,34256920,44.198,45.034,44.16,0.0000
07/01/2019,45.434,41189820,46.042,46.6199,45.256,0.4939
07/02/2019,44.91,46295135,45.778,45.83,44.444,0.0000
07/03/2019,46.98,71005750,47.878,48.314,46.902,0.0764
07/05/2019,46.62,35328690,46.914,47.09,46.16,0.1909
07/08/2019,46.068,29402710,46.248,46.45,45.732,0.0
07/09/2019,46.012,30954175,45.794,46.2,45.456,0.3743
07/10/2019,47.784,45728680,46.83,47.788,46.628,0.1061
07/11/2019,47.72,37572150,47.628,48.3,47.16,0.0
07/12/2019,49.016,46002605,47.95,49.076,47.942,0.1700
07/15/2019,50.7,55000450,49.6,50.884,48.972,0.0000
07/16/2019,50.476,40744945,49.86,50.706,49.5865,0.0000
07/17/2019,50.972,48823635,51.134,51.662,50.67,0.2023
07/18/2019,50.708,23822415,51.01,51.15,50.377,0.1700
07/19/2019,51.636,35242050,51.138,51.992,50.924,0.0
07/22/2019,51.136,34231365,51.75,52.431,50.8382,0.0000
07/23/2019,52.034,25115605,51.342,52.096,50.9,0.2859
07/24/2019,52.976,55364200,51.834,53.214,51.632,-0.0283
07/25/2019,45.764,112091250,46.7,46.9,45.11,-0.0592
07/26/2019,45.608,50138500,45.384,46.052,44.45,-0.3500
07/29/2019,47.154,46366655,45.418,47.188,45.2065,0.3066
07/30/2019,48.452,40545070,46.58,48.672,46.436,-0.3125
07/31/2019,48.322,45891040,48.6,49.336,47.33,0.0
08/01/2019,46.77,41297580,48.53,48.902,46.354,0.0
08/02/2019,46.868,30682405,46.27,47.254,45.846,0.0
08/05/2019,45.664,35141395,45.92,46.2735,45.155,0.3716
08/06/2019,46.15,27821000,46.376,46.5,45.15,0.5106
08/07/2019,46.684,23882500,45.3,46.7138,45.16,0.0
08/08/2019,47.66,26371745,46.89,47.96,46.53,0.0
08/09/2019,47.002,19491220,47.2108,47.792,46.762,0.6597
08/12/2019,45.802,23319685,46.598,47.154,45.75,-0.1366
08/13/2019,47,24344990,45.762,47.2,45.51,-0.5106
08/14/2019,43.924,47812955,46.242,46.3,43.338,0.0000
08/15/2019,43.128,41159760,44.172,44.312,42.31,0.2929
08/16/2019,43.988,26036880,43.332,44.448,43.204,0.0
08/19/2019,45.366,26558740,44.842,45.566,44.34,0.0000
08/20/2019,45.172,20852635,45.524,45.818,44.908,0.7783
08/21/2019,44.166,38998720,44.402,44.644,43.52,0.3612
08/22/2019,44.43,32824820,44.56,45.08,43.644,0.4588
08/23/2019,42.28,42798520,43.994,44.234,42.2,0.2613
08/26/2019,43,25272070,42.72,43.004,42.308,0.4404
08/27/2019,42.816,27103635,43.148,43.76,42.406,-0.0930
08/28/2019,43.118,16193125,42.738,43.45,42.462,0.1172
08/29/2019,44.342,25915520,43.8,44.68,43.6,0.2553
08/30/2019,45.122,46638875,45.83,46.488,44.8426,0.3400
09/03/2019,45.002,26802730,44.816,45.79,44.632,0.0000
09/04/2019,44.136,28843480,45.378,45.692,43.841,0.0850
09/05/2019,45.916,37016610,44.5,45.96,44.17,0.0000
09/06/2019,45.49,20946860,45.44,45.928,45.034,0.2960
09/09/2019,46.358,24013345,46,46.752,45.846,0.0
09/10/2019,47.108,24418570,46.16,47.108,45.788,0.0
09/11/2019,49.42,50213900,47.476,49.6348,47.2,0.0000
09/12/2019,49.174,42906050,49.54,50.7,48.88,0.3715
09/13/2019,49.04,26565725,49.392,49.69,48.973,0.4927
09/16/2019,48.562,23640480,49.2,49.486,48.234,-0.0989
09/17/2019,48.958,19734545,48.494,49.12,48.074,0.0000
09/18/2019,48.698,21140515,49,49.6337,48.474,0.0
09/19/2019,49.32,24415675,49.2,49.588,48.968,0.7964
09/20/2019,48.124,32531320,49.298,49.3892,47.632,0.0
09/23/2019,48.246,21958150,48,49.0359,47.844,0.0000
09/24/2019,44.642,64705550,48.304,48.398,44.522,0.1054
09/25/2019,45.74,47221430,44.912,45.796,43.672,-0.3868
09/26/2019,48.512,60393950,46.132,48.662,45.48,-0.1953
09/27/2019,48.426,55615900,48.44,49.742,47.746,0.0000
09/30/2019,48.174,29730805,48.6,48.796,47.2222,-0.5267
10/01/2019,48.938,30981450,48.3,49.19,47.826,-0.1340
10/02/2019,48.626,31282740,48.658,48.93,47.886,-0.1097
10/03/2019,46.606,75688800,46.372,46.896,44.856,0.0000
10/04/2019,46.286,40105900,46.322,46.956,45.614,0.0103
10/07/2019,47.544,40434785,45.96,47.712,45.71,0.0000
10/08/2019,48.01,43511690,47.174,48.788,46.9,0.3400
10/09/2019,48.906,34675165,48.264,49.459,48.13,0.2202
10/10/2019,48.948,31567085,49.056,49.856,48.316,0.2202
10/11/2019,49.578,42440795,49.43,50.216,49.362,0.0
10/14/2019,51.392,51134300,49.58,51.71,49.426,0.1362
10/15/2019,51.578,32397280,51.54,52,50.824,0.0
10/16/2019,51.95,33521515,51.478,52.42,51.384,0.0
10/17/2019,52.394,23895215,52.5,52.956,52.034,0.0000
10/18/2019,51.39,28768330,52.14,52.56,51.02,0.1806
10/21/2019,50.7,25540505,51.666,51.9,50.036,0.3327
10/22/2019,51.116,23125475,50.864,51.666,50.17,0.1113
10/23/2019,50.936,56080900,50.9,51.228,50.27,0.2694
10/24/2019,59.936,149096150,59.674,60.986,57.84,0.1263
10/25/2019,65.626,150030450,59.544,66,59.222,0.0000
10/28/2019,65.542,94351450,65.508,68.168,64.52,-0.2009
10/29/2019,63.244,63421350,63.998,64.86,62.95,0.0000
10/30/2019,63.002,48209050,62.6,63.758,61.994,0.2732
10/31/2019,62.984,25334780,62.62,63.8,62.6,0.0727
11/01/2019,62.662,31919645,63.264,63.296,61.96,0.1001
11/04/2019,63.494,43935200,62.96,64.388,61.852,0.0000
11/05/2019,63.444,34717085,63.924,64.702,63.2236,0.1266
11/06/2019,65.316,39704660,63.6,65.344,62.9,0.0000
11/07/2019,67.108,72336750,65.828,68.3,65.604,0.0
11/08/2019,67.428,30371105,66.9,67.492,66.5,0.0
11/11/2019,69.018,49968445,68.79,69.838,68.4,0.1465
11/12/2019,69.986,36796915,69.38,70.074,68.808,0.0000
11/13/2019,69.222,42339315,71,71.266,69.036,0.0000
11/14/2019,69.87,32358515,69.222,70.768,68.582,0.0
11/15/2019,70.434,24062815,70.128,70.56,69.672,0.1132
11/18/2019,69.998,22042525,70.5834,70.63,69.22,0.3400
11/19/2019,71.904,38680390,70.35,71.998,69.56,0.0
11/20/2019,70.444,33669825,72,72.24,69.914,0.0000
11/21/2019,70.966,30550065,70.902,72.168,70.8008,0.0000
11/22/2019,66.608,84353200,68.032,68.2,66,0.0034
11/25/2019,67.268,61728850,68.864,68.914,66.892,0.1135
11/26/2019,65.784,39781195,67.054,67.1,65.42,0.6705
11/27/2019,66.258,27817295,66.224,66.786,65.714,0.0000
11/29/2019,65.988,12328145,66.222,66.252,65.5,0.1027
12/02/2019,66.974,30409930,65.88,67.2765,65.7374,-0.2248
12/03/2019,67.24,33067380,66.524,67.582,66.4372,0.0000
12/04/2019,66.606,27681275,67.55,67.572,66.57,0.3298
12/05/2019,66.074,18684880,66.566,66.8845,65.45,0.0000
12/06/2019,67.178,38094685,67,67.772,66.954,0.0
12/09/2019,67.906,45201085,67.318,68.89,67.016,0.0000
12/10/2019,69.768,44199755,67.992,70.146,67.862,-0.1268
12/11/2019,70.54,34595810,70.3753,71.438,70.218,0.0000
12/12/2019,71.936,38881055,70.984,72.548,70.646,0.0000
12/13/2019,71.678,32871405,72.21,73.042,70.928,0.0000
12/16/2019,76.3,91104700,72.51,76.722,72.5,0.0640
12/17/2019,75.798,42518875,75.798,77.1,75.18,0.0
12/18/2019,78.63,70681950,76.126,79.044,76.116,0.2023
12/19/2019,80.808,90601550,79.464,81.37,79.3,0.0674
12/20/2019,81.118,73926050,82.058,82.6,80.037,0.1700
12/23/2019,83.844,66664100,82.356,84.402,82,0.3185
12/24/2019,85.05,40273600,83.672,85.094,82.5375,0.0000
12/26/2019,86.188,53241450,85.582,86.696,85.27,0.0000
12/27/2019,86.076,49784135,87,87.062,85.222,0.0000
12/30/2019,82.94,63006350,85.758,85.8,81.8518,0.0000
12/31/2019,83.666,51462300,81,84.258,80.416,0.0000
01/02/2020,86.052,47791930,84.9,86.1391,84.342,0.4019
01/03/2020,88.602,88973500,88.1,90.8,87.384,0.0000
01/06/2020,90.308,50787500,88.094,90.312,88,0.2155
01/07/2020,93.812,91045700,92.28,94.326,90.671,-0.1133
01/08/2020,98.428,155996950,94.74,99.698,93.646,0.0296
01/09/2020,96.268,142315950,99.42,99.76,94.574,0.0258
01/10/2020,95.63,64884150,96.358,96.988,94.74,0.0000
01/13/2020,104.972,133172750,98.7,105.126,98.4,-0.0355
01/14/2020,107.584,145306900,108.851,109.482,104.98,0.3818
01/15/2020,103.7,86844150,105.952,107.568,103.3571,0.2202
01/16/2020,102.698,108683250,98.75,102.892,98.434,0.0000
01/17/2020,102.1,68145350,101.522,103.134,100.632,0.0510
01/21/2020,109.44,89017350,106.05,109.716,105.682,-0.0042
01/22/2020,113.912,156845150,114.378,118.9,111.82,0.0000
01/23/2020,114.44,98255200,112.85,116.4,111.1205,0.1132
01/24/2020,112.964,71768000,114.126,114.772,110.852,0.0
01/27/2020,111.604,68040350,108.398,112.888,107.856,0.3400
01/28/2020,113.38,58942450,113.698,115.362,111.616,0.0386
01/29/2020,116.198,91083350,115.138,117.96,113.486,0.0740
01/30/2020,128.162,145028400,126.484,130.176,123.6,0.0680
01/31/2020,130.114,78596350,128,130.6,126.504,0.0000
02/03/2020,156,236167500,134.738,157.228,134.704,0.2085
02/04/2020,177.412,304693800,176.592,193.798,166.776,0.0947
02/05/2020,146.94,242119200,164.652,169.196,140.8221,0.1658
02/06/2020,149.792,199403750,139.984,159.166,137.4,0.0000
02/07/2020,149.614,85317600,146.11,153.95,146,0.3818
02/10/2020,154.256,123445800,160,163.998,150.48,0.1470
02/11/2020,154.876,58487350,153.758,156.7012,151.6,0.0000
02/12/2020,153.458,60112350,155.574,157.95,152.674,0.0000
02/13/2020,160.8,131446750,148.368,163.6,147,0.0095
02/14/2020,160.006,78468550,157.444,162.594,157.1,0.2693
02/18/2020,171.68,83491850,168.32,172,166.472,-0.0409
02/19/2020,183.484,127114800,184.7,188.956,180.204,0.0506
02/20/2020,179.882,88174450,182.39,182.4,171.988,0.0000
02/21/2020,180.2,71697250,181.396,182.612,176.09,0.4049
02/24/2020,166.758,75960800,167.8,172.7,164.44,0.0000
02/25/2020,159.982,86452400,169.8,171.32,157.4,0.0342
02/26/2020,155.76,70769200,156.5,162.662,155.222,-0.0911
02/27/2020,135.8,121385800,146,147.954,133.8,-0.2710
02/28/2020,133.598,122820850,125.94,138.104,122.304,0.0000
03/02/2020,148.724,100974950,142.252,148.738,137.334,0.0000
03/03/2020,149.102,128920000,161,161.396,143.2221,-0.1133
03/04/2020,149.9,75244900,152.7921,153.304,144.9469,0.3818
03/05/2020,144.908,54263300,144.754,149.15,143.614,0.0000
03/06/2020,140.696,63314600,138.0008,141.4,136.854,0.0740
03/09/2020,121.6,85368700,121.078,132.5996,121,0.0197
03/10/2020,129.066,77972200,131.886,133.6,121.6,0.0823
03/11/2020,126.846,67067950,128.04,130.716,122.6,-0.0953
03/12/2020,112.11,94545250,116.178,118.9,109.25,0.0987
03/13/2020,109.324,113201250,119,121.514,100.4,0.0000
03/16/2020,89.014,102447300,93.8999,98.974,88.434,0.0000
03/17/2020,86.04,119972900,88.002,94.37,79.2,0.1101
03/18/2020,72.244,118930800,77.8,80.972,70.102,-0.0275
03/19/2020,85.528,150977300,74.9394,90.4,71.692,-0.1061
03/20/2020,85.506,141427500,87.64,95.4,85.158,0.0000
03/23/2020,86.858,82272750,86.72,88.4,82.1,0.0
03/24/2020,101,114475850,95.46,102.738,94.8,0.0000
03/25/2020,107.85,106113750,109.05,111.4,102.222,0.2294
03/26/2020,105.632,87110400,109.478,112,102.45,0.0000
03/27/2020,102.872,71887050,101,105.16,98.806,0.0000
03/30/2020,100.426,59990350,102.052,103.3294,98.246,0.0000
03/31/2020,104.8,88857450,100.25,108.592,99.4,0.0791
04/01/2020,96.312,66765900,100.8,102.791,95.02,0.3634
04/02/2020,90.894,99292150,96.206,98.852,89.28,0.0330
04/03/2020,96.002,112810400,101.9,103.098,93.678,0.1051
04/06/2020,103.248,74509200,102.24,104.2,99.592,-0.0113
04/07/2020,109.09,89598900,109,113,106.468,0.0000
04/08/2020,109.768,63280100,110.84,111.4416,106.666,-0.4475
04/09/2020,114.6,68250000,112.418,115.0364,111.422,0.0362
04/13/2020,130.19,112377100,118.032,130.4,116.106,0.0000
04/14/2020,141.978,152882550,139.794,148.376,138.486,-0.0722
04/15/2020,145.966,117885000,148.4,150.626,142,0.0510
04/16/2020,149.042,103289300,143.388,151.89,141.343,0.0000
04/17/2020,150.778,65641150,154.456,154.99,149.532,-0.6249
04/20/2020,149.272,73731850,146.54,153.114,142.442,0.0129
04/21/2020,137.344,101045450,146.024,150.666,134.758,0.2050
04/22/2020,146.422,71124150,140.796,146.8,137.742,-0.1702
04/23/2020,141.126,66183500,145.52,146.8,140.626,-0.1366
04/24/2020,145.03,66188050,142.162,146.146,139.636,-0.1366
04/27/2020,159.75,103407200,147.522,159.898,147,0.0000
04/28/2020,153.824,76109800,159.128,161,151.338,0.0000
04/29/2020,160.102,81079900,158.034,160.64,156.632,0.1428
04/30/2020,156.376,142359250,171.038,173.964,152.7,-0.0516
05/01/2020,140.264,162659050,151,154.554,136.608,-0.0815
05/04/2020,152.238,96185450,140.2,152.4,139.6,-0.1756
05/05/2020,153.642,84958300,157.958,159.784,152.436,0.0
05/06/2020,156.516,55616150,155.3,157.96,152.222,0.0000
05/07/2020,156.008,57638450,155.442,159.28,154.47,-0.4404
05/08/2020,163.884,80650450,158.754,164.8,157.402,-0.0193
05/11/2020,162.258,82598000,158.102,164.8,157,-0.0502
05/12/2020,161.882,79534550,165.4,168.658,161.6,-0.1366
05/13/2020,158.192,95327450,164.166,165.2,152.66,-0.0184
05/14/2020,160.666,68410950,156,160.672,152.8,0.1255
05/15/2020,159.834,52592150,158.07,161.0097,157.3104,0.0128
05/18/2020,162.726,58490500,165.556,166.944,160.776,0.2535
05/19/2020,161.602,48182610,163.034,164.414,161.216,0.0937
05/20/2020,163.112,36546355,164.1,165.2,162.36,0.3400
05/21/2020,165.52,61272900,163.2,166.5,159.2,0.2902
05/22/2020,163.376,49937375,164.4348,166.356,162.4,0.2202
05/26/2020,163.774,40448680,166.9,166.92,163.141,-0.0911
05/27/2020,164.046,57747650,164.172,165.542,157,-0.0949
05/28/2020,161.162,36378870,162.702,164.95,160.338,-0.0674
05/29/2020,167,59062450,161.75,167,160.842,0.2202
06/01/2020,179.62,75426500,171.6,179.8,170.82,0.1906
06/02/2020,176.312,67828000,178.94,181.732,174.2,0.1909
06/03/2020,176.592,39747345,177.624,179.588,176.02,0.0000
06/04/2020,172.876,44438565,177.976,179.15,171.688,0.2888
06/05/2020,177.132,39059585,175.568,177.304,173.24,0.0
06/08/2020,189.984,70873650,183.8,190,181.832,0.0068
06/09/2020,188.134,56940750,188.002,190.888,184.7862,0.1531
06/10/2020,205.01,92817050,198.376,205.496,196.5,0.0591
06/11/2020,194.568,79582400,198.04,203.792,194.4,0.2594
06/12/2020,187.056,83816850,196,197.596,182.52,0.0000
06/15/2020,198.18,78485900,183.558,199.768,181.7,0.1048
06/16/2020,196.426,70255400,202.37,202.576,192.478,-0.1457
06/17/2020,198.358,49454000,197.542,201,196.5142,0.1646
06/18/2020,200.792,48759680,200.6,203.84,198.8942,0.0193
06/19/2020,200.18,43398745,202.556,203.194,198.268,-0.0045
06/22/2020,198.864,31811750,199.99,201.776,198.004,-0.0716
06/23/2020,200.356,31826355,199.776,202.4,198.802,-0.1130
06/24/2020,192.17,54797950,198.822,200.1769,190.6283,-0.2134
06/25/2020,197.196,46272745,190.854,197.196,187.43,0.1499
06/26/2020,191.948,44274540,198.956,199,190.974,0.5209
06/29/2020,201.87,45132020,193.802,202,189.704,0.1340
06/30/2020,215.962,84592500,201.3,217.538,200.746,-0.0290
07/01/2020,223.926,66634500,216.6,227.066,216.1,0.2586
07/02/2020,241.732,86250600,244.296,245.6,237.12,0.1289
07/06/2020,274.316,102849300,255.338,275.558,253.2088,0.2622
07/07/2020,277.972,107448300,281.002,285.9,267.342,0.1050
07/08/2020,273.176,81556550,281,283.452,262.268,0.0000
07/09/2020,278.856,58588000,279.398,281.712,270.256,0.2135
07/10/2020,308.93,116687750,279.2,309.783,275.202,0.1656
07/13/2020,299.412,194926800,331.8,358.998,294.222,0.0886
07/14/2020,303.36,117090700,311.2,318,286.2,0.2012
07/15/2020,309.202,81839150,308.6,310,291.4,0.0070
07/16/2020,300.128,71503950,295.432,306.342,293.2,0.2651
07/17/2020,300.168,46649860,302.69,307.502,298,0.6705
07/20/2020,328.6,85606850,303.802,330,297.6,0.3922
07/21/2020,313.672,80786400,327.986,335,311.6,0.2725
07/22/2020,318.466,70805400,319.8,325.284,312.4,0.1986
07/23/2020,302.614,121642500,335.79,337.8,296.154,0.0765
07/24/2020,283.4,96983100,283.202,293,273.308,0.2925
07/27/2020,307.92,80243350,287,309.588,282.6001,0.0069
07/28/2020,295.298,79043500,300.8,312.94,294.884,0.2542
07/29/2020,299.822,47134465,300.2,306.962,297.4,-0.0903
07/30/2020,297.498,38105195,297.6,302.648,294.2,0.3750
07/31/2020,286.152,61234800,303,303.41,284.196,0.1686
08/03/2020,297,44046730,289.84,301.962,288.8769,0.0000
08/04/2020,297.4,42074950,299.002,305.482,292.4,0.4215
08/05/2020,297.004,24890075,298.598,299.9677,293.662,0.4019
08/06/2020,297.916,29961565,298.166,303.462,295.452,0.1700
08/07/2020,290.542,44482100,299.9074,299.95,283.002,0.0
08/10/2020,283.714,37611320,289.6,291.5,277.168,0.0640
08/11/2020,274.878,43129170,279.2,284,273,0.0370
08/12/2020,310.952,109494150,294,317,287,0.1776
08/13/2020,324.2,102126550,322.2,330.236,313.452,0.1340
08/14/2020,330.142,62888050,332.998,333.76,325.328,0.2089
08/17/2020,367.128,101211600,335.4,369.172,334.566,-0.1135
08/18/2020,377.418,82372450,379.798,384.78,369.022,-0.0357
08/19/2020,375.706,61026650,373,382.2,368.242,0.2650
08/20/2020,400.366,103059000,372.136,404.398,371.412,0.2475
08/21/2020,409.996,107447800,408.952,419.098,405.01,-0.2628
08/24/2020,402.84,100318100,425.255,425.8,385.504,-0.0139
08/25/2020,404.668,53294450,394.978,405.59,393.6,0.1468
08/26/2020,430.634,71196900,412,433.2,410.7258,0.1304
08/27/2020,447.75,118465200,436.092,459.12,428.5,0.1271
08/28/2020,442.68,100405900,459.024,463.698,437.304,0.2632
08/31/2020,498.32,118374400,444.61,500.14,440.11,0.0987
09/01/2020,475.05,90119420,502.14,502.49,470.51,0.0592
09/02/2020,447.37,96176130,478.99,479.04,405.1206,0.1582
09/03/2020,407,87596090,407.23,431.8,402,0.0358
09/04/2020,418.32,110321900,402.81,428,372.0201,0.0641
09/08/2020,330.21,115465700,356,368.74,329.88,-0.0573
09/09/2020,366.28,79465770,356.6,369,341.51,0.0628
09/10/2020,371.34,84930610,386.21,398.99,360.56,0.2452
09/11/2020,372.72,60717460,381.94,382.5,360.5,0.0805
09/14/2020,419.62,83020610,380.95,420,373.3,0.0212
09/15/2020,449.76,97298230,436.56,461.94,430.7,0.2557
09/16/2020,441.76,72546760,439.87,457.79,435.31,-0.0256
09/17/2020,423.43,76779160,415.6,437.79,408.0001,0.0267
09/18/2020,442.15,86406820,447.94,451,428.8,0.0275
09/21/2020,449.39,109476800,453.13,455.68,407.07,-0.0146
09/22/2020,424.23,79580800,429.6,437.76,417.6001,-0.0932
09/23/2020,380.36,95074180,405.16,412.15,375.8801,-0.0914
09/24/2020,387.79,96561060,363.8,399.5,351.3,0.0881
09/25/2020,407.34,67208460,393.47,408.7323,391.3,0.0645
09/28/2020,421.2,49719560,424.62,428.08,415.55,0.1652
09/29/2020,419.07,50341400,416,428.5,411.6,0.2461
09/30/2020,429.01,48145570,421.32,433.93,420.47,0.1054
10/01/2020,448.16,50741450,440.76,448.88,434.42,-0.0502
10/02/2020,415.09,71430030,421.39,439.13,415,0.1059
10/05/2020,425.68,44722790,423.35,433.64,419.33,0.0721
10/06/2020,413.98,49146260,423.79,428.7799,406.05,0.0000
10/07/2020,425.3,43127710,419.87,429.9,413.845,-0.0855
10/08/2020,425.92,40421120,438.44,439,425.3,-0.0640
10/09/2020,434,28925660,430.13,434.5899,426.4601,0.1909
10/12/2020,442.3,38791130,442,448.74,438.58,0.1028
10/13/2020,446.65,34463670,443.35,448.89,436.6,0.0083
10/14/2020,461.3,48045390,449.78,465.9,447.35,-0.1138
10/15/2020,448.88,35672350,450.31,456.57,442.5,-0.0848
10/16/2020,439.67,32775880,454.44,455.9499,438.85,-0.2421
10/19/2020,430.83,36287840,446.24,447,428.87,-0.0683
10/20/2020,421.94,31656290,431.75,431.75,419.0501,0.0479
10/21/2020,422.64,32370460,422.7,432.95,421.25,0.1969
10/22/2020,425.79,39993190,441.92,445.23,424.51,0.0939
10/23/2020,420.63,33716980,421.84,422.8859,407.3801,0.3105
10/26/2020,420.28,28239160,411.63,425.76,410,0.2945
10/27/2020,424.68,22686510,423.76,430.5,420.1,0.2341
10/28/2020,406.02,25451410,416.48,418.6,406,0.0
10/29/2020,410.83,22655310,409.96,418.06,406.46,0.2147
10/30/2020,388.04,42587640,406.8954,407.5915,379.11,-0.1562
11/02/2020,400.51,29021120,394,406.9799,392.3,0.0000
11/03/2020,423.9,34351720,409.73,427.77,406.69,0.0000
11/04/2020,420.98,32143060,430.62,435.4,417.1,0.0000
11/05/2020,438.09,28414520,428.3,440,424.0001,-0.1005
11/06/2020,429.95,21706010,436.1,436.57,424.28,0.0000
11/09/2020,421.26,34833030,439.5,452.5,421,0.2261
11/10/2020,410.36,30284220,420.09,420.09,396.0301,-0.1089
11/11/2020,417.13,17357720,416.45,418.695,410.58,0.3943
11/12/2020,411.76,19940500,415.05,423,409.52,0.0
11/13/2020,408.5,19830350,410.85,412.5319,401.66,0.2339
11/16/2020,408.09,26838640,408.93,412.45,404.0868,0.2896
11/17/2020,441.61,61188280,460.17,462,433.01,0.0166
11/18/2020,486.64,78044020,448.35,496,443.5001,-0.1394
11/19/2020,499.27,62475350,492,508.6112,487.57,-0.0192
11/20/2020,489.61,32911920,497.99,502.5,489.06,0.2349
11/23/2020,521.85,50260300,503.5,526,501.79,-0.0636
11/24/2020,555.38,53648490,540.4,559.99,526.2,0.1583
11/25/2020,574,48930160,550.06,574,545.37,-0.1022
11/27/2020,585.76,37561080,581.16,598.78,578.45,0.0000
11/30/2020,567.6,63003050,602.21,607.8,554.51,0.1480
12/01/2020,584.76,40382830,597.59,597.85,572.05,0.0786
12/02/2020,568.82,47775650,556.44,571.54,541.21,0.0765
12/03/2020,593.38,42552000,590.02,598.97,582.43,0.1055
12/04/2020,599.04,29401310,591.01,599.04,585.5,-0.0330
12/07/2020,641.76,56309710,604.9197,648.7856,603.05,0.0236
12/08/2020,649.88,64265030,625.505,651.28,618.5,-0.0572
12/09/2020,604.48,71291190,653.69,654.32,588,0.0537
12/10/2020,627.07,67083150,574.37,627.75,566.34,-0.2032
12/11/2020,609.99,46474970,615.01,624,596.8,0.0428
12/14/2020,639.83,52040650,619,642.7499,610.2001,-0.0256
12/15/2020,633.25,45223560,643.28,646.9,623.8,0.0800
12/16/2020,622.77,42095810,628.23,632.5,605,0.2123
12/17/2020,655.9,56270140,628.19,658.82,619.5,0.1366
12/18/2020,695,222126200,668.9,695,628.54,-0.0209
12/21/2020,649.86,58045260,666.24,668.5,646.07,-0.1767
12/22/2020,640.34,51861640,648,649.88,614.23,0.0062
12/23/2020,645.98,33172970,632.2,651.4999,622.5701,0.1039
12/24/2020,661.77,22865570,642.99,666.09,641,0.0000
12/28/2020,663.69,32278560,674.51,681.4,660.8,0.0455
12/29/2020,665.99,22910810,661,669.9,655,0.1035
12/30/2020,694.78,42846020,672,696.6,668.3603,0.1899
12/31/2020,705.67,49649930,699.99,718.72,691.12,0.1453
01/04/2021,729.77,48638190,719.46,744.4899,717.1895,0.2280
01/05/2021,735.11,32245170,723.66,740.84,719.2,0.0473
01/06/2021,755.98,44699970,758.49,774,749.1,0.3095
01/07/2021,816.04,51498950,777.63,816.99,775.2,0.4432
01/08/2021,880.02,75055530,856,884.49,838.39,0.0495
01/11/2021,811.19,59554150,849.4,854.43,803.6222,-0.0023
01/12/2021,849.44,46270720,831,868,827.34,0.1395
01/13/2021,854.41,33312500,852.76,860.47,832,-0.1517
01/14/2021,845,31266330,843.39,863,838.75,0.0966
01/15/2021,826.16,38777600,852,859.9,819.1,0.2250
01/19/2021,844.55,25366980,837.8,850,833,0.1016
01/20/2021,850.45,25665880,858.74,859.5,837.28,0.0000
01/21/2021,844.99,20598130,855,855.7199,841.4201,-0.1441
01/22/2021,846.64,20066500,834.31,848,828.62,-0.1468
01/25/2021,880.8,41173400,855,900.4,838.8201,0.1910
01/26/2021,883.09,23131600,891.38,895.9,871.6,0.0510
01/27/2021,864.16,27333960,870.35,891.5,858.66,0.0767
01/28/2021,835.43,26378050,820,848,801,-0.0739
01/29/2021,793.53,34990750,830,842.41,780.1,0.0849
02/01/2021,839.81,25391390,814.29,842,795.5601,0.1756
02/02/2021,872.79,24346210,844.68,880.5,842.2006,-0.0009
02/03/2021,854.69,18343510,877.02,878.08,853.0646,-0.0600
02/04/2021,849.99,15812660,855,856.5,833.42,0.1571
02/05/2021,852.23,18566640,845,864.77,838.97,-0.1741
02/08/2021,863.42,20161720,869.67,877.77,854.75,0.0411
02/09/2021,849.46,15157650,855.12,859.8,841.75,-0.1081
02/10/2021,804.82,36216090,843.635,844.82,800.02,-0.0977
02/11/2021,811.66,21622750,812.44,829.8799,801.725,-0.0567
02/12/2021,816.12,23768310,801.26,817.33,785.3306,-0.0032
02/16/2021,796.22,19802320,818,821,792.44,0.2775
02/17/2021,798.15,26078900,779.09,799.84,762.01,-0.0398
02/18/2021,787.38,17957060,780.9,794.69,776.27,-0.0480
02/19/2021,781.3,18958260,795,796.7899,777.37,0.0433
02/22/2021,714.5,37269720,762.64,768.5,710.2,0.0216
02/23/2021,698.84,66606880,662.13,713.6099,619,0.0361
02/24/2021,742.02,36766950,711.85,745,694.17,0.2620
02/25/2021,682.22,39023860,726.15,737.2066,670.58,-0.1308
02/26/2021,675.5,41089170,700,706.7,659.51,-0.0802
03/01/2021,718.43,27136240,690.11,872,685.05,0.1144
03/02/2021,686.44,23732160,718.28,721.11,685,-0.1713
03/03/2021,653.2,30207960,687.99,700.7,651.705,0.1038
03/04/2021,621.44,65919530,655.8,873.94,600,-0.0155
03/05/2021,597.95,89396460,626.06,627.8419,539.49,-0.0583
03/08/2021,563,51786960,600.55,620.125,558.79,0.0640
03/09/2021,673.58,67523330,608.18,678.09,595.21,0.2726
03/10/2021,668.06,60605670,700.3,717.85,655.06,0.0405
03/11/2021,699.6,36253890,699.4,702.5,677.18,0.0354
03/12/2021,693.73,33583840,670,694.88,666.1394,-0.0750
03/15/2021,707.94,29423480,694.09,713.18,684.04,-0.0837
03/16/2021,676.88,32195670,703.35,707.92,671,0.0077
03/17/2021,701.81,40372450,656.87,703.73,651.01,-0.0082
03/18/2021,653.16,33369020,684.29,689.23,652,-0.0314
03/19/2021,654.87,42893980,646.6,657.23,624.6201,-0.1550
03/22/2021,670,39512220,684.59,699.62,668.75,0.1496
03/23/2021,662.16,30491870,675.77,677.8,657.51,0.0683
03/24/2021,630.27,33795170,667.91,668.02,630.11,0.0185
03/25/2021,640.39,39224850,613,645.5,609.5,-0.1545
03/26/2021,618.71,33852830,641.87,643.82,599.89,0.3797
03/29/2021,611.29,28636990,615.64,616.48,596.02,0.0774
03/30/2021,635.62,39432360,601.75,637.66,591.01,0.0819
03/31/2021,667.93,33337290,646.62,672,641.11,0.2910
04/01/2021,661.75,35298380,688.37,692.4203,659.42,0.2299
04/05/2021,691.05,41842770,707.71,708.16,684.7,0.1580
04/06/2021,691.62,28271840,690.3,696.55,681.37,0.1370
04/07/2021,670.97,26309430,687,691.38,667.84,0.1474
04/08/2021,683.8,23924330,677.38,689.5499,671.645,0.0636
04/09/2021,677.02,21437090,677.77,680.97,669.43,0.2335
04/12/2021,701.98,29135670,685.7,704.8,682.09,0.1197
04/13/2021,762.32,44652810,712.7,763,710.66,-0.0680
04/14/2021,732.23,49017430,770.7,780.79,728.03,0.0881
04/15/2021,738.85,27848900,743.1,743.69,721.31,-0.0623
04/16/2021,739.78,27979530,728.65,749.41,724.6,0.0864
04/19/2021,714.63,39686230,719.6,725.4,691.8001,-0.2764
04/20/2021,718.99,35609040,717.42,737.25,710.685,-0.1085
04/21/2021,744.12,31215510,704.77,744.84,698,0.1273
04/22/2021,719.69,35590260,741.5,753.77,718.04,-0.0576
04/23/2021,729.4,28413890,719.8,737.36,715.46,0.0007
04/26/2021,738.2,31038500,741,749.3,732.6053,0.1009
04/27/2021,704.74,29437000,717.96,724,703.3501,0.0193
04/28/2021,694.4,22271050,696.41,708.5,693.6,0.0818
04/29/2021,677,28845450,699.51,702.25,668.5002,0.0956
04/30/2021,709.44,40758720,667.59,715.47,666.14,-0.0953
05/03/2021,684.9,27043140,703.8,706,680.5,0.1195
05/04/2021,673.6,29739320,678.94,683.4464,657.701,0.0674
05/05/2021,670.94,21901890,681.06,685.2955,667.34,-0.1606
05/06/2021,663.54,27784620,680.76,681.02,650,0.0000
05/07/2021,672.37,23469170,665.8,690,660.22,-0.0838
05/10/2021,629.04,31392420,664.9,665.05,627.6101,-0.0190
05/11/2021,617.2,46503900,599.24,627.0999,595.6,-0.0039
05/12/2021,589.89,33823650,602.49,620.41,586.765,0.1867
05/13/2021,571.69,44184920,601.545,606.4599,559.65,0.0086
05/14/2021,589.74,33370860,583.41,592.87,570.46,0.0884
05/17/2021,576.83,32247800,575.553,589.73,561.2,-0.0676
05/18/2021,577.87,36830570,568,596.25,563.38,-0.0534
05/19/2021,563.46,39578400,552.55,566.21,546.98,-0.1234
05/20/2021,586.78,30821120,575,588.85,571.07,-0.1446
05/21/2021,580.88,26030600,596.11,596.68,580,0.1216
05/24/2021,606.44,34558090,581.6,614.48,573.65,0.0000
05/25/2021,604.69,28005930,607.31,613.99,595.71,-0.0662
05/26/2021,619.13,28639310,607.56,626.17,601.5,0.0084
05/27/2021,630.85,26370590,620.24,631.13,616.21,0.0727
05/28/2021,625.22,22737040,628.5,635.59,622.38,0.0336
06/01/2021,623.9,18084890,627.8,633.8,620.55,-0.1542
06/02/2021,605.12,23302780,620.13,623.36,599.14,-0.0707
06/03/2021,572.84,30111890,601.8,604.55,571.22,-0.0855
06/04/2021,599.05,24036900,579.71,600.61,577.2,0.0000
06/07/2021,605.13,22543680,591.825,610,582.88,0.0760
06/08/2021,603.59,26053410,623.01,623.09,595.5,0.2714
06/09/2021,598.78,16584570,602.17,611.79,597.6301,-0.3182
06/10/2021,610.12,23919610,603.88,616.59,600.5,0.0000
06/11/2021,609.89,16205300,610.23,612.56,601.52,0.0000
06/14/2021,617.69,20423980,612.23,625.49,609.18,0.0896
06/15/2021,599.36,17764150,616.69,616.79,598.23,-0.0247
06/16/2021,604.87,22144130,597.535,608.5,593.5,0.2416
06/17/2021,616.6,22701350,601.888,621.47,601.34,0.1863
06/18/2021,623.31,24560910,613.37,628.35,611.8,0.1132
06/21/2021,620.83,24812740,624.48,631.39,608.88,-0.0623
06/22/2021,623.71,19158890,618.25,628.5693,615.5,-0.0930
06/23/2021,656.57,31099230,632,657.204,630.04,0.0682
06/24/2021,679.82,45982390,674.99,697.62,667.61,0.2087
06/25/2021,671.87,32496710,689.58,693.81,668.7,-0.1447
06/28/2021,688.72,21628160,671.64,694.6999,670.32,0.0691
06/29/2021,680.76,17381310,684.65,687.5099,675.89,0.1687
06/30/2021,679.7,18924860,679.77,692.81,678.14,0.1702
07/01/2021,677.92,18634520,683.92,687.99,672.8,0.1848
07/02/2021,678.9,27097370,678.98,700,673.26,0.2029
07/06/2021,659.58,23284450,681.7115,684,651.4002,0.2597
07/07/2021,644.65,18791960,664.27,665.7,638.32,0.1815
07/08/2021,652.81,22773320,628.37,654.43,620.46,-0.0725
07/09/2021,656.95,18140550,653.185,658.91,644.69,0.0833
07/12/2021,685.7,25927040,662.2,687.24,662.161,0.1602
07/13/2021,668.54,20966090,686.32,693.28,666.2958,0.0306
07/14/2021,653.38,21641190,670.75,678.6099,652.84,0.0000
07/15/2021,650.6,20209570,658.39,666.14,637.88,0.1356
07/16/2021,644.22,16370970,654.68,656.6999,642.2,-0.2450
07/19/2021,646.22,21297090,629.89,647.1999,621.29,0.0000
07/20/2021,660.5,15487130,651.99,662.3916,640.501,0.0073
07/21/2021,655.29,13953340,659.61,664.8599,650.2901,0.1693
07/22/2021,649.26,15105730,656.4428,662.17,644.6001,0.1080
07/23/2021,643.38,14604940,646.36,648.8,637.3001,-0.0333
07/26/2021,657.62,25336560,650.97,668.1999,647.11,-0.0210
07/27/2021,644.78,32813290,663.4,666.5,627.24,0.0638
07/28/2021,646.98,16006600,646.995,654.9699,639.4001,0.0566
07/29/2021,677.35,30394640,649.79,683.69,648.8,0.2367
07/30/2021,687.2,29656410,671.758,697.53,669,-0.1540
08/02/2021,709.67,33615770,700,726.94,698.4,0.0527
08/03/2021,709.74,21620250,719,722.65,701.01,0.1959
08/04/2021,710.92,17002650,711,724.9,708.93,0.0
08/05/2021,714.63,12919640,716,720.9499,711.41,0.0000
08/06/2021,699.1,15623050,711.9,716.33,697.63,0.1529
08/09/2021,713.76,14715350,710.17,719.03,705.13,-0.0903
08/10/2021,709.99,13432310,713.99,716.59,701.88,-0.0187
08/11/2021,707.82,9800558,712.71,715.18,704.21,0.0000
08/12/2021,722.25,17681690,706.34,722.8,699.4,0.1060
08/13/2021,717.17,16731470,723.71,729.9,714.34,0.1405
08/16/2021,686.17,23103300,705.07,709.5,676.4,0.0157
08/17/2021,665.71,23721280,672.66,674.58,648.84,0.0127
08/18/2021,688.99,20349380,669.748,695.77,669.35,-0.0688
08/19/2021,673.47,14313490,678.21,686.55,667.59,0.0594
08/20/2021,680.26,14841870,682.85,692.1299,673.7,-0.0516
08/23/2021,706.3,20264860,685.442,712.1299,680.7505,-0.0339
08/24/2021,708.49,13083070,710.68,715.22,702.64,-0.2238
08/25/2021,711.2,12645560,707.03,716.97,704,0.0000
08/26/2021,701.16,13214290,708.31,715.4,697.6201,0.2741
08/27/2021,711.92,13833760,705,715,702.1001,0.0
08/30/2021,730.91,18604220,714.715,731,712.73,0.3404
08/31/2021,735.72,20855440,733,740.39,726.44,-0.4404
09/01/2021,734.09,13204340,734.08,741.99,731.2701,-0.3243
09/02/2021,732.39,12796740,734.5,740.97,730.54,-0.0625
09/03/2021,733.57,15271050,732.249,734,724.2,-0.0937
09/07/2021,752.92,20039830,740,760.2,739.26,0.0740
09/08/2021,753.87,18793040,761.58,764.45,740.7733,0.2884
09/09/2021,754.86,14077730,753.41,762.1,751.6301,0.1889
09/10/2021,736.27,15184170,759.6,762.61,734.5201,0.1297
09/13/2021,743,22952480,740.214,744.78,708.85,-0.0772
09/14/2021,744.49,18524880,742.57,754.47,736.4,0.0506
09/15/2021,755.83,15357690,745,756.86,738.36,0.5452
09/16/2021,756.99,13923390,752.83,758.91,747.61,0.3718
09/17/2021,759.49,28204180,757.15,761.04,750,0.0045
09/20/2021,730.17,24757650,734.5577,742,718.6249,-0.0581
09/21/2021,739.38,16330720,734.79,744.7399,730.44,-0.1250
09/22/2021,751.94,15126270,743.5263,753.6699,739.12,0.0209
09/23/2021,753.64,11947530,755,758.2,747.92,0.0148
09/24/2021,774.39,21373020,745.89,774.8,744.56,-0.0598
09/27/2021,791.36,28070660,773.12,799,769.31,0.1998
09/28/2021,777.56,25381420,787.2,795.64,766.1801,-0.1054
09/29/2021,781.31,20942880,779.8,793.5,770.68,0.0623
09/30/2021,775.48,17955960,781,789.1305,775,0.0000
10/01/2021,775.22,17031410,778.4,780.78,763.59,-0.0784
10/04/2021,781.53,30483340,796.5,806.9699,776.12,-0.0200
10/05/2021,780.59,18432630,784.796,797.31,774.2,-0.1786
10/06/2021,782.75,14632770,776.2,786.66,773.22,0.0770
10/07/2021,793.61,19195780,785.46,805,783.38,0.0344
10/08/2021,785.49,16738600,796.21,796.38,780.91,0.0710
10/11/2021,791.94,14200320,787.65,801.24,785.5,0.1390
10/12/2021,805.72,22020040,800.93,812.32,796.57,0.0530
10/13/2021,811.08,14120080,810.47,815.41,805.78,0.0759
10/14/2021,818.32,12247170,815.49,820.25,813.3501,0.0000
10/15/2021,843.03,18924570,823.738,843.21,822.35,0.0226
10/18/2021,870.11,24207240,851.79,875.26,851.47,0.0617
10/19/2021,864.27,17381130,877.53,877.95,862.51,0.1204
10/20/2021,865.8,14032050,865.35,869.49,857.38,0.0900
10/21/2021,894,31481450,856,900,855.5046,0.0072
10/22/2021,909.68,22880840,895.5,910,890.96,0.0000
10/25/2021,1024.86,62852100,950.53,1045.02,944.2,0.0443
10/26/2021,1018.43,62414970,1024.69,1094.94,1001.44,0.3387
10/27/2021,1037.86,38526460,1039.66,1070.88,1030.78,0.0846
10/28/2021,1077.04,27213170,1068.305,1081,1054.2,0.1945
10/29/2021,1114,29918420,1081.86,1115.21,1073.205,0.0877
11/01/2021,1208.59,56048720,1145,1209.75,1118.66,0.0148
11/02/2021,1172,42737800,1159.355,1208.59,1146,-0.1027
11/03/2021,1213.86,34628520,1177.33,1215.39,1152.62,-0.0427
11/04/2021,1229.91,25397410,1234.41,1243.49,1217,0.1700
11/05/2021,1222.09,21628810,1228,1239.87,1208,-0.0795
11/08/2021,1162.94,33445720,1149.785,1197,1133,0.0391
11/09/2021,1023.5,59105840,1173.6,1174.5,1011.52,0.1335
11/10/2021,1067.95,42802720,1010.41,1078.1,987.31,0.0144
11/11/2021,1063.51,22396570,1102.77,1104.97,1054.68,0.1373
11/12/2021,1033.42,25573150,1047.5,1054.5,1019.2,0.2433
11/15/2021,1013.39,34775650,1017.63,1031.98,978.6,0.2099
11/16/2021,1054.73,26542360,1003.31,1057.1999,1002.18,0.1228
11/17/2021,1089.01,31445370,1063.51,1119.64,1055.5,0.0000
11/18/2021,1096.38,20898930,1106.55,1112,1075.02,-0.0452
11/19/2021,1137.06,21642260,1098.87,1138.7199,1092.7,-0.1198
11/22/2021,1156.87,33072510,1162.33,1201.95,1132.43,0.1893
11/23/2021,1109.03,36171700,1167.51,1180.4999,1062.7,-0.0233
11/24/2021,1116,22560240,1080.39,1132.77,1062,0.1004
