2015/01/02,0.152725,9.0,0.1310490196078431,308.5199890136719,2783200.0,312.5799865722656,314.75,306.9599914550781,308.5199890136719
2015/01/05,0.0,0.0,0.1214180693069306,302.19000244140625,2774200.0,307.010009765625,308.3800048828125,300.8500061035156,302.19000244140625
2015/01/06,0.5267,7.0,0.1145874538745387,295.2900085449219,3519000.0,302.239990234375,303.0,292.3800048828125,295.2900085449219
2015/01/07,0.152725,7.5,0.0520648902821316,298.4200134277344,2640300.0,297.5,301.2799987792969,295.3299865722656,298.4200134277344
2015/01/08,0.0,0.0,0.0888309148264984,300.4599914550781,3088400.0,300.32000732421875,303.1400146484375,296.1099853515625,300.4599914550781
2015/01/09,0.0,10.0,0.0899900826446281,296.92999267578125,2592400.0,301.4800109863281,302.8699951171875,296.67999267578125,296.92999267578125
2015/01/12,0.0562,6.0,0.1194138138138138,291.4100036621094,3421400.0,297.55999755859375,298.510009765625,289.2799987792969,291.4100036621094
2015/01/13,0.1282333333333333,5.888888888888889,0.1480154135338346,294.739990234375,4136400.0,297.4800109863281,301.5,293.2300109863281,294.739990234375
2015/01/14,0.184,4.0,0.108836033519553,293.2699890136719,5538700.0,291.92999267578125,295.9100036621094,286.5,293.2699890136719
2015/01/15,0.1779,5.0,0.0845418103448275,286.95001220703125,4419200.0,294.0,296.0,286.82000732421875,286.95001220703125
2015/01/16,0.3473333333333332,7.5,0.0518340548340548,290.739990234375,3478200.0,286.2799987792969,290.7900085449219,285.25,290.739990234375
2015/01/20,0.1779,5.0,0.1870245674740484,289.44000244140625,3075100.0,292.5899963378906,293.3599853515625,286.3900146484375,289.44000244140625
2015/01/21,0.4478999999999999,10.5,0.1710432300163132,297.25,10065100.0,289.6400146484375,306.0,287.260009765625,297.25
2015/01/22,0.1779,7.0,0.037064854517611,310.32000732421875,5362600.0,300.0,312.25,300.0,310.32000732421875
2015/01/23,0.0,0.0,0.067245995145631,312.3900146484375,4496400.0,308.0799865722656,316.92999267578125,307.7200012207031,312.3900146484375
2015/01/26,0.2926499999999999,4.25,0.1118894259818731,309.6600036621094,3169700.0,311.82000732421875,313.0,307.5199890136719,309.6600036621094
2015/01/27,0.0,3.0,0.1134905852417302,306.75,2920300.0,306.29998779296875,310.239990234375,302.6300048828125,306.75
2015/01/28,-0.4019,6.0,0.1722844036697247,303.9100036621094,3063800.0,309.80999755859375,311.510009765625,303.79998779296875,303.9100036621094
2015/01/29,0.1459111111111111,8.194444444444445,0.1460210140500916,311.7799987792969,8656600.0,304.7300109863281,312.79998779296875,299.3299865722656,311.7799987792969
2015/01/30,0.356475,10.916666666666666,0.1468277538461538,354.5299987792969,23856100.0,346.32000732421875,359.5,340.739990234375,354.5299987792969
2015/02/02,0.21075,8.0,0.1152378326996197,364.4700012207031,10231900.0,350.04998779296875,365.0,350.010009765625,364.4700012207031
2015/02/03,0.1551583333333333,5.75,0.1430047957371225,363.5499877929687,6212600.0,360.2900085449219,367.8200073242187,360.2099914550781,363.5499877929687
2015/02/04,0.26955,4.5,0.105416581632653,364.75,4169900.0,358.3800048828125,367.5,358.2300109863281,364.75
2015/02/05,0.133425,4.75,0.1430062360801781,373.8900146484375,7247600.0,366.0,378.7999877929687,365.8999938964844,373.8900146484375
2015/02/06,0.2400666666666666,9.0,0.1191419607843137,374.2799987792969,3892400.0,374.8699951171875,375.989990234375,371.010009765625,374.2799987792969
2015/02/09,-0.128,4.0,0.14716875,370.55999755859375,2724600.0,371.0,374.4100036621094,367.2000122070313,370.55999755859375
2015/02/10,0.34,10.0,0.1282577519379845,373.0,2287200.0,371.19000244140625,374.2999877929687,368.510009765625,373.0
2015/02/11,0.0,0.0,0.1059966666666666,375.1400146484375,2786500.0,371.2300109863281,377.1000061035156,371.1000061035156,375.1400146484375
2015/02/12,0.0,0.0,0.120681081081081,377.1700134277344,2791100.0,375.1000061035156,378.510009765625,373.1499938964844,377.1700134277344
2015/02/13,0.02805,5.0,0.1647449122807017,381.8299865722656,3475100.0,378.4100036621094,383.0,377.010009765625,381.8299865722656
2015/02/17,0.201625,5.0,0.127541628959276,375.4299926757813,3673200.0,377.7200012207031,379.989990234375,372.6700134277344,375.4299926757813
2015/02/18,0.162025,4.5,0.1533867924528301,373.3699951171875,2650600.0,373.7799987792969,376.739990234375,372.8500061035156,373.3699951171875
2015/02/19,0.5103,6.0,0.1218688481675392,379.0,2953800.0,373.489990234375,381.8800048828125,373.4299926757813,379.0
2015/02/20,0.296,7.0,0.1081946327683615,383.6600036621094,3258000.0,378.6199951171875,383.7000122070313,375.8399963378906,383.6600036621094
2015/02/23,0.0,0.0,0.1162776422764227,380.1400146484375,2177000.0,383.44000244140625,384.5400085449219,378.0,380.1400146484375
2015/02/24,0.1974,8.5,0.1628873831775701,378.5899963378906,1920800.0,378.6499938964844,380.4800109863281,376.1600036621094,378.5899963378906
2015/02/25,0.1779,8.5,0.1507122159090909,385.3699951171875,3174500.0,377.2699890136719,387.8500061035156,376.5400085449219,385.3699951171875
2015/02/26,0.1779,5.0,0.1225062314540059,384.7999877929687,2687100.0,384.0700073242187,389.3699951171875,383.2799987792969,384.7999877929687
2015/02/27,0.39515,7.5,0.0853192771084337,380.1600036621094,2532300.0,384.0,385.989990234375,379.7900085449219,380.1600036621094
2015/03/02,0.1779,4.5,0.1136333333333333,385.6600036621094,2139200.0,380.8500061035156,385.8999938964844,379.4800109863281,385.6600036621094
2015/03/03,0.42935,7.0,0.1623171339563862,384.6099853515625,1946500.0,383.9500122070313,386.1000061035156,381.6000061035156,384.6099853515625
2015/03/04,0.1779,7.0,0.1072186390532544,382.7200012207031,2259100.0,385.7099914550781,387.8999938964844,382.19000244140625,382.7200012207031
2015/03/05,0.4242,6.5,0.0975935406698564,387.8299865722656,2693500.0,385.6099853515625,388.4200134277344,383.8900146484375,387.8299865722656
2015/03/06,0.14825,6.666666666666666,0.1012946629213483,380.0899963378906,2627000.0,385.5199890136719,387.0,378.8800048828125,380.0899963378906
2015/03/09,0.08895,9.25,0.0706578431372549,378.55999755859375,2311400.0,378.3999938964844,379.3299865722656,375.2799987792969,378.55999755859375
2015/03/10,0.283,7.0,0.0839309608540925,369.510009765625,3121000.0,377.4500122070313,377.7699890136719,369.1799926757813,369.510009765625
2015/03/11,0.1840916666666666,10.166666666666666,0.099620848056537,366.3699951171875,2495100.0,370.6099853515625,373.3500061035156,366.260009765625,366.3699951171875
2015/03/12,0.3295499999999999,8.75,0.1188906367041198,374.239990234375,2810000.0,368.8200073242187,375.5,367.5199890136719,374.239990234375
2015/03/13,0.0,0.0,0.1154765432098765,370.5799865722656,2611700.0,371.5199890136719,373.989990234375,366.6799926757813,370.5799865722656
2015/03/16,0.1779,5.0,0.0474006134969325,373.3500061035156,2354100.0,370.3800048828125,373.94000244140625,366.7200012207031,373.3500061035156
2015/03/17,-0.0772,14.0,0.0948879629629629,371.9200134277344,2037000.0,371.1099853515625,374.5,369.6400146484375,371.9200134277344
2015/03/18,0.0,0.0,0.1303227436823104,375.1400146484375,2654100.0,369.9700012207031,375.989990234375,366.7000122070313,375.1400146484375
2015/03/19,0.2896499999999999,6.5,0.1828181286549707,373.239990234375,1915700.0,373.8699951171875,377.1099853515625,372.19000244140625,373.239990234375
2015/03/20,0.49775,7.5,0.1360017456359102,378.489990234375,3763600.0,376.2900085449219,379.3699951171875,375.9200134277344,378.489990234375
2015/03/23,0.0,3.0,0.1059628272251309,375.1099853515625,2239300.0,378.0700073242187,381.7699890136719,374.94000244140625,375.1099853515625
2015/03/24,-0.16515,7.5,0.0689272413793103,374.0899963378906,2228200.0,373.989990234375,375.239990234375,372.2699890136719,374.0899963378906
2015/03/25,0.0,0.0,0.1166494584837545,370.9599914550781,3429500.0,375.1700134277344,380.5,370.2900085449219,370.9599914550781
2015/03/26,0.0,0.0,0.1615892307692307,367.3500061035156,2930000.0,369.5899963378906,371.3999938964844,365.6499938964844,367.3500061035156
2015/03/27,-0.034525,7.875,0.107366301369863,370.55999755859375,2609800.0,367.1099853515625,373.1700134277344,366.5700073242187,370.55999755859375
2015/03/30,0.0052666666666666,6.0,0.1500369003690037,374.5899963378906,1820900.0,371.8699951171875,376.1199951171875,371.5499877929687,374.5899963378906
2015/03/31,0.0052666666666666,6.666666666666667,0.092022565320665,372.1000061035156,2506100.0,373.239990234375,377.7000122070313,371.510009765625,372.1000061035156
2015/04/01,0.1879666666666666,9.833333333333334,0.118747619047619,370.260009765625,2458100.0,372.1000061035156,373.1600036621094,368.3399963378906,370.260009765625
2015/04/02,0.26345,6.5,0.1016062314540059,372.25,1875300.0,370.5,373.2799987792969,369.0,372.25
2015/04/06,0.239,7.5,0.1270971193415637,377.0400085449219,3050700.0,370.1000061035156,380.2000122070313,369.3599853515625,377.0400085449219
2015/04/07,0.1860916666666666,8.333333333333334,0.1862641666666666,374.4100036621094,1954900.0,376.1499938964844,379.30999755859375,374.0299987792969,374.4100036621094
2015/04/08,0.09755,6.333333333333334,0.1144807339449541,381.2000122070313,2636400.0,374.6600036621094,381.5799865722656,374.6499938964844,381.2000122070313
2015/04/09,0.3035624999999999,4.5,0.097099746835443,383.5400085449219,2392300.0,380.6600036621094,384.4200134277344,378.7999877929687,383.5400085449219
2015/04/10,0.30205,6.833333333333334,0.1859194444444444,382.6499938964844,2573500.0,384.30999755859375,387.1199951171875,381.3200073242187,382.6499938964844
2015/04/13,0.16985,5.75,0.0725611307420494,382.3599853515625,1894500.0,383.5299987792969,385.2799987792969,380.1400146484375,382.3599853515625
2015/04/14,0.1901,10.5,0.1205245430809399,385.1099853515625,2583600.0,383.510009765625,387.80999755859375,381.2099914550781,385.1099853515625
2015/04/15,0.1779,10.0,0.0742473002159827,383.4500122070313,1933200.0,384.6499938964844,385.7799987792969,381.6400146484375,383.4500122070313
2015/04/16,0.6124,7.0,0.0916142441860465,386.0400085449219,2080400.0,383.69000244140625,387.4500122070313,383.5499877929687,386.0400085449219
2015/04/17,-0.2235,5.0,0.1439776623376623,375.55999755859375,3839700.0,382.6300048828125,383.55999755859375,374.3999938964844,375.55999755859375
2015/04/20,0.0,7.0,0.0753601410934744,389.510009765625,5016100.0,378.5499877929687,391.94000244140625,377.0,389.510009765625
2015/04/21,0.1779,7.0,0.1061747222222222,391.1799926757813,4643500.0,391.30999755859375,394.6000061035156,386.7999877929687,391.1799926757813
2015/04/22,0.295125,6.25,0.0977131078224101,389.7999877929687,3474700.0,391.9100036621094,394.2799987792969,388.0,389.7999877929687
2015/04/23,0.1044892857142857,5.75,0.1138758230958231,389.989990234375,7980000.0,390.2099914550781,391.8800048828125,386.1499938964844,389.989990234375
2015/04/24,0.2551095238095238,6.4523809523809526,0.1552187365706918,445.1000061035156,17176900.0,439.0,452.6499938964844,439.0,445.1000061035156
2015/04/27,0.4939,7.0,0.0679868571428571,438.55999755859375,5430900.0,443.8599853515625,446.989990234375,437.4100036621094,438.55999755859375
2015/04/28,0.1779,6.5,0.1511153153153153,429.30999755859375,4140500.0,438.510009765625,439.0,428.0400085449219,429.30999755859375
2015/04/29,-0.0089333333333333,8.333333333333334,0.0924823529411764,429.3699951171875,3621700.0,426.75,434.239990234375,426.0299987792969,429.3699951171875
2015/04/30,0.3051333333333333,5.5,0.167931914893617,421.7799987792969,3647900.0,427.1099853515625,431.75,419.239990234375,421.7799987792969
2015/05/01,-0.06845,8.5,0.1583895604395604,422.8699951171875,3565800.0,423.8200073242187,425.6400146484375,416.0,422.8699951171875
2015/05/04,0.4593,6.75,0.124351051051051,423.0400085449219,2270400.0,424.7999877929687,429.7699890136719,422.4200134277344,423.0400085449219
2015/05/05,0.2546,6.666666666666667,0.1472538461538461,421.19000244140625,2856400.0,422.8500061035156,427.510009765625,421.0199890136719,421.19000244140625
2015/05/06,0.1779,6.0,0.1017601321585903,419.1000061035156,2552500.0,421.4299926757813,422.7200012207031,414.5499877929687,419.1000061035156
2015/05/07,0.0,0.0,0.1378292817679558,426.8800048828125,2766100.0,424.1499938964844,428.5,422.8500061035156,426.8800048828125
2015/05/08,0.133425,4.5,0.1148454802259886,433.69000244140625,2908800.0,430.75,435.2000122070313,430.1700134277344,433.69000244140625
2015/05/11,0.5859,10.0,0.1256377906976744,432.8500061035156,2393700.0,432.510009765625,439.0,431.3699951171875,432.8500061035156
2015/05/12,-0.0242,6.0,0.1292206081081081,431.0199890136719,1947800.0,431.0799865722656,433.25,426.7099914550781,431.0199890136719
2015/05/13,0.4705166666666666,9.833333333333334,0.1680516483516483,426.8699951171875,1996300.0,429.9800109863281,433.5299987792969,425.7999877929687,426.8699951171875
2015/05/14,0.26635,7.25,0.1004347945205479,432.2799987792969,1888500.0,429.4500122070313,433.0,427.010009765625,432.2799987792969
2015/05/15,0.3182,7.0,0.1085653225806451,426.0,4240300.0,428.0,430.3999938964844,424.2999877929687,426.0
2015/05/18,0.0,0.0,0.1001995423340961,425.239990234375,2390200.0,426.0,427.2699890136719,421.4599914550781,425.239990234375
2015/05/19,0.0759333333333333,6.833333333333333,0.146621690140845,421.7099914550781,2464200.0,424.8699951171875,428.239990234375,420.6300048828125,421.7099914550781
2015/05/20,0.5423,7.0,0.1151724196277495,423.8599853515625,2196200.0,420.6000061035156,427.1000061035156,418.3599853515625,423.8599853515625
2015/05/21,0.5149,8.5,0.1496668918918919,431.6300048828125,4121400.0,428.0,436.8999938964844,428.0,431.6300048828125
2015/05/22,0.104375,9.0,0.1281491561181434,427.6300048828125,2020600.0,431.5499877929687,432.44000244140625,427.6099853515625,427.6300048828125
2015/05/26,-0.0164249999999999,7.0,0.0660175097276264,425.4700012207031,2244200.0,426.2000122070313,427.0,422.0,425.4700012207031
2015/05/27,0.0,0.0,0.1163343589743589,431.4200134277344,2231100.0,427.4500122070313,431.8500061035156,425.010009765625,431.4200134277344
2015/05/28,0.11943,7.725,0.1747620762711864,426.5700073242187,1912400.0,429.7099914550781,431.3500061035156,425.4700012207031,426.5700073242187
2015/05/29,0.1779,12.0,0.1438222222222222,429.2300109863281,3016100.0,427.2300109863281,432.5,427.2300109863281,429.2300109863281
2015/06/01,0.0,4.5,0.1742897826086956,430.9200134277344,2253300.0,430.3999938964844,433.1600036621094,426.2000122070313,430.9200134277344
2015/06/02,0.6124,3.0,0.1547661870503597,430.989990234375,1668900.0,430.0700073242187,433.2300109863281,426.25,430.989990234375
2015/06/03,0.1779,14.0,0.1373907975460122,436.5899963378906,2727900.0,434.3999938964844,438.3900146484375,432.75,436.5899963378906
2015/06/04,0.0,0.0,0.1590302895322939,430.7799987792969,2510800.0,434.3999938964844,436.760009765625,429.260009765625,430.7799987792969
2015/06/05,0.1779,7.5,0.097255808080808,426.9500122070313,1907900.0,429.6600036621094,430.7999877929687,426.5,426.9500122070313
2015/06/08,0.3156,6.25,0.130988578088578,423.5,2172500.0,425.6199951171875,426.7999877929687,421.4299926757813,423.5
2015/06/09,0.1779,10.0,0.09293,425.4800109863281,2288700.0,422.9599914550781,427.489990234375,419.1400146484375,425.4800109863281
2015/06/10,0.0,5.0,0.1866291489361702,430.7699890136719,2172300.0,426.4599914550781,432.2000122070313,425.6600036621094,430.7699890136719
2015/06/11,0.1810749999999999,5.5,0.1343956028368794,432.9700012207031,2922500.0,432.2900085449219,438.8900146484375,431.4700012207031,432.9700012207031
2015/06/12,0.31835,10.75,0.143589303482587,429.9200134277344,2054400.0,431.25,432.3599853515625,428.260009765625,429.9200134277344
2015/06/15,0.0,7.0,0.1267057017543859,423.6700134277344,2051000.0,427.6600036621094,428.0499877929687,422.6400146484375,423.6700134277344
2015/06/16,0.0468083333333333,7.166666666666667,0.1041064794816414,427.260009765625,2296400.0,424.1499938964844,427.9700012207031,422.6700134277344,427.260009765625
2015/06/17,0.4894,5.666666666666667,0.1258404444444444,427.80999755859375,2185900.0,428.3599853515625,431.3500061035156,424.75,427.80999755859375
2015/06/18,0.0516,5.0,0.1650302100161551,439.3900146484375,3378400.0,430.2999877929687,439.7300109863281,429.4100036621094,439.3900146484375
2015/06/19,0.145625,5.75,0.1472082995951417,434.9200134277344,4495100.0,440.260009765625,444.989990234375,433.239990234375,434.9200134277344
2015/06/22,0.1477,6.333333333333333,0.1129156387665198,436.2900085449219,1823600.0,437.0,439.239990234375,434.1799926757813,436.2900085449219
2015/06/23,-0.2390214285714285,6.785714285714286,0.1442147286821705,445.989990234375,3245000.0,435.5899963378906,447.0400085449219,433.69000244140625,445.989990234375
2015/06/24,-0.290425,7.0,0.140320818505338,440.8399963378906,2620800.0,444.9700012207031,446.4700012207031,440.2300109863281,440.8399963378906
2015/06/25,0.0965,6.5,0.1720695652173913,440.1000061035156,2237500.0,438.0700073242187,443.4700012207031,436.3900146484375,440.1000061035156
2015/06/26,0.1779,7.0,0.1292098876404494,438.1000061035156,2624500.0,441.760009765625,443.489990234375,435.05999755859375,438.1000061035156
2015/06/29,0.36345,9.5,0.1624791855203619,429.8599853515625,2753200.0,434.9800109863281,437.0,429.0,429.8599853515625
2015/06/30,0.133425,8.5,0.19604208,434.0899963378906,2596900.0,434.2000122070313,435.5700073242187,430.4599914550781,434.0899963378906
2015/07/01,0.4939,3.0,0.1241004545454545,437.3900146484375,1987100.0,439.3500061035156,440.0,435.5799865722656,437.3900146484375
2015/07/02,0.0,0.0,0.235914693877551,437.7099914550781,1343400.0,437.0,438.2000122070313,433.4800109863281,437.7099914550781
2015/07/06,0.1426,6.25,0.2450903474903475,436.0400085449219,1903200.0,435.2300109863281,439.7300109863281,433.5199890136719,436.0400085449219
2015/07/07,0.1779,7.0,0.1833918238993711,436.7200012207031,3454200.0,435.6799926757813,437.7300109863281,425.5700073242187,436.7200012207031
2015/07/08,0.08895,10.5,0.2000259911894273,429.7000122070313,2383100.0,434.3500061035156,435.989990234375,428.8299865722656,429.7000122070313
2015/07/09,0.08895,10.5,0.1924015,434.3900146484375,2271400.0,434.8999938964844,438.7200012207031,434.1499938964844,434.3900146484375
2015/07/10,0.0,0.0,0.1471722972972972,443.510009765625,2401000.0,440.489990234375,444.7200012207031,439.0,443.510009765625
2015/07/13,0.0050125,5.25,0.1758885767790262,455.5700073242187,3956800.0,448.2900085449219,457.8699951171875,447.5400085449219,455.5700073242187
2015/07/14,0.174925,7.3125,0.1767108728943338,465.5700073242187,4736200.0,462.3200073242187,469.6000061035156,458.1600036621094,465.5700073242187
2015/07/15,0.0459749999999999,5.125,0.1719231092436975,461.19000244140625,2987400.0,463.0400085449219,464.7000122070313,460.2000122070313,461.19000244140625
2015/07/16,0.1272,5.666666666666667,0.1142394444444444,475.4800109863281,4095600.0,465.5,475.8800048828125,464.7999877929687,475.4800109863281
2015/07/17,0.4568,6.0,0.1399910044977511,483.010009765625,4932200.0,477.7000122070313,485.4200134277344,477.25,483.010009765625
2015/07/20,0.2272499999999999,6.5,0.1831674816625916,488.1000061035156,4752500.0,492.5700073242187,493.2000122070313,485.3999938964844,488.1000061035156
2015/07/21,0.0,0.0,0.1674165402124431,488.0,3181800.0,487.8999938964844,488.8800048828125,482.5499877929687,488.0
2015/07/22,-0.3388,4.5,0.1351551839464883,488.2699890136719,3114900.0,485.989990234375,492.5,484.8999938964844,488.2699890136719
2015/07/23,0.1290666666666667,5.833333333333334,0.1780103366201972,482.1799926757813,9374400.0,491.6600036621094,491.6600036621094,475.7000122070313,482.1799926757813
2015/07/24,0.3637583333333333,6.777777777777779,0.1890583958909522,529.4199829101562,21909400.0,578.989990234375,580.5700073242188,529.3499755859375,529.4199829101562
2015/07/27,0.177175,6.333333333333334,0.1237181395348837,531.4099731445312,7491000.0,527.75,544.9500122070312,526.5999755859375,531.4099731445312
2015/07/28,0.1779,6.083333333333333,0.1475531981279251,526.030029296875,5273100.0,536.0,536.3900146484375,523.1199951171875,526.030029296875
2015/07/29,0.1779,5.0,0.1261413636363636,529.0,3752600.0,530.9199829101562,532.969970703125,525.02001953125,529.0
2015/07/30,0.30275,8.5,0.1105930747922437,536.760009765625,3743100.0,527.6500244140625,539.2000122070312,524.2899780273438,536.760009765625
2015/07/31,-0.0258,6.0,0.074444387755102,536.1500244140625,3025600.0,539.0900268554688,542.8400268554688,534.52001953125,536.1500244140625
2015/08/03,0.1940666666666666,5.166666666666666,0.1038703187250996,535.030029296875,3014200.0,537.4500122070312,540.4400024414062,529.3599853515625,535.030029296875
2015/08/04,0.2836833333333333,8.0,0.1470651515151515,531.9000244140625,2934600.0,529.6900024414062,536.9500122070312,529.1599731445312,531.9000244140625
2015/08/05,0.5574,10.0,0.1359760073260073,537.010009765625,2889400.0,538.7999877929688,539.1400146484375,534.1199951171875,537.010009765625
2015/08/06,0.0,0.0,0.0982662420382165,529.4600219726562,3820500.0,539.2999877929688,542.739990234375,527.52001953125,529.4600219726562
2015/08/07,0.3416,4.0,0.101760406885759,522.6199951171875,3969200.0,529.1599731445312,529.4600219726562,518.2100219726562,522.6199951171875
2015/08/10,0.4215,5.0,0.1190280528052805,524.0,2615900.0,528.52001953125,532.280029296875,523.0,524.0
2015/08/11,0.5574,7.5,0.1283207317073171,527.4600219726562,2676600.0,523.6500244140625,528.97998046875,522.0,527.4600219726562
2015/08/12,0.0,0.0,0.0936702495201535,525.9099731445312,3962300.0,523.75,527.5,513.0599975585938,525.9099731445312
2015/08/13,0.1779,10.0,0.1019298701298701,529.6599731445312,2895200.0,527.3699951171875,534.6599731445312,525.489990234375,529.6599731445312
2015/08/14,0.1779,10.0,0.0666929982046678,531.52001953125,1994800.0,528.25,534.1099853515625,528.25,531.52001953125
2015/08/17,-0.0244769230769231,17.692307692307693,0.1197776649746193,535.219970703125,2581700.0,531.2899780273438,538.739990234375,527.1199951171875,535.219970703125
2015/08/18,0.1015888888888889,16.666666666666668,0.0695686472819216,535.02001953125,2071300.0,535.0399780273438,539.489990234375,533.0,535.02001953125
2015/08/19,0.08895,11.25,0.1211597535934291,532.9199829101562,2324000.0,533.739990234375,537.25,529.0,532.9199829101562
2015/08/20,0.1779,17.5,0.0683764248704663,515.780029296875,4408000.0,530.3900146484375,533.25,515.77001953125,515.780029296875
2015/08/21,0.177325,16.125,0.0789002331002331,494.4700012207031,6706500.0,507.3599853515625,512.3300170898438,494.4700012207031,494.4700012207031
2015/08/24,0.107,15.5,0.0465041825095057,463.3699951171875,10097600.0,463.5799865722656,476.5799865722656,451.0,463.3699951171875
2015/08/25,0.2431249999999999,12.5,0.1414447513812154,466.3699951171875,5679300.0,487.489990234375,489.44000244140625,466.25,466.3699951171875
2015/08/26,0.17862,5.5,0.0944023208879919,500.7699890136719,6358600.0,484.0199890136719,503.7200012207031,478.760009765625,500.7699890136719
2015/08/27,0.271175,5.0,0.0920728453364817,518.3699951171875,6114500.0,513.7100219726562,522.6900024414062,507.260009765625,518.3699951171875
2015/08/28,0.286525,4.5,0.1051512676056338,518.010009765625,2746700.0,517.5,521.5,513.0399780273438,518.010009765625
2015/08/31,0.25645,10.0,0.1534367441860465,512.8900146484375,3002300.0,516.4400024414062,519.4099731445312,509.0700073242187,512.8900146484375
2015/09/01,0.26814,8.2,0.0827995305164319,496.5400085449219,3864500.0,499.1400146484375,510.0,493.4299926757813,496.5400085449219
2015/09/02,0.24032,6.7,0.0883910863509749,510.5499877929687,3707100.0,505.0899963378906,510.8599853515625,497.7200012207031,510.5499877929687
2015/09/03,0.22555,6.0,0.092769373549884,504.7200012207031,3149700.0,514.5,515.8400268554688,502.5700073242187,504.7200012207031
2015/09/04,0.08065,10.666666666666666,0.0371740181268882,499.0,2692500.0,497.6499938964844,502.8500061035156,495.6400146484375,499.0
2015/09/08,0.11786,12.2,0.1134637651821862,517.5399780273438,3810700.0,508.69000244140625,518.3499755859375,508.510009765625,517.5399780273438
2015/09/09,-0.140475,6.0,0.1027217877094972,516.8900146484375,4370700.0,524.0,529.9500122070312,515.0599975585938,516.8900146484375
2015/09/10,0.30915,4.0,0.0856551558752997,522.239990234375,2576000.0,515.1500244140625,526.1300048828125,514.780029296875,522.239990234375
2015/09/11,0.1779,8.5,0.0814161596958174,529.4400024414062,3227900.0,521.0700073242188,529.4400024414062,520.6099853515625,529.4400024414062
2015/09/14,0.0,7.0,0.0805175824175824,521.3800048828125,3130200.0,529.4400024414062,532.4500122070312,518.5800170898438,521.3800048828125
2015/09/15,0.0299107142857143,8.535714285714285,0.0693347578347578,522.3699951171875,2865900.0,523.25,527.9199829101562,517.2000122070312,522.3699951171875
2015/09/16,0.08895,7.5,0.0891925149700598,527.3900146484375,2252800.0,521.97998046875,528.2999877929688,518.52001953125,527.3900146484375
2015/09/17,0.1779,8.833333333333334,0.0636882198952879,538.8699951171875,4169500.0,526.97998046875,546.969970703125,526.5700073242188,538.8699951171875
2015/09/18,0.1779,5.5,0.1489540064102564,540.260009765625,6160100.0,534.6199951171875,546.239990234375,531.3499755859375,540.260009765625
2015/09/21,0.231925,8.75,0.0928048879837067,548.3900146484375,3283300.0,544.3300170898438,549.780029296875,539.5900268554688,548.3900146484375
2015/09/22,0.0,7.0,0.1107783882783882,538.4000244140625,3841700.0,539.7100219726562,543.5499877929688,532.6599731445312,538.4000244140625
2015/09/23,0.08895,7.0,0.1120931372549019,536.0700073242188,2237600.0,538.2999877929688,541.2100219726562,534.0,536.0700073242188
2015/09/24,0.3407,8.666666666666666,0.0982603644646924,533.75,3501000.0,530.5499877929688,534.5599975585938,522.8699951171875,533.75
2015/09/25,-0.0679666666666666,8.0,0.1198826619964973,524.25,4031000.0,542.5700073242188,542.7999877929688,521.4000244140625,524.25
2015/09/28,0.4874666666666667,8.0,0.1752365853658536,504.05999755859375,5434500.0,520.02001953125,520.280029296875,494.3299865722656,504.05999755859375
2015/09/29,0.1779,7.0,0.1361923076923077,496.0700073242187,4457500.0,506.0,511.4800109863281,490.5,496.0700073242187
2015/09/30,0.2172666666666666,11.333333333333334,0.0620512915129151,511.8900146484375,4004700.0,505.44000244140625,512.7999877929688,501.6700134277344,511.8900146484375
2015/10/01,-0.15775,11.25,0.0672525723472668,520.719970703125,3768500.0,511.0,520.7999877929688,506.0,520.719970703125
2015/10/02,0.2330166666666666,8.916666666666666,0.0710380718954248,532.5399780273438,4597800.0,512.989990234375,532.5999755859375,508.1000061035156,532.5399780273438
2015/10/05,-0.0663699999999999,16.7,0.1466131416837782,543.6799926757812,3391400.0,536.989990234375,545.9099731445312,536.0,543.6799926757812
2015/10/06,0.2460874999999999,8.5,0.1035885558583106,537.47998046875,4502800.0,545.5,551.5,533.3300170898438,537.47998046875
2015/10/07,0.2689375,9.5,0.0767173553719008,541.9400024414062,3812100.0,541.7899780273438,542.0,529.0,541.9400024414062
2015/10/08,0.0556124999999999,8.25,0.076944939271255,533.1599731445312,4676400.0,536.7100219726562,539.3900146484375,519.8900146484375,533.1599731445312
2015/10/09,0.1793625,11.375,0.1122923841059602,539.7999877929688,3537400.0,534.47998046875,541.7899780273438,530.27001953125,539.7999877929688
2015/10/12,0.0,20.0,0.1048028523489932,550.1900024414062,2776100.0,539.9600219726562,550.8200073242188,539.7999877929688,550.1900024414062
2015/10/13,0.2853666666666666,8.0,0.1857341807909604,548.9000244140625,2938000.0,546.260009765625,553.2000122070312,543.0999755859375,548.9000244140625
2015/10/14,0.1779,7.0,0.1049231722428748,544.8300170898438,3582100.0,551.3400268554688,552.25,539.6799926757812,544.8300170898438
2015/10/15,0.1779,8.5,0.1198900219298245,562.4400024414062,4937000.0,547.75,563.0,547.0,562.4400024414062
2015/10/16,0.1606,8.5,0.111762831858407,570.760009765625,4315800.0,565.27001953125,570.9400024414062,560.3099975585938,570.760009765625
2015/10/19,0.1866444444444444,7.611111111111111,0.0941573055028463,573.1500244140625,4375400.0,570.760009765625,579.0,567.3800048828125,573.1500244140625
2015/10/20,-0.02719,8.525,0.1425662565905096,560.8800048828125,4346200.0,572.0,573.0,555.280029296875,560.8800048828125
2015/10/21,0.1269166666666666,7.5,0.0726953237410071,555.77001953125,3343600.0,563.8699951171875,565.25,552.52001953125,555.77001953125
2015/10/22,0.4723388888888889,6.222222222222222,0.1801218181818182,563.9099731445312,7779400.0,562.7000122070312,569.1500244140625,556.6699829101562,563.9099731445312
2015/10/23,0.1186,10.0,0.1754404828226555,599.030029296875,10692700.0,617.6799926757812,619.4500122070312,595.3599853515625,599.030029296875
2015/10/26,0.1186,9.0,0.1192362745098039,608.6099853515625,4269700.0,602.2999877929688,609.8499755859375,596.2899780273438,608.6099853515625
2015/10/27,0.1779,7.0,0.0646152030217186,611.010009765625,3787100.0,608.5999755859375,614.7100219726562,605.530029296875,611.010009765625
2015/10/28,0.2023,10.0,-0.11677624750499,617.0999755859375,3926200.0,612.2999877929688,617.22998046875,609.5,617.0999755859375
2015/10/29,0.1779,8.0,0.0674121343445287,626.5499877929688,3896000.0,617.7000122070312,627.5399780273438,615.3900146484375,626.5499877929688
2015/10/30,-0.6705,2.0,0.088484287454324,625.9000244140625,3874400.0,626.010009765625,630.719970703125,625.280029296875,625.9000244140625
2015/11/02,0.128,15.0,0.1061832535885167,628.3499755859375,2816500.0,627.1300048828125,628.6300048828125,620.4099731445312,628.3499755859375
2015/11/03,-0.08965,11.0,0.2057644680851063,625.3099975585938,3246900.0,629.530029296875,629.8900146484375,622.0,625.3099975585938
2015/11/04,-0.0006999999999999,11.0,0.115782981530343,640.9500122070312,4840500.0,627.760009765625,645.9299926757812,627.3499755859375,640.9500122070312
2015/11/05,0.151275,7.5,0.0825076071922544,655.6500244140625,4723800.0,647.0999755859375,657.0,643.0900268554688,655.6500244140625
2015/11/06,0.2893,9.5,0.1007292682926829,659.3699951171875,4092200.0,655.0,662.260009765625,652.0,659.3699951171875
2015/11/09,0.7579,8.0,0.0936334117647059,655.489990234375,4048800.0,658.6500244140625,661.9600219726562,647.8499755859375,655.489990234375
2015/11/10,0.0,0.0,0.1573087155963302,659.6799926757812,3489500.0,651.010009765625,660.0,647.260009765625,659.6799926757812
2015/11/11,-0.1263,7.0,0.138006049382716,673.25,5387300.0,663.25,675.9600219726562,663.25,673.25
2015/11/12,0.1779,12.0,0.1041439628482972,665.5999755859375,4284700.0,673.0,675.6400146484375,664.219970703125,665.5999755859375
2015/11/13,-0.25,5.0,0.074318125,642.3499755859375,6261100.0,663.5700073242188,667.0,640.4500122070312,642.3499755859375
2015/11/16,0.0352666666666666,7.0,0.0859806698564593,647.8099975585938,7435900.0,640.9199829101562,649.989990234375,622.2899780273438,647.8099975585938
2015/11/17,0.1653666666666666,10.0,0.1253446808510638,643.2999877929688,4320200.0,650.6500244140625,653.25,641.0,643.2999877929688
2015/11/18,0.0,12.666666666666666,0.1307354929577464,663.5399780273438,4469800.0,646.510009765625,664.8800048828125,646.3699951171875,663.5399780273438
2015/11/19,0.1779,5.5,0.1091451355661882,661.27001953125,4705200.0,664.989990234375,672.8599853515625,659.0,661.27001953125
2015/11/20,-0.01936,11.4,0.0871437577255871,668.4500122070312,3896100.0,667.9400024414062,668.8699951171875,657.5700073242188,668.4500122070312
2015/11/23,0.1779,7.0,0.1010313152400835,678.989990234375,4385100.0,671.5,682.77001953125,670.1199951171875,678.989990234375
2015/11/24,0.1001955555555555,9.711111111111109,0.1180452542372881,671.1500244140625,4543400.0,674.1400146484375,675.7999877929688,661.2100219726562,671.1500244140625
2015/11/25,0.240375,8.375,0.0583706434316353,675.3400268554688,2697900.0,675.0,679.7000122070312,671.239990234375,675.3400268554688
2015/11/27,0.0,11.5,0.138509138381201,673.260009765625,1966800.0,680.7999877929688,680.989990234375,672.0999755859375,673.260009765625
2015/11/30,0.323525,5.833333333333334,0.1718262341325811,664.7999877929688,5693200.0,675.9000244140625,681.2899780273438,664.5999755859375,664.7999877929688
2015/12/01,0.1466666666666666,6.166666666666666,0.1383247922437673,679.0599975585938,4751200.0,673.75,681.0,667.8599853515625,679.0599975585938
2015/12/02,0.1287875,6.375,0.0769068080357142,676.010009765625,4273500.0,681.0,684.8200073242188,674.25,676.010009765625
2015/12/03,0.2708333333333333,7.333333333333333,0.0986114864864864,666.25,5064700.0,679.4400024414062,682.7899780273438,661.47998046875,666.25
2015/12/04,0.2591,7.166666666666666,0.1041930412371134,672.6400146484375,4534800.0,666.0,674.780029296875,661.4000244140625,672.6400146484375
2015/12/07,0.1384333333333333,4.333333333333333,0.077376510067114,669.8300170898438,3732800.0,674.739990234375,675.4600219726562,660.5,669.8300170898438
2015/12/08,0.34425,3.0,0.1478101123595505,677.3300170898438,3651900.0,663.1300048828125,679.989990234375,659.7899780273438,677.3300170898438
2015/12/09,0.1462833333333333,7.666666666666667,0.1062104838709677,664.7899780273438,5158200.0,678.0,679.0,655.6799926757812,664.7899780273438
2015/12/10,0.08895,5.0,0.15248025477707,662.3200073242188,3455500.0,665.5900268554688,668.530029296875,659.5599975585938,662.3200073242188
2015/12/11,0.26955,6.0,0.0571792990142387,640.1500244140625,5474400.0,651.22998046875,657.8800048828125,639.6199951171875,640.1500244140625
2015/12/14,0.5423,7.5,0.1319617647058823,657.9099731445312,4329700.0,641.75,658.5900268554688,635.27001953125,657.9099731445312
2015/12/15,0.0258,5.0,0.1331599597585513,658.6400146484375,4753400.0,665.030029296875,671.5,657.3499755859375,658.6400146484375
2015/12/16,0.0,0.0,0.0705345403899721,675.77001953125,3964500.0,663.5599975585938,677.3499755859375,659.3200073242188,675.77001953125
2015/12/17,0.2875666666666667,5.666666666666667,0.0686817406143344,670.6500244140625,3681600.0,680.0,682.5,670.6500244140625,670.6500244140625
2015/12/18,0.1779,8.75,0.0851883780332056,664.1400146484375,6841300.0,668.6500244140625,676.8400268554688,664.1300048828125,664.1400146484375
2015/12/21,0.5708500000000001,7.0,0.1252190064794816,664.510009765625,3250900.0,668.5,669.9000244140625,658.9299926757812,664.510009765625
2015/12/22,0.5994,6.0,0.1437971153846154,663.1500244140625,2667800.0,666.8300170898438,668.489990234375,659.260009765625,663.1500244140625
2015/12/23,-0.2263,7.0,0.1299195121951219,663.7000122070312,2722900.0,666.5,666.5999755859375,656.6300048828125,663.7000122070312
2015/12/24,0.0,0.0,0.164444935064935,662.7899780273438,1091200.0,663.3499755859375,664.6799926757812,660.5999755859375,662.7899780273438
2015/12/28,0.2766533333333333,13.9,0.1795951807228915,675.2000122070312,3783600.0,665.5599975585938,675.5,665.5,675.2000122070312
2015/12/29,0.13092,8.4,0.1689968867924528,693.969970703125,5735000.0,677.97998046875,696.4400024414062,677.8900146484375,693.969970703125
2015/12/30,0.279725,11.0,0.1529209225700165,689.0700073242188,3519000.0,691.8900146484375,695.489990234375,686.3800048828125,689.0700073242188
2015/12/31,0.10115,7.0,0.1125993834771886,675.8900146484375,3749600.0,686.0800170898438,687.75,675.8900146484375,675.8900146484375
2016/01/04,0.16011,7.8,0.1097931841302136,636.989990234375,9314500.0,656.2899780273438,657.719970703125,627.510009765625,636.989990234375
2016/01/05,0.06965,6.0,0.1038173852573018,633.7899780273438,5822600.0,646.8599853515625,646.9099731445312,627.6500244140625,633.7899780273438
2016/01/06,-0.1657333333333333,6.666666666666667,0.0844576424870466,632.6500244140625,5329200.0,622.0,639.7899780273438,620.3099975585938,632.6500244140625
2016/01/07,0.26335,8.5,0.0661889884763124,607.9400024414062,7074900.0,621.7999877929688,630.0,605.2100219726562,607.9400024414062
2016/01/08,-0.032,6.5,-0.0764516304347826,607.0499877929688,5512900.0,619.6599731445312,624.1400146484375,606.0,607.0499877929688
2016/01/11,0.3403,8.0,0.1305245019920319,617.739990234375,4891600.0,612.47998046875,619.8499755859375,598.5700073242188,617.739990234375
2016/01/12,0.32315,6.5,0.1063649681528662,617.8900146484375,4724100.0,625.25,625.989990234375,612.239990234375,617.8900146484375
2016/01/13,0.09035,7.5,0.0408413612565445,581.8099975585938,7655200.0,620.8800048828125,620.8800048828125,579.1599731445312,581.8099975585938
2016/01/14,0.1779,10.0,0.0674975,593.0,7238000.0,580.25,602.25,569.8800048828125,593.0
2016/01/15,0.269,9.5,0.094029388816645,570.1799926757812,7784500.0,572.239990234375,584.6199951171875,565.2999877929688,570.1799926757812
2016/01/19,0.1779,10.0,0.1582838,574.47998046875,4807200.0,577.0900268554688,584.0,566.4500122070312,574.47998046875
2016/01/20,-0.0267499999999999,6.5,0.0569147177419354,571.77001953125,7966400.0,564.3599853515625,578.4500122070312,547.1799926757812,571.77001953125
2016/01/21,0.154575,6.0,0.1214811151079136,575.02001953125,4952200.0,573.5800170898438,588.8099975585938,568.219970703125,575.02001953125
2016/01/22,0.08895,5.0,0.108172072072072,596.3800048828125,5120100.0,588.72998046875,600.0999755859375,584.1099853515625,596.3800048828125
2016/01/25,0.1779,7.0,0.1351826359832636,596.530029296875,4396100.0,597.989990234375,608.5,594.5599975585938,596.530029296875
2016/01/26,0.5574,7.0,0.053606960950764,601.25,3765700.0,603.4500122070312,604.5,590.3800048828125,601.25
2016/01/27,0.318075,5.5,0.119888192419825,583.3499755859375,5152900.0,601.989990234375,603.3900146484375,578.780029296875,583.3499755859375
2016/01/28,0.3048428571428571,6.142857142857143,0.106596018820123,635.3499755859375,14015200.0,608.3699951171875,638.0599975585938,597.5499877929688,635.3499755859375
2016/01/29,-0.0403928571428571,7.928571428571429,0.0252058508446641,587.0,14677600.0,571.97998046875,593.0,570.0,587.0
2016/02/01,0.3004666666666666,8.666666666666666,0.0845901669758812,574.8099975585938,6355100.0,578.1500244140625,581.7999877929688,570.3099975585938,574.8099975585938
2016/02/02,0.223075,7.0,0.14912460456942,552.0999755859375,6312000.0,570.0,571.5599975585938,550.0900268554688,552.0999755859375
2016/02/03,0.3042199999999999,4.5625,0.1094963218390804,531.0700073242188,10048700.0,553.5,556.0,521.9000244140625,531.0700073242188
2016/02/04,0.2553583333333333,7.833333333333333,0.0391844769403824,536.260009765625,6199100.0,525.0,538.989990234375,519.219970703125,536.260009765625
2016/02/05,0.1167,8.0,0.0488791534391534,502.1300048828125,9708900.0,529.280029296875,529.4500122070312,499.19000244140625,502.1300048828125
2016/02/08,0.414775,5.25,0.0892767521367521,488.1000061035156,9825500.0,486.4700012207031,493.5,475.2099914550781,488.1000061035156
2016/02/09,0.3267,5.875,0.1006016895459345,482.0700073242187,7077900.0,478.010009765625,498.3800048828125,474.0,482.0700073242187
2016/02/10,0.1594666666666666,5.0,0.1225545574636723,490.4800109863281,6786200.0,491.760009765625,504.6600036621094,486.0,490.4800109863281
2016/02/11,0.2023,3.0,0.1183891959798995,503.8200073242187,7397400.0,491.1700134277344,509.2999877929687,484.0,503.8200073242187
2016/02/12,0.315375,5.5,0.1588609071274298,507.0799865722656,5384800.0,510.7000122070313,516.75,501.489990234375,507.0799865722656
2016/02/16,0.1830666666666666,6.333333333333334,0.1341555214723926,521.0999755859375,5118500.0,519.47998046875,524.4500122070312,511.6600036621094,521.0999755859375
2016/02/17,0.3612,6.0,0.1062298892988929,534.0999755859375,4824000.0,528.739990234375,537.47998046875,519.3900146484375,534.0999755859375
2016/02/18,0.3108499999999999,7.833333333333333,0.1177421935483871,525.0,4735000.0,541.1900024414062,541.2000122070312,523.72998046875,525.0
2016/02/19,0.3393666666666666,7.0,0.1464533980582524,534.9000244140625,4974700.0,520.7100219726562,535.9500122070312,515.3499755859375,534.9000244140625
2016/02/22,0.6306,8.5,0.2123524256651017,559.5,5566600.0,542.2000122070312,560.6500244140625,541.0800170898438,559.5
2016/02/23,0.5423,7.0,0.1083770134228188,552.9400024414062,4050800.0,555.5499877929688,556.9099731445312,545.3300170898438,552.9400024414062
2016/02/24,-0.1019499999999999,12.5,0.1317210144927536,554.0399780273438,6231700.0,545.75,554.27001953125,533.1500244140625,554.0399780273438
2016/02/25,0.09,7.0,0.1514427787934186,555.1500244140625,4525500.0,555.52001953125,559.3900146484375,545.2899780273438,555.1500244140625
2016/02/26,0.4019,10.0,0.0930267135325131,555.22998046875,4877000.0,560.1199951171875,562.5,553.1699829101562,555.22998046875
2016/02/29,0.0843666666666666,17.0,0.1321115241635687,552.52001953125,4145400.0,554.0,564.8099975585938,552.510009765625,552.52001953125
2016/03/01,0.1439,7.0,0.126887374749499,579.0399780273438,5038500.0,556.2899780273438,579.25,556.0,579.0399780273438
2016/03/02,-0.148,10.5,0.0821395698924731,580.2100219726562,4582200.0,581.75,585.0,573.7000122070312,580.2100219726562
2016/03/03,-0.158,10.0,0.1144756714060031,577.489990234375,2741300.0,577.9600219726562,579.8699951171875,573.1099853515625,577.489990234375
2016/03/04,0.2435999999999999,6.5,0.1118976109215017,575.1400146484375,3416500.0,581.0700073242188,581.4000244140625,571.0700073242188,575.1400146484375
2016/03/07,0.0,13.5,0.0837359322033898,562.7999877929688,4926900.0,573.5399780273438,573.6300048828125,555.5499877929688,562.7999877929688
2016/03/08,0.3245333333333333,10.333333333333332,0.0844730831973898,560.260009765625,4730000.0,557.8699951171875,571.3499755859375,554.739990234375,560.260009765625
2016/03/09,0.3546166666666667,12.833333333333332,0.176575,559.469970703125,4377300.0,559.5599975585938,560.3499755859375,550.1300048828125,559.469970703125
2016/03/10,0.1852999999999999,9.166666666666668,0.1047657718120805,558.9299926757812,3919900.0,566.739990234375,567.0,547.9000244140625,558.9299926757812
2016/03/11,0.311125,8.875,-0.1939279761904762,569.6099853515625,3771300.0,566.9500122070312,570.0599975585938,562.72998046875,569.6099853515625
2016/03/14,0.0258,7.0,0.069697377423033,573.3699951171875,3454200.0,567.0,576.8900146484375,563.0499877929688,573.3699951171875
2016/03/15,0.0672,10.25,0.1104736775818639,577.02001953125,3876800.0,571.0,581.52001953125,567.0,577.02001953125
2016/03/16,0.5574,7.0,0.0932178396072013,574.27001953125,3537700.0,576.6400146484375,581.3200073242188,571.1400146484375,574.27001953125
2016/03/17,0.3203749999999999,7.0,0.0980551038843721,559.4400024414062,5928100.0,569.510009765625,571.4000244140625,555.010009765625,559.4400024414062
2016/03/18,0.0601833333333333,6.166666666666666,0.143104979253112,552.0800170898438,7296900.0,560.9400024414062,562.3300170898438,546.0900268554688,552.0800170898438
2016/03/21,-0.10205,8.75,0.0528267579908675,553.97998046875,5155700.0,548.9099731445312,555.239990234375,538.5800170898438,553.97998046875
2016/03/22,0.15295,11.0,0.059301506849315,560.47998046875,4000600.0,545.1099853515625,562.760009765625,545.0499877929688,560.47998046875
2016/03/23,0.1779,9.75,0.1071481176470588,569.6300048828125,3983700.0,561.0,572.47998046875,558.0999755859375,569.6300048828125
2016/03/24,0.1779,6.333333333333333,0.1668383667180277,582.9500122070312,5185500.0,567.1099853515625,583.5499877929688,567.0800170898438,582.9500122070312
2016/03/28,0.5107,7.0,0.0692492512479201,579.8699951171875,3121500.0,584.4000244140625,584.75,575.5599975585938,579.8699951171875
2016/03/29,-0.2235,17.0,0.1459282706766917,593.8599853515625,4392600.0,580.1500244140625,595.8499755859375,576.5,593.8599853515625
2016/03/30,0.5281,8.0,0.1079591805766312,598.6900024414062,3890500.0,596.7100219726562,603.239990234375,595.0,598.6900024414062
2016/03/31,0.1779,10.5,0.1145936724565756,593.6400146484375,2681800.0,599.280029296875,600.75,592.2100219726562,593.6400146484375
2016/04/01,0.02495,7.5,0.0875100502512562,598.5,2917400.0,590.489990234375,599.030029296875,588.2999877929688,598.5
2016/04/04,0.2061,7.333333333333333,0.0194927848101265,593.1900024414062,2470800.0,599.0,599.5,590.5499877929688,593.1900024414062
2016/04/05,0.361225,10.25,0.01702950058072,586.1400146484375,2308900.0,590.77001953125,593.469970703125,585.25,586.1400146484375
2016/04/06,0.1779,7.0,0.1363413392857143,602.0800170898438,2849900.0,587.52001953125,602.3900146484375,587.5,602.0800170898438
2016/04/07,0.0,0.0,-0.0305888377445339,591.4299926757812,3189000.0,598.760009765625,599.5999755859375,589.0800170898438,591.4299926757812
2016/04/08,-0.07455,7.875,0.042515866084425,594.5999755859375,2591900.0,594.3200073242188,597.8599853515625,589.0,594.5999755859375
2016/04/11,0.0,0.0,0.1371345498783455,595.9299926757812,2704300.0,596.1400146484375,604.0,594.9099731445312,595.9299926757812
2016/04/12,-0.443175,6.75,0.0879934782608695,603.1699829101562,2641100.0,598.4000244140625,604.0599975585938,592.3099975585938,603.1699829101562
2016/04/13,0.0409083333333333,7.25,-0.0352542028985507,614.8200073242188,4228300.0,607.6799926757812,616.8099975585938,605.2899780273438,614.8200073242188
2016/04/14,0.1311333333333333,5.833333333333334,0.1025609970674486,620.75,3512100.0,615.0700073242188,624.3800048828125,615.0700073242188,620.75
2016/04/15,0.12975,12.0,0.0533221674876847,625.8900146484375,2887700.0,621.9199829101562,626.77001953125,618.1099853515625,625.8900146484375
2016/04/18,0.2108666666666666,5.8,0.1243843347639485,635.3499755859375,4360900.0,625.3499755859375,637.6400146484375,624.9600219726562,635.3499755859375
2016/04/19,0.3045583333333332,6.416666666666666,0.093211273209549,627.9000244140625,4055900.0,637.1400146484375,638.010009765625,620.7999877929688,627.9000244140625
2016/04/20,0.2021,5.5,0.1243022847100175,632.989990234375,2609400.0,630.0,636.5499877929688,623.0,632.989990234375
2016/04/21,0.1779,6.0,0.102263434903047,631.0,2596300.0,631.0,637.8200073242188,628.5,631.0
2016/04/22,0.24115,10.166666666666666,0.0919841269841269,620.5,5083900.0,624.469970703125,628.25,611.5599975585938,620.5
2016/04/25,0.0,0.0,0.1094294736842105,626.2000122070312,2682900.0,616.6099853515625,626.97998046875,616.25,626.2000122070312
2016/04/26,0.1576666666666666,6.166666666666666,0.0879226315789473,616.8800048828125,2521400.0,626.1699829101562,626.75,614.8800048828125,616.8800048828125
2016/04/27,0.2192,10.5,0.07214393757503,606.5700073242188,4068800.0,611.7999877929688,615.9500122070312,601.280029296875,606.5700073242188
2016/04/28,0.1369897435897435,9.987179487179487,0.1508517593064763,602.0,7872600.0,615.5399780273438,626.7999877929688,599.2000122070312,602.0
2016/04/29,0.19633,6.35,0.1459493745885451,659.5900268554688,10310700.0,666.0,669.97998046875,654.0,659.5900268554688
2016/05/02,0.0225666666666667,10.0,0.1449082742316784,683.8499755859375,6578500.0,663.9199829101562,685.5,662.030029296875,683.8499755859375
2016/05/03,0.3273,10.0,0.1315675347222222,671.3200073242188,4923400.0,677.3599853515625,680.2999877929688,670.4299926757812,671.3200073242188
2016/05/04,0.3818,14.0,0.1024176470588235,670.9000244140625,4635500.0,662.5900268554688,674.0,662.1400146484375,670.9000244140625
2016/05/05,0.3818,14.0,0.1296403817914831,659.0900268554688,4884100.0,673.3099975585938,676.489990234375,656.0,659.0900268554688
2016/05/06,0.2999416666666666,14.5,0.0325611015490533,673.9500122070312,4365300.0,656.0499877929688,676.9500122070312,656.010009765625,673.9500122070312
2016/05/09,0.3715,20.0,0.1351575098814229,679.75,3982200.0,673.9500122070312,686.97998046875,671.4099731445312,679.75
2016/05/10,0.2164583333333332,7.833333333333333,0.1729478560490046,703.0700073242188,6105600.0,694.0,704.5499877929688,693.5,703.0700073242188
2016/05/11,-0.064,9.833333333333334,0.009397545691906,713.22998046875,7338200.0,705.7899780273438,719.0,701.6500244140625,713.22998046875
2016/05/12,0.3743999999999999,7.833333333333334,0.0308283630470016,717.9299926757812,5048200.0,717.3800048828125,722.4500122070312,711.510009765625,717.9299926757812
2016/05/13,0.24245,5.0,0.0754041505791505,709.9199829101562,4763400.0,714.6400146484375,719.25,706.510009765625,709.9199829101562
2016/05/16,0.2361533333333333,7.2,0.0898583950617284,710.6599731445312,5432900.0,710.1300048828125,713.25,700.280029296875,710.6599731445312
2016/05/17,0.05244,8.166666666666668,0.115995,695.27001953125,5121400.0,709.9000244140625,714.469970703125,693.9099731445312,695.27001953125
2016/05/18,-0.0405866666666666,9.166666666666666,0.1005279811097992,697.4500122070312,4283200.0,689.5599975585938,702.5399780273438,688.760009765625,697.4500122070312
2016/05/19,-0.1983166666666667,5.666666666666666,0.0790138055222088,698.52001953125,3025600.0,691.8800048828125,699.4000244140625,689.5599975585938,698.52001953125
2016/05/20,0.3413333333333333,9.666666666666666,0.0827378378378378,702.7999877929688,2916200.0,701.0499877929688,707.239990234375,700.0,702.7999877929688
2016/05/23,0.2234749999999999,12.5,0.1169319383259911,696.75,2595100.0,704.25,706.0,696.4199829101562,696.75
2016/05/24,0.121975,21.25,0.0687725250278086,704.2000122070312,3033800.0,698.010009765625,707.5,698.0,704.2000122070312
2016/05/25,0.06315,11.5,0.15713640625,708.3499755859375,3267700.0,708.0,710.8599853515625,705.52001953125,708.3499755859375
2016/05/26,0.1238749999999999,10.333333333333332,0.1213658674188998,714.9099731445312,2446700.0,708.3300170898438,715.0,707.2899780273438,714.9099731445312
2016/05/27,0.1779,20.0,0.0869813953488372,712.239990234375,2249200.0,715.0,716.5999755859375,711.0999755859375,712.239990234375
2016/05/31,0.1779,14.0,0.1349339694656488,722.7899780273438,3618300.0,712.3300170898438,724.22998046875,711.3200073242188,722.7899780273438
2016/06/01,0.1834714285714285,18.857142857142858,0.1413523676880222,719.4400024414062,3263100.0,720.9000244140625,726.4299926757812,718.219970703125,719.4400024414062
2016/06/02,-0.210575,12.25,0.0823905308464849,728.239990234375,3026600.0,720.969970703125,728.280029296875,715.5,728.239990234375
2016/06/03,-0.0556833333333333,11.833333333333334,0.1321138132295719,725.5399780273438,3367300.0,726.739990234375,727.0,718.4299926757812,725.5399780273438
2016/06/06,-0.1623999999999999,16.0,0.0965863207547169,726.72998046875,2704800.0,726.5,731.5,724.4199829101562,726.72998046875
2016/06/07,0.0267583333333332,14.083333333333334,0.1112477551020408,723.739990234375,2732500.0,729.8900146484375,730.0,720.5499877929688,723.739990234375
2016/06/08,0.3041125,15.416666666666668,0.1935598802395209,726.6400146484375,2223400.0,726.4000244140625,729.4199829101562,721.5999755859375,726.6400146484375
2016/06/09,-0.5719,18.0,0.1869168154761905,727.6500244140625,2170300.0,723.0999755859375,728.9099731445312,722.2999877929688,727.6500244140625
2016/06/10,0.0625,10.45,0.1430519637462235,717.9099731445312,3425700.0,722.3499755859375,724.97998046875,714.2100219726562,717.9099731445312
2016/06/13,0.029175,20.0,0.1332528340080971,715.239990234375,3352200.0,714.010009765625,721.989990234375,711.1599731445312,715.239990234375
2016/06/14,-0.0540249999999999,13.25,0.1184496881496881,719.2999877929688,2506900.0,712.3300170898438,720.8099975585938,712.27001953125,719.2999877929688
2016/06/15,-0.1489749999999999,19.0,0.1078732142857143,714.260009765625,2709400.0,722.0,722.5599975585938,713.3499755859375,714.260009765625
2016/06/16,0.1779,10.333333333333334,0.0839011881188118,717.510009765625,3098000.0,712.0499877929688,718.0,705.2999877929688,717.510009765625
2016/06/17,0.29295,8.75,0.1024168016194332,706.3900146484375,5897800.0,718.1900024414062,718.2000122070312,699.1799926757812,706.3900146484375
2016/06/20,0.4215,5.0,0.1598969626168224,714.010009765625,3677200.0,713.5,721.3099975585938,710.8099975585938,714.010009765625
2016/06/21,0.48205,8.5,0.1520960498960499,715.8200073242188,2137500.0,715.719970703125,718.4000244140625,712.719970703125,715.8200073242188
2016/06/22,0.4404,7.0,0.1254326568265682,710.5999755859375,2260500.0,716.5800170898438,717.0,707.5700073242188,710.5999755859375
2016/06/23,0.0340749999999999,7.75,0.1273949343339587,722.0800170898438,2825000.0,715.5,722.1199951171875,712.5,722.0800170898438
2016/06/24,0.0,0.0,0.1258598006644518,698.9600219726562,7632500.0,693.0,712.530029296875,692.2000122070312,698.9600219726562
2016/06/27,0.05695,11.5,0.1088499102333931,691.3599853515625,5568000.0,692.010009765625,696.8200073242188,682.1199951171875,691.3599853515625
2016/06/28,0.5162666666666667,8.666666666666668,0.1425065326633166,707.9500122070312,4037000.0,700.0,708.0,698.1699829101562,707.9500122070312
2016/06/29,0.1399266666666666,10.333333333333332,0.1548207165109034,715.5999755859375,3070100.0,715.75,719.5,713.5399780273438,715.5999755859375
2016/06/30,0.08895,5.0,0.1214247005988024,715.6199951171875,2855100.0,717.2000122070312,719.3699951171875,712.5399780273438,715.6199951171875
2016/07/01,0.2993666666666666,3.3333333333333335,0.1226048192771084,725.6799926757812,2920400.0,717.3200073242188,728.0,716.5399780273438,725.6799926757812
2016/07/05,0.3184,8.88888888888889,0.1546669211195928,728.0999755859375,2431400.0,722.7999877929688,729.5599975585938,719.6099853515625,728.0999755859375
2016/07/06,0.4074,6.5,0.1601951181102362,737.6099853515625,3938200.0,725.7100219726562,737.77001953125,722.5800170898438,737.6099853515625
2016/07/07,0.08895,20.0,0.1288040564373898,736.5700073242188,2945800.0,739.3300170898438,739.5499877929688,731.6300048828125,736.5700073242188
2016/07/08,-0.8176,9.0,0.1396072289156626,745.8099975585938,3429200.0,740.1400146484375,746.0999755859375,738.0,745.8099975585938
2016/07/11,0.28134875,7.825,0.1459942502818489,753.780029296875,3195300.0,750.0,755.9000244140625,747.0,753.780029296875
2016/07/12,0.2818333333333332,6.666666666666666,0.1210793662490788,748.2100219726562,5623700.0,756.8599853515625,757.3400268554688,740.3300170898438,748.2100219726562
2016/07/13,0.11164,7.55,0.086218947368421,742.6300048828125,4142300.0,746.760009765625,756.8699951171875,741.25,742.6300048828125
2016/07/14,0.2134833333333333,10.333333333333334,0.1408487012987013,741.2000122070312,2390500.0,748.8599853515625,749.0399780273438,739.02001953125,741.2000122070312
2016/07/15,0.3015,6.5,0.1018655319148936,735.4400024414062,3121400.0,746.5499877929688,746.5499877929688,734.0499877929688,735.4400024414062
2016/07/18,0.5267,10.0,0.0828933920704845,736.0700073242188,2954900.0,735.489990234375,741.5999755859375,728.719970703125,736.0700073242188
2016/07/19,0.0,0.0,0.1015207207207207,739.9500122070312,2216800.0,732.5,743.3300170898438,732.3099975585938,739.9500122070312
2016/07/20,-0.04765,8.5,0.179101096491228,745.719970703125,2214000.0,744.0,746.25,740.7000122070312,745.719970703125
2016/07/21,-0.09922,9.2,0.1210698835274542,744.4299926757812,2317100.0,747.5,749.3599853515625,742.7899780273438,744.4299926757812
2016/07/22,0.4207999999999999,10.833333333333334,0.1494914076782449,744.8599853515625,2277700.0,747.7899780273438,751.280029296875,743.530029296875,744.8599853515625
2016/07/25,-0.0225333333333333,8.25,0.1334161676646706,739.6099853515625,2679300.0,746.5499877929688,748.5,735.3499755859375,739.6099853515625
2016/07/26,0.4206375,9.25,0.1317759002770083,735.5900268554688,2529700.0,742.7100219726562,743.1300048828125,732.75,735.5900268554688
2016/07/27,0.2449,7.0,0.0950052380952381,736.6699829101562,2913100.0,737.969970703125,740.9400024414062,733.8599853515625,736.6699829101562
2016/07/28,0.1584575,6.45,0.1439712953876349,752.6099853515625,7617600.0,745.97998046875,753.3599853515625,739.7000122070312,752.6099853515625
2016/07/29,0.290470238095238,7.678571428571429,0.1798970760233918,758.8099975585938,6777100.0,765.0,766.0,755.0,758.8099975585938
2016/08/01,0.1398,11.666666666666666,0.2178819209039548,767.739990234375,3578200.0,759.8699951171875,770.5,757.0599975585938,767.739990234375
2016/08/02,0.2657,22.5,0.1410224586288416,760.5800170898438,3603300.0,763.8099975585938,765.010009765625,757.02001953125,760.5800170898438
2016/08/03,0.0592999999999999,18.333333333333332,0.0822911926605504,754.6400146484375,3581500.0,757.0599975585938,758.8900146484375,752.25,754.6400146484375
2016/08/04,0.228875,11.75,0.0944848142164782,760.77001953125,3178200.0,753.7000122070312,765.0,750.3499755859375,760.77001953125
2016/08/05,0.0939,11.0,0.1346926216640502,765.97998046875,2704400.0,764.8099975585938,768.469970703125,763.0900268554688,765.97998046875
2016/08/08,-0.0701499999999999,20.0,0.1211167539267015,766.5599975585938,1986300.0,766.8099975585938,767.0,761.02001953125,766.5599975585938
2016/08/09,0.3612,8.0,0.1511512455516014,768.3099975585938,1876100.0,767.3900146484375,772.5999755859375,766.9000244140625,768.3099975585938
2016/08/10,0.2635583333333333,12.916666666666668,0.1277719907407407,768.5599975585938,1604300.0,769.7999877929688,772.0999755859375,766.1900024414062,768.5599975585938
2016/08/11,0.2368666666666666,11.666666666666666,0.1164032374100719,771.239990234375,2019700.0,769.9400024414062,773.75,769.1199951171875,771.239990234375
2016/08/12,0.02265,7.0,0.1349868354430379,772.5599975585938,1563300.0,768.4600219726562,773.1500244140625,768.4199829101562,772.5599975585938
2016/08/15,0.08895,8.5,0.1527084980237154,768.489990234375,2118500.0,771.9000244140625,772.0399780273438,767.7100219726562,768.489990234375
2016/08/16,-0.0242,13.5,0.0946973809523809,764.0399780273438,1604600.0,768.6199951171875,768.72998046875,763.8200073242188,764.0399780273438
2016/08/17,0.0,0.0,0.1604144486692015,764.6300048828125,1891100.0,764.4099731445312,765.219970703125,759.2000122070312,764.6300048828125
2016/08/18,0.4565,12.5,0.1730051063829787,764.4600219726562,1458800.0,764.0,765.1699829101562,760.5999755859375,764.4600219726562
2016/08/19,0.4565,10.0,0.133417748091603,757.3099975585938,2343200.0,761.9000244140625,762.489990234375,756.8900146484375,757.3099975585938
2016/08/22,0.194525,12.625,0.1391519379844961,759.47998046875,1679300.0,757.5,759.8499755859375,752.0999755859375,759.47998046875
2016/08/23,0.22725,21.875,0.1547536101083032,762.4500122070312,1524100.0,763.3099975585938,764.7000122070312,761.0,762.4500122070312
2016/08/24,0.42546,7.6,0.1340201995012468,757.25,1744100.0,763.0,763.4099731445312,755.3599853515625,757.25
2016/08/25,0.35916,7.0,0.1877193277310924,759.219970703125,1623000.0,756.0,760.5599975585938,754.739990234375,759.219970703125
2016/08/26,0.1412553571428571,9.5,0.1781542592592592,769.0,2776800.0,760.0499877929688,770.0,759.7999877929688,769.0
2016/08/29,0.0003749999999999,7.0,0.1371324275362319,771.2899780273438,2198600.0,768.719970703125,774.97998046875,768.5999755859375,771.2899780273438
2016/08/30,0.0048333333333333,7.0,0.1209784280936455,767.5800170898438,1709200.0,771.0499877929688,771.8400268554688,765.5599975585938,767.5800170898438
2016/08/31,0.0,0.0,0.177326168224299,769.1599731445312,1633800.0,766.5999755859375,769.6400146484375,764.0,769.1599731445312
2016/09/01,0.0,0.0,0.1677878557874763,770.6199951171875,1792300.0,770.9000244140625,772.0399780273438,766.75,770.6199951171875
2016/09/02,0.208725,7.0,0.2145613861386138,772.4400024414062,2181800.0,774.1099853515625,776.0,771.7000122070312,772.4400024414062
2016/09/06,0.34425,8.5,0.1534536111111111,788.8699951171875,3719800.0,774.0399780273438,789.47998046875,770.219970703125,788.8699951171875
2016/09/07,-0.0050749999999999,7.0,0.1214910294117647,784.47998046875,2424600.0,789.530029296875,790.7899780273438,784.3300170898438,784.47998046875
2016/09/08,0.5994,14.0,0.0479623966942148,784.0599975585938,2030500.0,783.8900146484375,786.5,781.4400024414062,784.0599975585938
2016/09/09,0.0,7.0,0.0827363790186125,760.1400146484375,4257300.0,779.3599853515625,781.0,760.1099853515625,760.1400146484375
2016/09/12,-0.0342333333333333,7.0,0.1312835034013605,771.489990234375,3124700.0,757.3499755859375,772.6599731445312,756.0,771.489990234375
2016/09/13,-0.11475,9.25,0.1622312297734627,761.010009765625,3117200.0,768.77001953125,769.8900146484375,759.0499877929688,761.010009765625
2016/09/14,0.1014,5.333333333333333,0.1312817808219178,761.0900268554688,2523000.0,762.2000122070312,767.5,758.8499755859375,761.0900268554688
2016/09/15,0.1150999999999999,6.166666666666666,0.1651303571428571,769.6900024414062,3034000.0,762.0,770.8699951171875,757.5800170898438,769.6900024414062
2016/09/16,0.2598,5.0,0.1658086131386861,778.52001953125,5499200.0,773.280029296875,780.4600219726562,771.6599731445312,778.52001953125
2016/09/19,0.1779,6.5,0.1893419921875,775.0999755859375,2297200.0,779.969970703125,781.9400024414062,771.0,775.0999755859375
2016/09/20,-0.1927,5.0,0.1434956896551724,780.219970703125,1937200.0,776.0,781.3699951171875,776.0,780.219970703125
2016/09/21,0.1779,6.0,0.1352044673539519,789.739990234375,2718600.0,783.25,790.6900024414062,779.010009765625,789.739990234375
2016/09/22,0.0667125,7.875,0.1503242897727272,804.7000122070312,4078900.0,794.27001953125,805.8900146484375,794.27001953125,804.7000122070312
2016/09/23,0.1750125,6.25,0.0949766129032258,805.75,2353500.0,803.1300048828125,807.75,802.1199951171875,805.75
2016/09/26,-0.0158916666666666,15.416666666666666,0.1454749049429657,799.1599731445312,2651400.0,801.7999877929688,805.9299926757812,797.1500244140625,799.1599731445312
2016/09/27,0.46655,6.5,0.1464526685393258,816.1099853515625,3819600.0,801.8499755859375,816.6400146484375,801.1099853515625,816.1099853515625
2016/09/28,0.08855,9.5,0.1106012195121951,828.719970703125,4422100.0,818.0,830.1400146484375,817.030029296875,828.719970703125
2016/09/29,0.41325,5.5,0.1584285714285714,829.0499877929688,4922200.0,828.260009765625,837.5,824.6300048828125,829.0499877929688
2016/09/30,0.2923458333333333,6.666666666666666,0.1751896461336828,837.3099975585938,4430600.0,832.6099853515625,839.9500122070312,832.4000244140625,837.3099975585938
2016/10/03,0.151975,7.875,0.1702181286549707,836.739990234375,2769400.0,836.0,839.8599853515625,831.25,836.739990234375
2016/10/04,0.23034,5.8,0.1604188607594937,834.030029296875,2950300.0,840.9099731445312,842.3699951171875,830.260009765625,834.030029296875
2016/10/05,0.2264416666666666,8.416666666666668,0.1956931972789115,844.3599853515625,3469100.0,838.0,845.6699829101562,836.1199951171875,844.3599853515625
2016/10/06,0.19696,8.8,0.1629530666666666,841.6599731445312,2684000.0,843.7000122070312,847.2100219726562,840.5999755859375,841.6599731445312
2016/10/07,0.17125,6.833333333333334,0.1707641577060931,839.4299926757812,2426200.0,845.7899780273438,845.9500122070312,837.4500122070312,839.4299926757812
2016/10/10,-0.1531,10.0,0.1209228381374722,841.7100219726562,1827100.0,843.25,845.2000122070312,840.27001953125,841.7100219726562
2016/10/11,0.243025,7.75,0.1525131578947368,831.0,3588200.0,841.02001953125,841.2899780273438,828.3499755859375,831.0
2016/10/12,0.127445,7.35,0.1316732682926829,834.0900268554688,2380400.0,834.0,837.6699829101562,830.0999755859375,834.0900268554688
2016/10/13,0.112195,7.45,0.1642101449275362,829.280029296875,3091400.0,829.0,831.7999877929688,821.2100219726562,829.280029296875
2016/10/14,0.417675,9.0,0.1319526234567901,822.9600219726562,2999800.0,835.0800170898438,835.739990234375,822.9600219726562,822.9600219726562
2016/10/17,0.18125,9.375,0.1344186738836265,812.9500122070312,3361500.0,821.5,822.0,811.6799926757812,812.9500122070312
2016/10/18,0.4325555555555556,7.0,0.1125733146067415,817.6500244140625,2512500.0,822.1099853515625,823.260009765625,815.02001953125,817.6500244140625
2016/10/19,0.205375,7.25,0.1247342313787638,817.6900024414062,2090700.0,820.4000244140625,820.6699829101562,815.1699829101562,817.6900024414062
2016/10/20,-0.1207249999999999,5.375,0.0859767334360554,810.3200073242188,3152000.0,813.989990234375,815.7100219726562,803.0999755859375,810.3200073242188
2016/10/21,0.1498499999999999,6.5,0.0922676666666666,818.989990234375,2793000.0,809.3599853515625,819.4199829101562,809.0,818.989990234375
2016/10/24,0.0497979166666666,8.833333333333332,0.1680515957446808,838.0900268554688,4060900.0,824.9500122070312,838.2999877929688,822.2100219726562,838.0900268554688
2016/10/25,0.2526,7.75,0.1395733870967742,835.1799926757812,3248400.0,839.2999877929688,843.0900268554688,833.219970703125,835.1799926757812
2016/10/26,0.354975,7.25,0.1036123769338959,822.5900268554688,3998100.0,832.760009765625,833.4400024414062,820.0,822.5900268554688
2016/10/27,0.1318,8.3125,0.1068986175115207,818.3599853515625,7406400.0,831.239990234375,831.719970703125,815.4299926757812,818.3599853515625
2016/10/28,0.2794982142857143,8.821428571428571,0.123214039408867,776.3200073242188,10841100.0,782.0,789.489990234375,774.6099853515625,776.3200073242188
2016/10/31,0.27015,12.5,0.1685591339648173,789.8200073242188,5413300.0,781.030029296875,793.7000122070312,780.1099853515625,789.8200073242188
2016/11/01,0.26635,10.375,0.1650305670816044,785.4099731445312,5305400.0,799.0,800.8400268554688,776.7100219726562,785.4099731445312
2016/11/02,0.3047499999999999,10.0,0.0999843236409608,765.5599975585938,5026500.0,783.9299926757812,784.75,763.5499877929688,765.5599975585938
2016/11/03,0.2703399999999999,10.2,0.1251385735080058,767.030029296875,3872500.0,765.0499877929688,777.0,764.0,767.030029296875
2016/11/04,0.37965,9.0,0.1408201801801801,755.0499877929688,5122100.0,762.7899780273438,766.0,753.22998046875,755.0499877929688
2016/11/07,0.3059249999999999,8.0,0.1656509337860781,784.9299926757812,5984400.0,771.6400146484375,787.72998046875,770.9400024414062,784.9299926757812
2016/11/08,0.3266249999999999,11.75,0.1476039387308534,787.75,3412600.0,784.969970703125,791.739990234375,779.0999755859375,787.75
2016/11/09,0.152725,9.5,0.1126141025641025,771.8800048828125,8562900.0,764.0,777.5,760.0900268554688,771.8800048828125
2016/11/10,0.124025,8.75,0.0661262531860662,742.3800048828125,12747000.0,778.8099975585938,778.8300170898438,717.7000122070312,742.3800048828125
2016/11/11,0.133425,9.25,0.0912571197411003,739.010009765625,6622800.0,735.72998046875,743.260009765625,728.9000244140625,739.010009765625
2016/11/14,-0.1917333333333333,10.666666666666666,0.1099662200956937,719.0700073242188,7321300.0,745.510009765625,746.0,710.0999755859375,719.0700073242188
2016/11/15,0.14405,11.666666666666668,0.0405562565720294,743.239990234375,6755800.0,730.0,746.780029296875,725.989990234375,743.239990234375
2016/11/16,0.0226857142857142,6.714285714285714,0.1738454409566517,746.489990234375,3648800.0,739.8800048828125,749.8699951171875,735.6099853515625,746.489990234375
2016/11/17,0.507825,7.5,0.15797969762419,756.4000244140625,3690100.0,749.3200073242188,757.5,748.0,756.4000244140625
2016/11/18,0.2416916666666666,11.458333333333334,0.190935046113307,760.1599731445312,4373400.0,761.0,767.739990234375,757.6400146484375,760.1599731445312
2016/11/21,0.2629714285714286,8.285714285714286,0.18355561861521,780.0,4614600.0,766.0,780.3499755859375,765.1099853515625,780.0
2016/11/22,0.0108333333333332,8.5,0.1806915824915825,785.3300170898438,5311300.0,788.1699829101562,792.4000244140625,781.0,785.3300170898438
2016/11/23,0.0554666666666667,7.833333333333333,0.1644761980830671,780.1199951171875,3540300.0,781.72998046875,781.75,773.1199951171875,780.1199951171875
2016/11/25,0.2388,7.25,0.1530849180327868,780.3699951171875,1837100.0,786.5,786.75,777.9000244140625,780.3699951171875
2016/11/28,0.19845,8.083333333333334,0.1349889887640449,766.77001953125,4438800.0,776.989990234375,777.0,764.239990234375,766.77001953125
2016/11/29,0.1793666666666666,5.5,0.1401307116104868,762.52001953125,3272300.0,768.0,769.8900146484375,761.3200073242188,762.52001953125
2016/11/30,0.26065,7.75,0.1433586206896551,750.5700073242188,4625900.0,762.0,768.0900268554688,750.25,750.5700073242188
2016/12/01,0.1512999999999999,9.0,0.1570291855203619,743.6500244140625,4666000.0,752.4099731445312,753.3699951171875,738.030029296875,743.6500244140625
2016/12/02,0.4167666666666667,9.5,0.1866861538461538,740.3400268554688,3561300.0,743.4000244140625,748.489990234375,736.7000122070312,740.3400268554688
2016/12/05,0.0383530303030302,11.37878787878788,0.1421302052785923,759.3599853515625,4314700.0,745.0,761.489990234375,742.0,759.3599853515625
2016/12/06,-0.019075,7.875,0.1545920492721164,764.719970703125,3794700.0,763.989990234375,768.239990234375,757.25,764.719970703125
2016/12/07,0.21395,6.5,0.141503074670571,770.4199829101562,3684900.0,764.5499877929688,770.4199829101562,755.8200073242188,770.4199829101562
2016/12/08,0.1170133333333333,7.2,0.1385390946502057,767.3300170898438,3189600.0,771.8699951171875,773.7899780273438,765.1900024414062,767.3300170898438
2016/12/09,0.2812499999999999,6.375,0.1322791744840525,768.6599731445312,2470900.0,770.0,770.25,765.3400268554688,768.6599731445312
2016/12/12,0.0087,6.5,0.1449525862068965,760.1199951171875,2963900.0,766.4000244140625,766.8900146484375,757.2000122070312,760.1199951171875
2016/12/13,0.1779,7.0,0.1160171552660151,774.3400268554688,5285300.0,764.9600219726562,782.4600219726562,762.0,774.3400268554688
2016/12/14,0.2292785714285714,9.071428571428571,0.1648088184931506,768.8200073242188,5454800.0,778.25,780.8599853515625,762.8099975585938,768.8200073242188
2016/12/15,0.38865,9.25,0.1262201277955271,761.0,3801900.0,766.280029296875,769.0999755859375,760.3099975585938,761.0
2016/12/16,0.16055,7.5,0.1386717105263157,757.77001953125,4848200.0,765.0,765.1300048828125,754.0,757.77001953125
2016/12/19,0.0,7.0,0.1659013752455795,766.0,3113200.0,758.8900146484375,770.5,756.1599731445312,766.0
2016/12/20,0.110305,6.35,0.0961008695652173,771.219970703125,2703600.0,768.6500244140625,774.3900146484375,767.7100219726562,771.219970703125
2016/12/21,0.317075,5.5,0.1186572533849129,770.5999755859375,2044600.0,770.0,771.219970703125,765.7000122070312,770.5999755859375
2016/12/22,0.16325,4.333333333333333,0.147988326848249,766.3400268554688,2543600.0,768.1199951171875,771.2100219726562,763.02001953125,766.3400268554688
2016/12/23,0.1568714285714285,4.857142857142857,0.1402942857142857,760.5900268554688,1981600.0,764.5499877929688,766.5,757.989990234375,760.5900268554688
2016/12/27,0.5697625,5.5,0.2250820031298904,771.4000244140625,2638700.0,763.4000244140625,774.6500244140625,761.2000122070312,771.4000244140625
2016/12/28,0.2167318181818181,8.0,0.1960229711141678,772.1300048828125,3301000.0,776.25,780.0,770.5,772.1300048828125
2016/12/29,0.1303636363636363,13.977272727272728,0.1540271907216494,765.1500244140625,3158300.0,772.4000244140625,773.4000244140625,760.8499755859375,765.1500244140625
2016/12/30,0.07829375,5.625,0.1588595774647887,749.8699951171875,4139400.0,766.469970703125,767.4000244140625,748.280029296875,749.8699951171875