2015/01/02,0.2015666666666666,7.833333333333333,0.1112700575815738,109.33000183105467,53204600.0,111.38999938964844,111.44000244140624,107.3499984741211,100.2164535522461
2015/01/05,0.1711333333333333,6.833333333333334,0.1894281190626979,106.25,64285500.0,108.29000091552734,108.6500015258789,105.41000366210938,97.39318084716795
2015/01/06,-0.07955,7.5,0.2190872977831036,106.26000213623048,65797100.0,106.54000091552734,107.43000030517578,104.62999725341795,97.40237426757812
2015/01/07,0.0,9.25,0.2052353929214157,107.75,40105900.0,107.1999969482422,108.1999969482422,106.6999969482422,98.76815032958984
2015/01/08,0.3462666666666666,5.666666666666667,0.2200066899650524,111.88999938964844,59364500.0,109.2300033569336,112.1500015258789,108.6999969482422,102.56307220458984
2015/01/09,0.2476666666666666,15.0,0.1655578742709008,112.01000213623048,53699500.0,112.66999816894533,113.25,110.20999908447266,102.6730499267578
2015/01/12,0.1097375,6.083333333333334,0.183683754789272,109.25,49650800.0,112.5999984741211,112.62999725341795,108.8000030517578,100.14311981201172
2015/01/13,0.1941690476190475,8.178571428571429,0.1780991197183098,110.22000122070312,67091900.0,111.43000030517578,112.8000030517578,108.91000366210938,101.03227996826172
2015/01/14,-0.1478999999999999,9.625,0.1057169728783902,109.8000030517578,48956600.0,109.04000091552734,110.48999786376952,108.5,100.64728546142578
2015/01/15,-0.1948416666666666,6.75,0.0828658485273492,106.81999969482422,60014000.0,110.0,110.05999755859376,106.66000366210938,97.9156723022461
2015/01/16,-0.0607333333333333,7.166666666666666,0.0731468162522741,105.98999786376952,78513300.0,107.02999877929688,107.58000183105467,105.1999969482422,97.15485382080078
2015/01/20,0.0,2.6666666666666665,0.2095702427564604,108.72000122070312,49899900.0,107.83999633789062,108.97000122070312,106.5,99.65730285644533
2015/01/21,0.0,4.5,0.17916578581363,109.5500030517578,48575900.0,108.9499969482422,111.05999755859376,108.2699966430664,100.4181137084961
2015/01/22,0.118075,3.5,0.1084895558809175,112.4000015258789,53796400.0,110.26000213623048,112.47000122070312,109.72000122070312,103.03055572509766
2015/01/23,0.1589,8.5,0.1521414553472987,112.9800033569336,46464800.0,112.3000030517578,113.75,111.52999877929688,103.56219482421876
2015/01/26,0.0976833333333333,6.142857142857142,0.1620472829131652,113.0999984741211,55615000.0,113.73999786376952,114.36000061035156,112.8000030517578,103.67218780517578
2015/01/27,0.0560924999999999,6.6875,0.1454613096467672,109.13999938964844,95568700.0,112.41999816894533,112.4800033569336,109.02999877929688,100.04229736328124
2015/01/28,0.2663763888888888,15.4,0.1534641253706056,115.30999755859376,146477100.0,117.62999725341795,118.12000274658205,115.30999755859376,105.69796752929688
2015/01/29,-0.0489999999999999,6.166666666666666,0.1422368788501027,118.9000015258789,84436400.0,116.31999969482422,119.19000244140624,115.55999755859376,108.98871612548828
2015/01/30,0.3536027777777777,5.0,0.1580482949308755,117.16000366210938,83745500.0,118.4000015258789,120.0,116.8499984741211,107.39376831054688
2015/02/02,0.1111166666666666,5.0,0.143366413268832,118.62999725341795,62739100.0,118.0500030517578,119.16999816894533,116.08000183105467,108.74124145507812
2015/02/03,-0.0781055555555555,6.4444444444444455,0.1482704015544041,118.6500015258789,51915700.0,118.5,119.08999633789062,117.61000061035156,108.75955963134766
2015/02/04,-0.0031458333333333,9.125,0.1288201941747573,119.55999755859376,70149700.0,118.5,120.51000213623048,118.30999755859376,109.5937042236328
2015/02/05,0.0031916666666666,10.944444444444445,0.1341484569927774,119.94000244140624,42246200.0,120.0199966430664,120.2300033569336,119.25,110.37590789794922
2015/02/06,0.1614724999999999,6.675,0.1234025761124121,118.93000030517578,43706600.0,120.0199966430664,120.25,118.4499969482422,109.44646453857422
2015/02/09,0.2924833333333334,8.833333333333334,0.1450010655737705,119.72000122070312,38889800.0,118.5500030517578,119.83999633789062,118.43000030517578,110.17346954345705
2015/02/10,0.0940469696969696,8.848484848484848,0.1500596972176759,122.0199966430664,62008500.0,120.16999816894533,122.1500015258789,120.16000366210938,112.29004669189452
2015/02/11,0.1695414814814815,11.411111111111111,0.1564068832983927,124.87999725341795,73561800.0,122.7699966430664,124.91999816894533,122.5,114.92201232910156
2015/02/12,-0.0326566666666666,10.083333333333334,0.1408321414840446,126.45999908447266,74474500.0,126.05999755859376,127.4800033569336,125.56999969482422,116.3760223388672
2015/02/13,0.1050214285714285,11.214285714285714,0.1504419354838709,127.08000183105467,54272200.0,127.27999877929688,127.27999877929688,125.6500015258789,116.94658660888672
2015/02/17,0.0782333333333333,9.633333333333333,0.1126442409638554,127.83000183105467,63152400.0,127.48999786376952,128.8800048828125,126.91999816894533,117.63677215576172
2015/02/18,-0.0954914285714285,8.728571428571428,0.1551822429906542,128.72000122070312,44891700.0,127.62999725341795,128.77999877929688,127.4499969482422,118.455810546875
2015/02/19,-0.0919571428571428,5.696428571428571,0.1442079821200511,128.4499969482422,37362400.0,128.47999572753906,129.02999877929688,128.3300018310547,118.20733642578124
2015/02/20,0.0567141666666667,7.516666666666667,0.1513089678510998,129.5,48948400.0,128.6199951171875,129.5,128.0500030517578,119.17359924316406
2015/02/23,-0.0300649999999999,8.05,0.149269427276473,133.0,70974100.0,130.02000427246094,133.0,129.66000366210938,122.3945083618164
2015/02/24,-0.0721111111111111,14.333333333333334,0.1404335423197492,132.1699981689453,69228100.0,132.94000244140625,133.60000610351562,131.1699981689453,121.63068389892578
2015/02/25,-0.1045899999999999,15.5,0.1403788052373158,128.7899932861328,74711700.0,131.55999755859375,131.60000610351562,128.14999389648438,118.5202178955078
2015/02/26,-0.0233395833333333,10.916666666666668,0.1336331870357866,130.4199981689453,91287500.0,128.7899932861328,130.8699951171875,126.61000061035156,120.02024841308594
2015/02/27,0.09046,12.0,0.123207104622871,128.4600067138672,62014800.0,130.0,130.57000732421875,128.24000549316406,118.21653747558594
2015/03/02,0.1065533333333333,10.833333333333332,0.1762380870561282,129.08999633789062,48096700.0,129.25,130.27999877929688,128.3000030517578,118.79629516601562
2015/03/03,0.161815,12.0,0.161890369088812,129.36000061035156,37816300.0,128.9600067138672,129.52000427246094,128.08999633789062,119.04476165771484
2015/03/04,-0.0345999999999999,18.571428571428573,0.1216612903225806,128.5399932861328,31666300.0,129.10000610351562,129.55999755859375,128.32000732421875,118.2901382446289
2015/03/05,0.28029375,10.0625,0.128819570294255,126.41000366210938,56517100.0,128.5800018310547,128.75,125.76000213623048,116.33000946044922
2015/03/06,-0.0808441176470588,10.014705882352942,0.1100366758241758,126.5999984741211,72842100.0,128.39999389648438,129.3699951171875,126.26000213623048,116.50484466552734
2015/03/09,0.0751934444444444,7.411111111111111,0.1275046220987899,127.13999938964844,88528500.0,127.95999908447266,129.57000732421875,125.05999755859376,117.00180053710938
2015/03/10,0.0342757703081232,9.212885154061626,0.1240817181398651,124.51000213623048,68856600.0,126.41000366210938,127.22000122070312,123.8000030517578,114.58150482177734
2015/03/11,-0.0508239130434782,5.072463768115942,0.1454385869565217,122.23999786376952,68939000.0,124.75,124.7699966430664,122.11000061035156,112.49252319335938
2015/03/12,0.0973777777777778,7.5,0.1698588358678552,124.4499969482422,48362700.0,122.30999755859376,124.9000015258789,121.62999725341795,114.52629089355467
2015/03/13,-0.076675,7.041666666666666,0.1928071561916614,123.58999633789062,51827300.0,124.4000015258789,125.4000015258789,122.58000183105467,113.73485565185548
2015/03/16,-0.1194871428571428,7.614285714285715,0.1691003676470588,124.9499969482422,35874300.0,123.87999725341795,124.9499969482422,122.87000274658205,114.9864273071289
2015/03/17,-0.0981499999999999,11.822222222222225,0.1611467350746268,127.04000091552734,51023100.0,125.9000015258789,127.31999969482422,125.6500015258789,116.90975952148438
2015/03/18,-0.0003291666666666,11.541666666666668,0.1707929133858267,128.47000122070312,65270900.0,127.0,129.16000366210938,126.37000274658205,118.22573852539062
2015/03/19,0.0625,12.75,0.1823512763596004,127.5,45809500.0,128.75,129.25,127.4000015258789,117.33309936523438
2015/03/20,0.02138,15.1,0.1645409550561797,125.9000015258789,68695100.0,128.25,128.39999389648438,125.16000366210938,115.86067962646484
2015/03/23,0.2849,8.5,0.1811281613123718,127.20999908447266,37709700.0,127.12000274658205,127.8499984741211,126.5199966430664,117.06620025634766
2015/03/24,-0.1543,15.125,0.2085938953488372,126.69000244140624,32842300.0,127.2300033569336,128.0399932861328,126.55999755859376,116.58767700195312
2015/03/25,0.03558,10.6,0.2060222602739726,123.37999725341795,51655200.0,126.54000091552734,126.81999969482422,123.37999725341795,113.54161834716795
2015/03/26,-0.1548333333333332,8.722222222222221,0.1957588495575221,124.23999786376952,47572900.0,122.76000213623048,124.87999725341795,122.5999984741211,114.33304595947266
2015/03/27,-0.0048875,11.625,0.2306654860587792,123.25,39546200.0,124.56999969482422,124.6999969482422,122.91000366210938,113.4219970703125
2015/03/30,0.2289518518518518,8.944444444444445,0.2351587982832618,126.37000274658205,47099700.0,124.0500030517578,126.4000015258789,124.0,116.2931900024414
2015/03/31,-0.1759749999999999,11.25,0.2179957507082153,124.43000030517578,42090600.0,126.08999633789062,126.48999786376952,124.36000061035156,114.50788116455078
2015/04/01,-0.1493499999999999,10.75,0.2244117097701149,124.25,40621400.0,124.81999969482422,125.12000274658205,123.0999984741211,114.3422393798828
2015/04/02,0.1832125,8.0,0.1870801928783382,125.31999969482422,32220100.0,125.02999877929688,125.55999755859376,124.19000244140624,115.32691192626952
2015/04/06,0.07165,6.916666666666666,0.2049961514195583,127.3499984741211,37194000.0,124.47000122070312,127.51000213623048,124.33000183105467,117.19503021240234
2015/04/07,0.0450416666666666,9.625,0.1795573780487805,126.01000213623048,35012300.0,127.63999938964844,128.1199951171875,125.9800033569336,115.96190643310548
2015/04/08,-0.049687037037037,11.398148148148149,0.147560606060606,125.5999984741211,37329200.0,125.8499984741211,126.4000015258789,124.97000122070312,115.58458709716795
2015/04/09,-0.1602499999999999,6.9375,0.1494775922059847,126.55999755859376,32484000.0,125.8499984741211,126.58000183105467,124.66000366210938,116.46804809570312
2015/04/10,0.0571454545454545,8.856060606060606,0.1265246376811594,127.0999984741211,40188000.0,125.9499969482422,127.20999908447266,125.26000213623048,116.9649887084961
2015/04/13,0.0662321428571428,9.107142857142858,0.1064816655473472,126.8499984741211,36365100.0,128.3699951171875,128.57000732421875,126.61000061035156,116.73491668701172
2015/04/14,0.0789333333333332,8.7,0.1344742026931254,126.3000030517578,25524600.0,127.0,127.29000091552734,125.91000366210938,116.22879028320312
2015/04/15,0.1370833333333333,8.083333333333332,0.1333267645003494,126.77999877929688,28970400.0,126.41000366210938,127.12999725341795,126.01000213623048,116.67050170898438
2015/04/16,0.01156375,10.925,0.1317375461936437,126.16999816894533,28369000.0,126.27999877929688,127.0999984741211,126.11000061035156,116.109130859375
2015/04/17,0.00335,6.0,0.1281712751677852,124.75,51957000.0,125.5500030517578,126.13999938964844,124.45999908447266,114.8023681640625
2015/04/20,0.272475,6.0,0.1323036251709986,127.5999984741211,47054300.0,125.56999969482422,128.1199951171875,125.16999816894533,117.42511749267578
2015/04/21,-0.1591,7.416666666666666,0.1563389369592089,126.91000366210938,32435100.0,128.10000610351562,128.1999969482422,126.66999816894533,116.7901382446289
2015/04/22,0.0674333333333333,9.666666666666668,0.1515188269370021,128.6199951171875,37654500.0,126.98999786376952,128.8699951171875,126.31999969482422,118.36377716064452
2015/04/23,-0.05572,10.5,0.1241594210813763,129.6699981689453,45770900.0,128.3000030517578,130.4199981689453,128.13999938964844,119.33004760742188
2015/04/24,-0.040403125,9.225,0.1360168045501551,130.27999877929688,44525900.0,130.49000549316406,130.6300048828125,129.22999572753906,119.89141082763672
2015/04/27,-0.1134728937728937,9.188644688644688,0.1240536506655909,132.64999389648438,96954200.0,132.30999755859375,133.1300048828125,131.14999389648438,122.07239532470705
2015/04/28,0.25016734006734,8.646464646464645,0.1181576397835609,130.55999755859375,118924000.0,134.4600067138672,134.5399932861328,129.57000732421875,120.14907836914062
2015/04/29,-0.1319454545454545,8.755681818181818,0.0824541538461538,128.63999938964844,63386100.0,130.16000366210938,131.58999633789062,128.3000030517578,118.38218688964844
2015/04/30,0.141875,7.472222222222221,0.0790827732578705,125.1500015258789,83195400.0,128.63999938964844,128.63999938964844,124.58000183105467,115.17047882080078
2015/05/01,0.0536833333333333,6.533333333333334,0.1042705882352941,128.9499969482422,58512600.0,126.0999984741211,130.1300048828125,125.3000030517578,118.6674575805664
2015/05/04,0.3753,6.0,0.1125098068350668,128.6999969482422,50988300.0,129.5,130.57000732421875,128.25999450683594,118.43739318847656
2015/05/05,0.1092366666666666,7.5,0.1355109202453987,125.8000030517578,49271400.0,128.14999389648438,128.4499969482422,125.77999877929688,115.76864624023438
2015/05/06,-0.0121,6.75,0.0982236777367773,125.01000213623048,72141000.0,126.55999755859376,126.75,123.36000061035156,115.0416488647461
2015/05/07,-0.15318125,8.4375,-0.011755369458128,125.26000213623048,43940900.0,124.7699966430664,126.08000183105467,124.0199966430664,115.75320434570312
2015/05/08,-0.3353083333333334,8.666666666666668,0.1250405405405405,127.62000274658205,55550400.0,126.68000030517578,127.62000274658205,126.11000061035156,117.93408966064452
2015/05/11,0.2642249999999999,8.833333333333332,0.1388809595202398,126.31999969482422,42035800.0,127.38999938964844,127.55999755859376,125.62999725341795,116.73274993896484
2015/05/12,0.085,6.75,0.0824529137529137,125.87000274658205,48160000.0,125.5999984741211,126.87999725341795,124.81999969482422,116.3169174194336
2015/05/13,0.0586,8.166666666666668,0.1341742296918767,126.01000213623048,34694200.0,126.1500015258789,127.19000244140624,125.87000274658205,116.44629669189452
2015/05/14,0.04364,6.9,0.1377235190097259,128.9499969482422,45203500.0,127.41000366210938,128.9499969482422,127.16000366210938,119.16313934326172
2015/05/15,-0.0616133333333332,7.9,0.0748519586104951,128.77000427246094,38208000.0,129.07000732421875,129.49000549316406,128.2100067138672,118.99681091308594
2015/05/18,0.0905062499999999,11.0,0.129090671641791,130.19000244140625,50882900.0,128.3800048828125,130.72000122070312,128.36000061035156,120.30901336669922
2015/05/19,0.2563277777777777,9.666666666666666,0.0364373716632443,130.07000732421875,44633200.0,130.69000244140625,130.8800048828125,129.63999938964844,120.1981430053711
2015/05/20,0.3035208333333333,7.583333333333333,0.0940536241610738,130.05999755859375,36454900.0,130.0,130.97999572753906,129.33999633789062,120.18889617919922
2015/05/21,0.1145541666666667,9.166666666666668,0.0635298599439776,131.38999938964844,39730400.0,130.07000732421875,131.6300048828125,129.8300018310547,121.41796112060548
2015/05/22,-0.11293,10.1,0.1286109090909091,132.5399932861328,45596000.0,131.60000610351562,132.97000122070312,131.39999389648438,122.48069763183594
2015/05/26,-0.1726142857142857,14.107142857142858,0.0878748114630467,129.6199951171875,70697600.0,132.60000610351562,132.91000366210938,129.1199951171875,119.78228759765624
2015/05/27,-0.0482403846153845,8.397435897435898,0.1149930174563591,132.0399932861328,45833200.0,130.33999633789062,132.25999450683594,130.0500030517578,122.01863861083984
2015/05/28,0.0380922222222222,10.655555555555557,0.0860487804878048,131.77999877929688,30733300.0,131.86000061035156,131.9499969482422,131.10000610351562,121.77835083007812
2015/05/29,0.0023416666666666,7.5,0.1431161731207289,130.27999877929688,50884500.0,131.22999572753906,131.4499969482422,129.89999389648438,120.3922119140625
2015/06/01,-0.0392857142857142,8.285714285714285,0.1167921553090333,130.5399932861328,32112800.0,130.27999877929688,131.38999938964844,130.0500030517578,120.63246154785156
2015/06/02,-0.0727599999999999,6.466666666666666,0.1056974814814814,129.9600067138672,33667600.0,129.86000061035156,130.66000366210938,129.32000732421875,120.0964813232422
2015/06/03,0.0487454545454545,10.90909090909091,0.0675567039106145,130.1199951171875,30983500.0,130.66000366210938,130.94000244140625,129.89999389648438,120.24434661865234
2015/06/04,-0.08417,9.05,0.1187380563798219,129.36000061035156,38450100.0,129.5800018310547,130.5800018310547,128.91000366210938,119.54202270507812
2015/06/05,0.0743454545454545,11.181818181818182,0.0699272376543209,128.64999389648438,35626800.0,129.5,129.69000244140625,128.36000061035156,118.88591003417967
2015/06/08,-0.1717201612903226,7.830645161290322,0.0882485407066052,127.8000030517578,52674800.0,128.89999389648438,129.2100067138672,126.83000183105467,118.10042572021484
2015/06/09,0.0147099999999999,5.385714285714286,0.078530876216968,127.41999816894533,56075400.0,126.6999969482422,128.0800018310547,125.62000274658205,117.74925994873048
2015/06/10,0.08618,7.066666666666666,0.1071427435387674,128.8800048828125,39087300.0,127.91999816894533,129.33999633789062,127.8499984741211,119.09844207763672
2015/06/11,0.0231227272727272,7.181818181818182,0.0831480650154798,128.58999633789062,35390900.0,129.17999267578125,130.17999267578125,128.47999572753906,118.8304672241211
2015/06/12,-0.0734833333333333,7.333333333333334,0.0377867872044506,127.16999816894533,36886200.0,128.19000244140625,128.3300018310547,127.11000061035156,117.51824188232422
2015/06/15,0.1016,7.0,0.092019089456869,126.91999816894533,43988900.0,126.0999984741211,127.23999786376952,125.70999908447266,117.2872085571289
2015/06/16,-0.135575,6.666666666666666,0.0798352322524101,127.5999984741211,31494100.0,127.02999877929688,127.8499984741211,126.37000274658205,117.91559600830078
2015/06/17,0.34,10.0,0.0925539618856569,127.3000030517578,32918100.0,127.72000122070312,127.87999725341795,126.73999786376952,117.6383819580078
2015/06/18,0.1909,7.875,0.0823851621808143,127.87999725341795,35407200.0,127.2300033569336,128.30999755859375,127.22000122070312,118.17435455322266
2015/06/19,0.1485,6.7,0.1265073543457497,126.5999984741211,54716900.0,127.70999908447266,127.81999969482422,126.4000015258789,116.99150848388672
2015/06/22,0.1413926470588235,8.22549019607843,0.1228234138972809,127.61000061035156,34039300.0,127.48999786376952,128.05999755859375,127.08000183105467,117.9248504638672
2015/06/23,-0.05735,8.1875,0.1291897781299524,127.02999877929688,30268900.0,127.4800033569336,127.61000061035156,126.87999725341795,117.3888702392578
2015/06/24,0.2305208333333332,10.375,0.1162091710758377,128.11000061035156,55280900.0,127.20999908447266,129.8000030517578,127.12000274658205,118.38690185546876
2015/06/25,0.0618547619047618,9.095238095238097,0.1028892473118279,127.5,31938100.0,128.86000061035156,129.1999969482422,127.5,117.82321166992188
2015/06/26,0.2596619047619047,7.476190476190477,0.1070904527559055,126.75,44066800.0,127.66999816894533,127.98999786376952,126.51000213623048,117.13011169433594
2015/06/29,-0.0561208333333333,7.444444444444445,0.1204444897959183,124.52999877929688,49161400.0,125.45999908447266,126.47000122070312,124.4800033569336,115.07860565185548
2015/06/30,-0.0634717948717948,7.448717948717949,0.1342884764114462,125.43000030517578,44370700.0,125.56999969482422,126.12000274658205,124.86000061035156,115.9103012084961
2015/07/01,0.046375,6.25,0.101069245647969,126.5999984741211,30238800.0,126.9000015258789,126.94000244140624,125.98999786376952,116.99150848388672
2015/07/02,-0.10405,8.916666666666666,0.1302040425531914,126.44000244140624,27211000.0,126.43000030517578,126.69000244140624,125.7699966430664,116.8436279296875
2015/07/06,0.2787,8.166666666666668,0.1223224961479198,126.0,28060400.0,124.94000244140624,126.2300033569336,124.8499984741211,116.4370346069336
2015/07/07,-0.14426,7.575,0.1531382198952879,125.69000244140624,46946800.0,125.88999938964844,126.1500015258789,123.7699966430664,116.15057373046876
2015/07/08,0.0142833333333333,7.5,0.0812350847457627,122.56999969482422,60761600.0,124.4800033569336,124.63999938964844,122.54000091552734,113.26736450195312
2015/07/09,-0.0299466666666666,7.9,0.0439746519721577,120.06999969482422,78595000.0,123.8499984741211,124.05999755859376,119.22000122070312,110.95711517333984
2015/07/10,-0.29687,7.116666666666667,0.1010500318674315,123.27999877929688,61354500.0,121.94000244140624,123.8499984741211,121.20999908447266,113.92346954345705
2015/07/13,0.1688214285714285,10.428571428571429,0.1594660929432013,125.66000366210938,41440500.0,125.02999877929688,125.76000213623048,124.31999969482422,116.1228485107422
2015/07/14,-0.33789375,6.6875,0.0576802562170309,125.61000061035156,31768100.0,126.04000091552734,126.37000274658205,125.04000091552734,116.07662200927734
2015/07/15,-0.100325,6.407407407407407,0.13681851278079,126.81999969482422,33649200.0,125.72000122070312,127.1500015258789,125.58000183105467,117.19480895996094
2015/07/16,-0.2667187499999999,9.6875,0.0918042056074766,128.50999450683594,36222400.0,127.73999786376952,128.57000732421875,127.3499984741211,118.7565460205078
2015/07/17,0.2471055555555555,6.555555555555555,0.1259422273781902,129.6199951171875,46164700.0,129.0800018310547,129.6199951171875,128.30999755859375,119.78228759765624
2015/07/20,0.0525266666666667,7.666666666666667,0.1494056529112493,132.07000732421875,58900200.0,130.97000122070312,132.97000122070312,130.6999969482422,122.0463638305664
2015/07/21,-0.065235688405797,6.106884057971014,0.0928492382693479,130.75,76756400.0,132.85000610351562,132.9199981689453,130.32000732421875,120.8265380859375
2015/07/22,0.0110676470588235,5.626838235294118,0.0741061582809224,125.22000122070312,115450600.0,121.98999786376952,125.5,121.98999786376952,115.71623229980467
2015/07/23,0.0369541666666666,6.6875,0.0933755289788408,125.16000366210938,50999500.0,126.1999969482422,127.08999633789062,125.05999755859376,115.66078186035156
2015/07/24,-0.0026285714285714,9.785714285714285,0.1230318635607321,124.5,42162300.0,125.31999969482422,125.73999786376952,123.9000015258789,115.05088806152344
2015/07/27,0.2100238095238095,12.507936507936508,0.1192813664596273,122.7699966430664,44455500.0,123.08999633789062,123.61000061035156,122.12000274658205,113.4521713256836
2015/07/28,-0.061675,9.916666666666668,0.1096506578947368,123.37999725341795,33618100.0,123.37999725341795,123.91000366210938,122.5500030517578,114.01588439941406
2015/07/29,0.3062,11.25,0.0618342830009496,122.98999786376952,37011700.0,123.1500015258789,123.5,122.2699966430664,113.6554718017578
2015/07/30,-0.1549428571428571,11.428571428571429,0.0238813874788494,122.37000274658205,33628300.0,122.31999969482422,122.56999969482422,121.70999908447266,113.08255767822266
2015/07/31,0.1046142857142856,9.785714285714285,0.0499906171809841,121.3000030517578,42885000.0,122.5999984741211,122.63999938964844,120.91000366210938,112.09375
2015/08/03,-0.12307,7.05,0.0544794954374664,118.44000244140624,69976000.0,121.5,122.56999969482422,117.5199966430664,109.45081329345705
2015/08/04,-0.1030011111111111,8.066666666666666,0.0594678811121764,114.63999938964844,124138600.0,117.41999816894533,117.6999969482422,113.25,105.93921661376952
2015/08/05,0.2158617647058823,9.911764705882357,0.0870324680356451,115.4000015258789,99312600.0,112.9499969482422,117.44000244140624,112.0999984741211,106.64154815673828
2015/08/06,-0.026876923076923,12.153846153846152,0.0970306853582554,115.12999725341795,52903000.0,115.97000122070312,116.5,114.12000274658205,106.87360382080078
2015/08/07,0.0988,10.222222222222223,0.0900366479049405,115.5199966430664,38670400.0,114.58000183105467,116.25,114.5,107.23564910888672
2015/08/10,0.0458333333333332,9.654761904761903,0.1187789198606271,119.72000122070312,54951600.0,116.52999877929688,119.98999786376952,116.52999877929688,111.13444519042967
2015/08/11,-0.1882576388888889,8.083333333333334,0.0814007182320441,113.48999786376952,97082800.0,117.80999755859376,118.18000030517578,113.33000183105467,105.35123443603516
2015/08/12,0.1070999999999999,14.333333333333332,0.0748717129629629,115.23999786376952,101217500.0,112.52999877929688,115.41999816894533,109.62999725341795,106.9757080078125
2015/08/13,0.15055,14.4375,0.0724144699140401,115.1500015258789,48535800.0,116.04000091552734,116.4000015258789,114.54000091552734,106.8921890258789
2015/08/14,-0.0482888888888888,10.0,0.0532223362273086,115.95999908447266,42929500.0,114.31999969482422,116.30999755859376,114.01000213623048,107.64407348632812
2015/08/17,-0.09545,8.95,0.1241902359641985,117.16000366210938,40884700.0,116.04000091552734,117.6500015258789,115.5,108.75802612304688
2015/08/18,0.0097479166666667,9.75,0.0737473684210526,116.5,34560700.0,116.43000030517578,117.44000244140624,116.01000213623048,108.14537811279295
2015/08/19,-0.0500799999999999,18.4,0.075638434476693,115.01000213623048,48286500.0,116.0999984741211,116.5199966430664,114.68000030517578,106.76223754882812
2015/08/20,-0.0274916666666666,8.333333333333332,0.0534943722943722,112.6500015258789,68501600.0,114.08000183105467,114.3499984741211,111.62999725341795,104.57145690917967
2015/08/21,-0.0762399999999999,9.2,0.0697136900078678,105.76000213623048,128275500.0,110.43000030517578,111.9000015258789,105.6500015258789,98.17554473876952
2015/08/24,0.04299375,7.9875,0.0746222429906542,103.12000274658205,162206300.0,94.87000274658205,108.8000030517578,92.0,95.7248992919922
2015/08/25,-0.044885,9.65,0.1191057621791513,103.73999786376952,103601600.0,111.11000061035156,111.11000061035156,103.5,96.30042266845705
2015/08/26,0.0774962962962962,12.425925925925926,0.0920088888888888,109.69000244140624,96774600.0,107.08999633789062,109.88999938964844,105.0500030517578,101.82373046875
2015/08/27,-0.0469477272727272,9.90909090909091,0.0739625858123569,112.91999816894533,84616100.0,112.2300033569336,113.23999786376952,110.0199966430664,104.82211303710938
2015/08/28,0.0782,8.821428571428571,0.062647330960854,113.29000091552734,53164400.0,112.16999816894533,113.30999755859376,111.54000091552734,105.16555786132812
2015/08/31,0.0843204545454545,9.545454545454543,0.0720193786982248,112.76000213623048,56229300.0,112.02999877929688,114.52999877929688,112.0,104.673583984375
2015/09/01,-0.0160083333333332,6.416666666666667,0.0698930214723926,107.72000122070312,76845900.0,110.1500015258789,111.87999725341795,107.36000061035156,99.9950180053711
2015/09/02,0.14644,8.488888888888889,0.0973714628297362,112.33999633789062,61888800.0,110.2300033569336,112.33999633789062,109.12999725341795,104.28369140625
2015/09/03,0.1260741666666666,8.866666666666667,0.0772273393002441,110.37000274658205,53233900.0,112.48999786376952,112.77999877929688,110.04000091552734,102.45496368408205
2015/09/04,0.0623166666666666,9.196078431372548,0.0471309932785661,109.2699966430664,49996300.0,108.97000122070312,110.4499969482422,108.51000213623048,101.43385314941406
2015/09/08,0.0582380952380952,8.944444444444445,0.0826474233983287,112.30999755859376,54843600.0,111.75,112.55999755859376,110.31999969482422,104.25584411621094
2015/09/09,0.1282387234042553,7.004255319148936,0.1015989859015582,110.1500015258789,85010800.0,113.76000213623048,114.0199966430664,109.7699966430664,102.25074768066406
2015/09/10,0.0917265151515151,10.303030303030305,0.0788826193993106,112.56999969482422,62892800.0,110.2699966430664,113.27999877929688,109.9000015258789,104.4971923828125
2015/09/11,0.16169375,8.020833333333334,0.0910388423988842,114.20999908447266,49915500.0,111.79000091552734,114.20999908447266,111.76000213623048,106.01958465576172
2015/09/14,-0.0119081578947368,5.7368421052631575,0.0873388198757764,115.30999755859376,58363400.0,116.58000183105467,116.88999938964844,114.86000061035156,107.04068756103516
2015/09/15,0.1192348484848484,6.416666666666666,0.0743134256055363,116.27999877929688,43341200.0,115.93000030517578,116.52999877929688,114.41999816894533,107.94114685058594
2015/09/16,0.0945999999999999,6.714285714285714,0.0784780889621087,116.41000366210938,37173500.0,116.25,116.54000091552734,115.44000244140624,108.0618133544922
2015/09/17,-0.1735644444444444,10.555555555555555,0.0775494788047255,113.91999816894533,64112600.0,115.66000366210938,116.48999786376952,113.72000122070312,105.75038146972656
2015/09/18,-0.0175272727272727,5.818181818181818,0.0775069578090303,113.4499969482422,74285300.0,112.20999908447266,114.3000030517578,111.87000274658205,105.3140869140625
2015/09/21,0.0004683333333333,10.075,0.051738802533103,115.20999908447266,50222000.0,113.66999816894533,115.37000274658205,113.66000366210938,106.94788360595705
2015/09/22,0.2641863636363635,10.181818181818182,0.0640829008649368,113.4000015258789,50346200.0,113.37999725341795,114.18000030517578,112.5199966430664,105.26768493652344
2015/09/23,-0.1333392857142857,9.678571428571429,0.0739978653530377,114.31999969482422,35756700.0,113.62999725341795,114.72000122070312,113.3000030517578,106.1217041015625
2015/09/24,-0.1902722222222222,7.777777777777778,0.0787697183098591,115.0,50219500.0,113.25,115.5,112.37000274658205,106.7529296875
2015/09/25,0.0804699999999999,6.0,0.0988245218579235,114.70999908447266,56151900.0,116.44000244140624,116.69000244140624,114.0199966430664,106.48372650146484
2015/09/28,0.0167673076923077,6.379120879120879,0.081173320537428,112.44000244140624,52109000.0,113.8499984741211,114.56999969482422,112.44000244140624,104.37653350830078
2015/09/29,-0.1112444444444444,5.777777777777778,0.0745151977401129,109.05999755859376,73365400.0,112.83000183105467,113.51000213623048,107.86000061035156,101.2389144897461
2015/09/30,0.0993625,6.75,0.0708007648183556,110.3000030517578,66473000.0,110.16999816894533,111.54000091552734,108.7300033569336,102.3899917602539
2015/10/01,-0.04508375,6.519444444444445,0.043487610619469,109.58000183105467,63929100.0,109.06999969482422,109.62000274658205,107.30999755859376,101.72162628173828
2015/10/02,-0.01199375,8.5,0.069134672021419,110.37999725341795,58019800.0,108.01000213623048,111.01000213623048,107.5500030517578,102.46424865722656
2015/10/05,-0.0076624999999999,8.0625,0.0980672785315243,110.77999877929688,52064700.0,109.87999725341795,111.37000274658205,109.06999969482422,102.8355712890625
2015/10/06,-0.0173071428571428,6.235714285714286,0.1017461221122112,111.30999755859376,48196800.0,110.62999725341795,111.73999786376952,109.7699966430664,103.32755279541016
2015/10/07,-0.0149599999999999,5.2,0.0701227239621267,110.77999877929688,46765600.0,111.73999786376952,111.7699966430664,109.41000366210938,102.8355712890625
2015/10/08,0.0030833333333333,5.833333333333334,0.0638836473247927,109.5,61979600.0,110.19000244140624,110.19000244140624,108.20999908447266,101.64735412597656
2015/10/09,-0.007370909090909,9.081818181818182,0.0536303415941058,112.12000274658205,52766100.0,110.0,112.27999877929688,109.48999786376952,104.07947540283205
2015/10/12,-0.309025,7.75,0.0701298880275624,111.5999984741211,30467200.0,112.7300033569336,112.75,111.44000244140624,103.59677124023438
2015/10/13,0.1282361111111111,9.75925925925926,0.1145078260869565,111.79000091552734,33049300.0,110.81999969482422,112.4499969482422,110.68000030517578,103.77312469482422
2015/10/14,0.1332208333333332,7.875,0.0572503335804299,110.20999908447266,44462400.0,111.29000091552734,111.5199966430664,109.55999755859376,102.3064422607422
2015/10/15,-0.0038666666666666,7.133333333333333,0.0902510917030567,111.86000061035156,37673500.0,110.93000030517578,112.0999984741211,110.48999786376952,103.83811950683594
2015/10/16,0.18431,7.633333333333333,0.0851850102669404,111.04000091552734,39232600.0,111.77999877929688,112.0,110.52999877929688,103.07691955566406
2015/10/19,0.0706285714285714,8.833333333333334,0.0802433673469387,111.7300033569336,29759200.0,110.8000030517578,111.75,110.11000061035156,103.71743774414062
2015/10/20,0.0517375,10.583333333333334,0.0720419777341191,113.7699966430664,48967800.0,111.33999633789062,114.16999816894533,110.81999969482422,105.61114501953124
2015/10/21,0.1107,7.972222222222221,0.0782548704200178,113.76000213623048,41795200.0,114.0,115.58000183105467,113.6999969482422,105.60186767578124
2015/10/22,0.33941,8.5,0.1155156626506024,115.5,41654100.0,114.33000183105467,115.5,114.0999984741211,107.21709442138672
2015/10/23,0.2906,9.333333333333332,0.142940652173913,119.08000183105467,59366900.0,116.6999969482422,119.2300033569336,116.33000183105467,110.54034423828124
2015/10/26,0.0017727272727272,9.0,0.0818394060536836,115.27999877929688,66333800.0,118.08000183105467,118.12999725341795,114.91999816894533,107.0128402709961
2015/10/27,0.1209086956521739,7.478260869565218,0.0690992065523419,114.5500030517578,69884400.0,115.4000015258789,116.54000091552734,113.98999786376952,106.335205078125
2015/10/28,0.3377888888888888,18.166666666666668,-0.0045291988130563,119.2699966430664,85551400.0,116.93000030517578,119.3000030517578,116.05999755859376,110.71671295166016
2015/10/29,0.2314999999999999,5.4,0.1102266703176341,120.52999877929688,51227300.0,118.6999969482422,120.69000244140624,118.2699966430664,111.88634490966795
2015/10/30,0.0427888888888889,5.444444444444444,0.0945869047619047,119.5,49365300.0,120.98999786376952,121.22000122070312,119.4499969482422,110.93023681640624
2015/11/02,-0.0467666666666666,8.0,0.1158020833333333,121.18000030517578,32203300.0,120.8000030517578,121.36000061035156,119.61000061035156,112.48975372314452
2015/11/03,-0.0655,7.142857142857143,0.1160907906976744,122.56999969482422,45519000.0,120.79000091552734,123.48999786376952,120.6999969482422,113.7800521850586
2015/11/04,-0.18565,9.166666666666668,0.1064221579961464,122.0,44886100.0,123.12999725341795,123.81999969482422,121.62000274658205,113.2509307861328
2015/11/05,0.0180541666666666,8.291666666666668,0.0835245685279187,120.91999816894533,39552700.0,121.8499984741211,122.69000244140624,120.18000030517578,112.72887420654295
2015/11/06,0.27115,11.0,0.0714559390862944,121.05999755859376,33042300.0,121.11000061035156,121.80999755859376,120.62000274658205,112.85939025878906
2015/11/09,0.13222,6.6,0.0954698757763975,120.56999969482422,33871400.0,120.95999908447266,121.80999755859376,120.0500030517578,112.402587890625
2015/11/10,-0.246335,13.1,0.0835971291866028,116.7699966430664,59127900.0,116.9000015258789,118.06999969482422,116.05999755859376,108.85999298095705
2015/11/11,0.0533499999999999,7.5,0.0812851485148514,116.11000061035156,45218000.0,116.37000274658205,117.41999816894533,115.20999908447266,108.24468994140624
2015/11/12,-0.1373083333333333,7.75,0.0727966055045871,115.72000122070312,32525600.0,116.26000213623048,116.81999969482422,115.6500015258789,107.881103515625
2015/11/13,-0.3424,7.0,0.0565154054054054,112.33999633789062,45812400.0,115.1999969482422,115.56999969482422,112.2699966430664,104.73008728027344
2015/11/16,-0.5574,7.0,0.072119956616052,114.18000030517578,38106700.0,111.37999725341795,114.23999786376952,111.0,106.44544219970705
2015/11/17,0.3361,7.666666666666667,0.1173310344827586,113.69000244140624,27616900.0,114.91999816894533,115.0500030517578,113.31999969482422,105.9886245727539
2015/11/18,0.20242,7.6,0.0929100130039011,117.29000091552734,46674700.0,115.76000213623048,117.48999786376952,115.5,109.34476470947266
2015/11/19,0.0839142857142857,6.178571428571429,0.1065248986212489,118.77999877929688,43295800.0,117.63999938964844,119.75,116.76000213623048,110.73382568359376
2015/11/20,-0.0258,7.0,0.0807590574374079,119.3000030517578,34287100.0,119.1999969482422,119.91999816894533,118.8499984741211,111.21861267089844
2015/11/23,0.17576,7.0,0.132329365079365,117.75,32482500.0,119.2699966430664,119.7300033569336,117.33999633789062,109.77360534667967
2015/11/24,-0.040985,10.05,0.1123439775910364,118.87999725341795,42803200.0,117.33000183105467,119.3499984741211,117.12000274658205,110.82706451416016
2015/11/25,0.2671,7.65,0.1097091142490372,118.02999877929688,21388300.0,119.20999908447266,119.2300033569336,117.91999816894533,110.0346221923828
2015/11/27,0.288225,7.333333333333334,0.1244852895148669,117.80999755859376,13046400.0,118.29000091552734,118.41000366210938,117.5999984741211,109.82953643798828
2015/11/30,0.0406388888888888,8.166666666666666,0.1342367326732673,118.3000030517578,39180300.0,117.98999786376952,119.41000366210938,117.75,110.2863540649414
2015/12/01,-0.15805,6.0,0.0962568443051201,117.33999633789062,34852400.0,118.75,118.80999755859376,116.86000061035156,109.3913803100586
2015/12/02,-0.119295238095238,7.761904761904763,0.0552506081081081,116.27999877929688,33386600.0,117.33999633789062,118.11000061035156,116.08000183105467,108.4031982421875
2015/12/03,0.0330466666666667,8.1,0.1004405038759689,115.1999969482422,41569500.0,116.5500030517578,116.79000091552734,114.22000122070312,107.39633178710938
2015/12/04,0.06658,7.466666666666667,0.1032226141078838,119.02999877929688,57777000.0,115.29000091552734,119.25,115.11000061035156,110.96690368652344
2015/12/07,0.1450999999999999,7.833333333333334,0.0840625313283208,118.27999877929688,32084200.0,118.9800033569336,119.86000061035156,117.80999755859376,110.26771545410156
2015/12/08,0.1536249999999999,7.375,0.1087337053571428,118.2300033569336,34309500.0,117.5199966430664,118.5999984741211,116.86000061035156,110.2210922241211
2015/12/09,-0.0512916666666667,8.416666666666666,0.0775510615711252,115.62000274658205,46361400.0,117.63999938964844,117.69000244140624,115.08000183105467,107.7878875732422
2015/12/10,-0.0027666666666666,4.966666666666667,0.1143162895927601,116.16999816894533,29212700.0,116.04000091552734,116.94000244140624,115.51000213623048,108.30064392089844
2015/12/11,0.0259999999999998,6.0,0.0681449152542372,113.18000030517578,46886200.0,115.19000244140624,115.38999938964844,112.8499984741211,105.51316833496094
2015/12/14,0.08289,9.942857142857145,0.0453072790294627,112.4800033569336,64318700.0,112.18000030517578,112.68000030517578,109.79000091552734,104.86058807373048
2015/12/15,-0.1607187499999999,7.5625,0.0699006392694064,110.48999786376952,53323100.0,111.94000244140624,112.8000030517578,110.3499984741211,103.00540924072266
2015/12/16,-0.20677,8.0,0.1107073446327683,111.33999633789062,56238500.0,111.06999969482422,111.98999786376952,108.8000030517578,103.79781341552734
2015/12/17,-0.08266875,7.6875,0.0626503778337531,108.9800033569336,44772800.0,112.0199966430664,112.25,108.9800033569336,101.59768676757812
2015/12/18,-0.1331230769230769,8.423076923076923,0.0579627266621893,106.02999877929688,96453300.0,108.91000366210938,109.5199966430664,105.80999755859376,98.84751892089844
2015/12/21,0.0715625,9.75,0.0987133633633633,107.33000183105467,47590600.0,107.27999877929688,107.37000274658205,105.56999969482422,100.05945587158205
2015/12/22,-0.026497037037037,8.45925925925926,0.0750159813084112,107.2300033569336,32789400.0,107.4000015258789,107.72000122070312,106.4499969482422,99.96623229980467
2015/12/23,-0.1027138888888889,7.541666666666666,0.0778592696629213,108.61000061035156,32657400.0,107.2699966430664,108.8499984741211,107.1999969482422,101.25274658203124
2015/12/24,0.0602,8.5,0.1361947281713344,108.02999877929688,13570400.0,109.0,109.0,107.9499969482422,100.7120361328125
2015/12/28,0.3317714285714286,12.428571428571429,0.1076129937629937,106.81999969482422,26704200.0,107.58999633789062,107.69000244140624,106.18000030517578,99.5840072631836
2015/12/29,0.217325,9.125,0.1180695263628239,108.73999786376952,30931200.0,106.95999908447266,109.43000030517578,106.86000061035156,101.37393951416016
2015/12/30,-0.1987780952380952,11.657142857142858,0.0833471528471528,107.31999969482422,25213800.0,108.58000183105467,108.6999969482422,107.18000030517578,100.05013275146484
2015/12/31,-0.1591,14.0,0.0775529629629629,105.26000213623048,40912300.0,107.01000213623048,107.02999877929688,104.81999969482422,98.12966918945312
2016/01/04,0.19905,7.625,0.1195749835418038,105.3499984741211,67649400.0,102.61000061035156,105.37000274658205,102.0,98.21358489990234
2016/01/05,-0.1887583333333333,8.283333333333333,0.0731424600416956,102.70999908447266,55791000.0,105.75,105.8499984741211,102.41000366210938,95.7524185180664
2016/01/06,0.08123,5.2,0.0628428504890545,100.6999969482422,68457400.0,100.55999755859376,102.37000274658205,99.87000274658205,93.87858581542967
2016/01/07,-0.1228869318181818,8.515151515151516,0.0442269930675909,96.4499969482422,81094400.0,98.68000030517578,100.12999725341795,96.43000030517578,89.91647338867188
2016/01/08,-0.1492833333333333,6.626262626262626,0.0183313340227507,96.95999908447266,70798000.0,98.5500030517578,99.11000061035156,96.76000213623048,90.39190673828124
2016/01/11,-0.0472849999999999,6.2,0.0696351139601139,98.52999877929688,49739400.0,98.97000122070312,99.05999755859376,97.33999633789062,91.8555679321289
2016/01/12,0.0876166666666666,7.666666666666667,0.0908799196787148,99.95999908447266,49154200.0,100.5500030517578,100.69000244140624,98.83999633789062,93.18870544433594
2016/01/13,0.0669833333333333,5.833333333333333,0.0543689004554326,97.38999938964844,62439600.0,100.31999969482422,101.19000244140624,97.3000030517578,90.79279327392578
2016/01/14,0.0532916666666666,6.125,0.0722752767527675,99.5199966430664,63170100.0,97.95999908447266,100.4800033569336,95.73999786376952,92.77849578857422
2016/01/15,-0.2894333333333332,7.708333333333333,0.0857068345323741,97.12999725341795,79833900.0,96.1999969482422,97.70999908447266,95.36000061035156,90.5504150390625
2016/01/19,-0.1849749999999999,6.523809523809524,0.0962045296167247,96.66000366210938,53087700.0,98.41000366210938,98.6500015258789,95.5,90.11225128173828
2016/01/20,-0.1541833333333333,6.0,0.0646439911797133,96.79000091552734,72334400.0,95.0999984741211,98.19000244140624,93.41999816894533,90.23343658447266
2016/01/21,0.1318333333333333,7.0,0.0842248413417951,96.3000030517578,52161500.0,97.05999755859376,97.87999725341795,94.94000244140624,89.77662658691406
2016/01/22,0.0352666666666666,6.722222222222221,0.0972453621346886,101.41999816894533,65800500.0,98.62999725341795,101.45999908447266,98.37000274658205,94.54981231689452
2016/01/25,0.0893888888888888,5.111111111111111,0.0571736714975845,99.44000244140624,51794500.0,101.5199966430664,101.52999877929688,99.20999908447266,92.70393371582033
2016/01/26,-0.0426336956521739,5.282608695652174,0.0622740230905861,99.98999786376952,75077000.0,99.93000030517578,100.87999725341795,98.06999969482422,93.21665954589844
2016/01/27,-0.1040988888888888,9.492592592592592,0.0636910779622853,93.41999816894533,133369700.0,96.04000091552734,96.62999725341795,93.33999633789062,87.09172821044922
2016/01/28,-0.31263,7.066666666666666,0.0763037317468902,94.08999633789062,55678800.0,93.79000091552734,94.5199966430664,92.38999938964844,87.7163314819336
2016/01/29,-0.184979365079365,9.746031746031743,0.0036887923147301,97.33999633789062,64416500.0,94.79000091552734,97.33999633789062,94.3499984741211,90.74617767333984
2016/02/01,0.2103249999999999,10.041666666666668,0.1623876882776686,96.43000030517578,40943500.0,96.47000122070312,96.70999908447266,95.4000015258789,89.8978271484375
2016/02/02,0.4445555555555555,15.888888888888893,0.1525327789327789,94.4800033569336,37357200.0,95.41999816894533,96.04000091552734,94.27999877929688,88.07992553710938
2016/02/03,-0.2564416666666667,8.694444444444445,0.1253070324574961,96.3499984741211,45964300.0,95.0,96.83999633789062,94.08000183105467,89.8232421875
2016/02/04,-0.3182,5.0,0.059966823899371,96.5999984741211,46471700.0,95.86000061035156,97.33000183105467,95.19000244140624,90.54499053955078
2016/02/05,-0.1452666666666666,8.583333333333334,0.0449942095588235,94.0199966430664,46418100.0,96.5199966430664,96.91999816894533,93.69000244140624,88.12669372558594
2016/02/08,-0.0662166666666666,7.722222222222221,0.0958949908925318,95.01000213623048,54021400.0,93.12999725341795,95.6999969482422,93.04000091552734,89.05465698242188
2016/02/09,-0.1482333333333333,10.833333333333334,0.0493748062015503,94.98999786376952,44331200.0,94.29000091552734,95.94000244140624,93.93000030517578,89.03590393066406
2016/02/10,-0.1814,12.333333333333332,0.0668269430051813,94.2699966430664,42343600.0,95.91999816894533,96.3499984741211,94.0999984741211,88.36102294921875
2016/02/11,0.3683499999999999,6.0,0.039433358547655,93.6999969482422,50074700.0,93.79000091552734,94.72000122070312,92.58999633789062,87.82674407958984
2016/02/12,0.0150142857142857,13.678571428571429,0.0193491679273827,93.98999786376952,40351400.0,94.19000244140624,94.5,93.01000213623048,88.09857177734375
2016/02/16,0.23835,5.2,0.0411693641618497,96.63999938964844,49057900.0,95.0199966430664,96.8499984741211,94.61000061035156,90.58246612548828
2016/02/17,0.1438394736842105,10.719298245614034,0.0256535454545454,98.12000274658205,44863200.0,96.66999816894533,98.20999908447266,96.1500015258789,91.96971130371094
2016/02/18,-0.0737577777777777,8.155555555555557,-0.0088804500184433,96.26000213623048,39021000.0,98.83999633789062,98.88999938964844,96.08999633789062,90.22628784179688
2016/02/19,-0.1514809523809523,8.61111111111111,0.0423669421487603,96.04000091552734,35374200.0,96.0,96.76000213623048,95.8000030517578,90.02007293701172
2016/02/22,0.0182192307692307,10.461538461538462,0.017003354399611,96.87999725341795,34280800.0,96.30999755859376,96.9000015258789,95.91999816894533,90.80741119384766
2016/02/23,-0.1022699999999999,7.183333333333334,0.0209147911547911,94.69000244140624,31942600.0,96.4000015258789,96.5,94.5500030517578,88.75467681884766
2016/02/24,-0.049655,12.15,0.0360534792368125,96.0999984741211,36255700.0,93.9800033569336,96.37999725341795,93.31999969482422,90.07630920410156
2016/02/25,-0.3045137931034483,12.984674329501916,-0.0156552895080539,96.76000213623048,27582700.0,96.0500030517578,96.76000213623048,95.25,90.6949462890625
2016/02/26,0.0189399999999999,9.9,0.0466892761394101,96.91000366210938,28991100.0,97.1999969482422,98.0199966430664,96.58000183105467,90.8355484008789
2016/02/29,0.1179375,10.45,0.0691481784386617,96.69000244140624,35216300.0,96.86000061035156,98.2300033569336,96.6500015258789,90.62934112548828
2016/03/01,0.151516339869281,12.601307189542483,0.0331300371402042,100.52999877929688,50407100.0,97.6500015258789,100.7699966430664,97.41999816894533,94.22864532470705
2016/03/02,0.1134333333333333,8.416666666666668,0.0239053817271589,100.75,33169600.0,100.51000213623048,100.88999938964844,99.63999938964844,94.43485260009766
2016/03/03,-0.0814785714285714,11.607142857142858,0.0803951761517615,101.5,36955700.0,100.58000183105467,101.70999908447266,100.4499969482422,95.13784790039062
2016/03/04,-0.0964416666666666,12.194444444444445,0.0825418894830659,103.01000213623048,46055100.0,102.37000274658205,103.75,101.37000274658205,96.55318450927734
2016/03/07,-0.0629816666666666,7.05,0.048210981595092,101.87000274658205,35828900.0,102.38999938964844,102.83000183105467,100.95999908447266,95.48465728759766
2016/03/08,0.2389533333333333,3.8,0.0417782184258694,101.02999877929688,31561900.0,100.77999877929688,101.76000213623048,100.4000015258789,94.69730377197266
2016/03/09,-0.1366055555555554,6.222222222222221,0.012002692003167,101.12000274658205,27201700.0,101.30999755859376,101.58000183105467,100.2699966430664,94.78165435791016
2016/03/10,0.0825062499999999,13.5625,0.024069894475481,101.16999816894533,33513600.0,101.41000366210938,102.23999786376952,100.1500015258789,94.82852935791016
2016/03/11,-0.05292,16.083333333333332,-0.1639320671098449,102.26000213623048,27408200.0,102.23999786376952,102.27999877929688,101.5,95.8501968383789
2016/03/14,0.190475,11.625,0.051530415890751,102.5199966430664,25076100.0,101.91000366210938,102.91000366210938,101.77999877929688,96.09391021728516
2016/03/15,-0.1350517857142857,8.375,0.0561908564814814,104.58000183105467,40067700.0,103.95999908447266,105.18000030517578,103.8499984741211,98.0247802734375
2016/03/16,-0.0676722222222222,7.305555555555556,0.0314244806288601,105.97000122070312,38303500.0,104.61000061035156,106.30999755859376,104.58999633789062,99.3276596069336
2016/03/17,-0.2210305555555555,9.0,0.0250680900985452,105.8000030517578,34420700.0,105.5199966430664,106.47000122070312,104.95999908447266,99.16829681396484
2016/03/18,-0.0104066666666666,6.455555555555556,0.0663735336194563,105.91999816894533,44205200.0,106.33999633789062,106.5,105.19000244140624,99.28077697753906
2016/03/21,-0.0391490476190476,6.147619047619047,0.0661273883928571,105.91000366210938,35502700.0,105.93000030517578,107.6500015258789,105.13999938964844,99.27140808105467
2016/03/22,-0.1920936363636363,13.790909090909093,0.0524575127877237,106.72000122070312,32444400.0,105.25,107.29000091552734,105.20999908447266,100.03065490722656
2016/03/23,0.1721571428571428,5.392857142857142,0.0639676995305164,106.12999725341795,25703500.0,106.4800033569336,107.06999969482422,105.9000015258789,99.47762298583984
2016/03/24,0.1179285714285714,8.357142857142856,0.0891014884233737,105.66999816894533,26133000.0,105.47000122070312,106.25,104.88999938964844,99.04645538330078
2016/03/28,-0.0115736111111111,12.810185185185183,0.0463103768115942,105.19000244140624,19411400.0,106.0,106.19000244140624,105.05999755859376,98.59654998779295
2016/03/29,-0.0197686868686868,11.196969696969695,0.0415529238329238,107.68000030517578,31190100.0,104.88999938964844,107.79000091552734,104.87999725341795,100.9304656982422
2016/03/30,0.0850538461538462,7.089743589743589,0.0491102987070887,109.55999755859376,45601100.0,108.6500015258789,110.41999816894533,108.5999984741211,102.69261932373048
2016/03/31,-0.0237439393939393,9.757575757575758,0.0546051508844953,108.98999786376952,25888400.0,109.72000122070312,109.9000015258789,108.87999725341795,102.15835571289062
2016/04/01,0.0740326923076923,8.557692307692308,0.1044071895424836,109.98999786376952,25874000.0,108.77999877929688,110.0,108.1999969482422,103.09566497802734
2016/04/04,0.0703666666666666,11.083333333333332,0.0568004524886877,111.12000274658205,37356200.0,110.41999816894533,112.19000244140624,110.2699966430664,104.15483856201172
2016/04/05,0.4115,10.5,0.0380531990521327,109.80999755859376,26578700.0,109.51000213623048,110.7300033569336,109.41999816894533,102.92696380615234
2016/04/06,0.0434333333333333,10.0,0.0863379290285049,110.95999908447266,26404100.0,110.2300033569336,110.9800033569336,109.1999969482422,104.0048599243164
2016/04/07,-0.1715388888888888,4.5,0.0089375874125874,108.54000091552734,31801900.0,109.9499969482422,110.41999816894533,108.12000274658205,101.73655700683594
2016/04/08,0.1283375,7.75,0.0397862781954887,108.66000366210938,23581700.0,108.91000366210938,109.7699966430664,108.16999816894533,101.84904479980467
2016/04/11,-0.0926166666666667,8.916666666666666,0.0721264995523724,109.0199966430664,29407500.0,108.97000122070312,110.61000061035156,108.83000183105467,102.18647003173828
2016/04/12,-0.0870749999999999,11.625,0.0786849267271458,110.44000244140624,27232300.0,109.33999633789062,110.5,108.66000366210938,103.51747131347656
2016/04/13,-0.0788404761904761,5.285714285714286,-0.0194918467583497,112.04000091552734,33257300.0,110.8000030517578,112.33999633789062,110.8000030517578,105.01717376708984
2016/04/14,-0.0638103174603174,8.515873015873016,0.0517746202531645,112.0999984741211,25473900.0,111.62000274658205,112.38999938964844,111.33000183105467,105.07341003417967
2016/04/15,-0.1000749999999999,8.675,0.0164763705103969,109.8499984741211,46939000.0,112.11000061035156,112.3000030517578,109.7300033569336,102.96444702148438
2016/04/18,0.1151666666666666,10.5,0.0449901391409558,107.4800033569336,60821500.0,108.88999938964844,108.9499969482422,106.94000244140624,100.74299621582033
2016/04/19,-0.0165142857142857,10.821428571428571,0.0433989252336448,106.91000366210938,32384900.0,107.87999725341795,108.0,106.2300033569336,100.208740234375
2016/04/20,0.1369166666666666,7.5,0.0481056338028169,107.12999725341795,30611000.0,106.63999938964844,108.08999633789062,106.05999755859376,100.41494750976562
2016/04/21,0.1073199999999999,11.133333333333333,0.02936328125,105.97000122070312,31552500.0,106.93000030517578,106.93000030517578,105.5199966430664,99.3276596069336
2016/04/22,0.0488999999999999,10.454545454545457,0.029963681868743,105.68000030517578,33683100.0,105.01000213623048,106.4800033569336,104.62000274658205,99.05583190917967
2016/04/25,0.0095,6.9714285714285715,0.0382943348185868,105.08000183105467,28031600.0,105.0,105.6500015258789,104.51000213623048,98.49344635009766
2016/04/26,-0.1365690476190475,8.410714285714285,0.0204917332080789,104.3499984741211,56016200.0,103.91000366210938,105.3000030517578,103.91000366210938,97.80919647216795
2016/04/27,-0.0461188888888888,10.433333333333334,0.0202423868312757,97.81999969482422,114602100.0,96.0,98.70999908447266,95.68000030517578,91.68851470947266
2016/04/28,-0.1596214285714285,5.857142857142858,0.0302589923664122,94.83000183105467,82242700.0,97.61000061035156,97.87999725341795,94.25,88.88593292236328
2016/04/29,-0.0912433333333333,7.45,0.0397361498605021,93.73999786376952,68531500.0,93.98999786376952,94.72000122070312,92.51000213623048,87.8642349243164
2016/05/02,-0.0737555555555555,6.5,0.0612381747356705,93.63999938964844,48160100.0,93.97000122070312,94.08000183105467,92.4000015258789,87.77051544189453
2016/05/03,-0.0235654761904762,7.214285714285714,0.062096625,95.18000030517578,56831300.0,94.1999969482422,95.73999786376952,93.68000030517578,89.21397399902344
2016/05/04,-0.0149791666666666,5.458333333333333,0.0474639513108614,94.19000244140624,41025500.0,95.1999969482422,95.9000015258789,93.81999969482422,88.2860336303711
2016/05/05,-0.1117222222222221,7.0092592592592595,0.0618260716086737,93.23999786376952,35890500.0,94.0,94.06999969482422,92.68000030517578,87.92769622802734
2016/05/06,-0.0255633333333333,5.6,0.0205261744966442,92.72000122070312,43699900.0,93.37000274658205,93.4499969482422,91.8499984741211,87.43732452392578
2016/05/09,-0.1322666666666666,11.0,0.0761701687116564,92.79000091552734,32936400.0,93.0,93.7699966430664,92.58999633789062,87.5033187866211
2016/05/10,0.1748,8.333333333333334,0.1142767955801105,93.41999816894533,33686800.0,93.33000183105467,93.56999969482422,92.11000061035156,88.09742736816406
2016/05/11,-0.1300716666666666,9.016666666666666,-0.0173445839144583,92.51000213623048,28719100.0,93.4800033569336,93.56999969482422,92.45999908447266,87.23927307128906
2016/05/12,-0.1489947115384615,15.442307692307692,0.0316405506458191,90.33999633789062,76314700.0,92.72000122070312,92.77999877929688,89.47000122070312,85.19290924072266
2016/05/13,0.0648354166666666,10.458333333333334,0.0712479999999999,90.5199966430664,44392800.0,90.0,91.66999816894533,90.0,85.36265563964844
2016/05/16,0.1325173611111111,8.76388888888889,0.1024716656787196,93.87999725341795,61259800.0,92.38999938964844,94.38999938964844,91.6500015258789,88.5312271118164
2016/05/17,0.0225992063492064,8.761904761904761,0.0744640889318511,93.48999786376952,46916900.0,94.5500030517578,94.6999969482422,93.01000213623048,88.16344451904297
2016/05/18,-0.3379083333333332,12.291666666666668,0.0653625796178344,94.55999755859376,42062400.0,94.16000366210938,95.20999908447266,93.88999938964844,89.17247772216797
2016/05/19,0.1156599999999999,12.2,0.0720990486849468,94.1999969482422,30442100.0,94.63999938964844,94.63999938964844,93.56999969482422,88.8329849243164
2016/05/20,-0.02389,14.1,0.0807317046085508,95.22000122070312,32026000.0,94.63999938964844,95.43000030517578,94.5199966430664,89.79486846923828
2016/05/23,0.1857027777777777,11.805555555555555,0.0979714372346877,96.43000030517578,38018600.0,95.87000274658205,97.19000244140624,95.66999816894533,90.9359359741211
2016/05/24,0.0957333333333333,15.75,0.0887094499294781,97.9000015258789,35140200.0,97.22000122070312,98.08999633789062,96.83999633789062,92.32218933105467
2016/05/25,0.0315333333333332,8.316666666666666,0.1012684358853922,99.62000274658205,38168800.0,98.66999816894533,99.73999786376952,98.11000061035156,93.94420623779295
2016/05/26,0.0568597222222222,7.041666666666666,0.0861026754164563,100.41000366210938,56331200.0,99.68000030517578,100.7300033569336,98.63999938964844,94.68917846679688
2016/05/27,0.0981991071428571,5.785714285714286,0.0825313454545454,100.3499984741211,36341200.0,99.44000244140624,100.47000122070312,99.25,94.63259887695312
2016/05/31,-0.056025,6.75,0.0585108189331329,99.86000061035156,42307200.0,99.5999984741211,100.4000015258789,98.81999969482422,94.17052459716795
2016/06/01,-0.4404,3.0,0.0608947329919531,98.45999908447266,29173300.0,99.0199966430664,99.54000091552734,98.33000183105467,92.85027313232422
2016/06/02,-0.0309349999999999,8.225,0.0338306002143622,97.72000122070312,40191600.0,97.5999984741211,97.83999633789062,96.62999725341795,92.15245819091795
2016/06/03,0.2004925,7.1499999999999995,0.072297995545657,97.91999816894533,28504900.0,97.79000091552734,98.2699966430664,97.4499969482422,92.34104919433594
2016/06/06,0.1740199999999999,7.55,0.07135746124031,98.62999725341795,23292500.0,97.98999786376952,101.88999938964844,97.5500030517578,93.01058959960938
2016/06/07,-0.23835,7.25,0.0938374683544303,99.02999877929688,22409500.0,99.25,99.87000274658205,98.95999908447266,93.38780975341795
2016/06/08,0.19040625,6.1875,0.0990254104211277,98.94000244140624,20848100.0,99.0199966430664,99.55999755859376,98.68000030517578,93.3029327392578
2016/06/09,-0.0638254545454544,6.509090909090909,0.1304084100675261,99.6500015258789,26601400.0,98.5,99.98999786376952,98.45999908447266,93.97248077392578
2016/06/10,0.0525888888888889,6.5,0.1170586246418338,98.83000183105467,31712900.0,98.52999877929688,99.3499984741211,98.4800033569336,93.19921112060548
2016/06/13,-0.0921676518883415,8.38752052545156,0.0931581461562796,97.33999633789062,38020500.0,98.69000244140624,99.12000274658205,97.0999984741211,91.79408264160156
2016/06/14,0.3121958333333333,7.75,0.0911629068643248,97.45999908447266,31931900.0,97.31999969482422,98.4800033569336,96.75,91.90725708007812
2016/06/15,0.0771738636363636,9.212121212121213,0.091020964630225,97.13999938964844,29445200.0,97.81999969482422,98.41000366210938,97.02999877929688,91.60548400878906
2016/06/16,0.0478125,19.4375,0.1004137865911237,97.5500030517578,31326800.0,96.4499969482422,97.75,96.06999969482422,91.99214935302734
2016/06/17,-0.1148333333333332,9.308080808080808,0.0262301941049604,95.33000183105467,61008200.0,96.62000274658205,96.6500015258789,95.3000030517578,89.89860534667969
2016/06/20,-0.14704,6.85,0.0806183469004383,95.0999984741211,34411900.0,96.0,96.56999969482422,95.02999877929688,89.68171691894531
2016/06/21,0.0778772727272727,5.306818181818182,0.0727505817513778,95.91000366210938,35546400.0,94.94000244140624,96.3499984741211,94.68000030517578,90.445556640625
2016/06/22,0.0442,3.2,0.049020793534166,95.5500030517578,29219100.0,96.25,96.88999938964844,95.3499984741211,90.10609436035156
2016/06/23,-0.7096,3.0,0.0445679089026915,96.0999984741211,32240200.0,95.94000244140624,96.29000091552734,95.25,90.62474060058594
2016/06/24,0.0670291666666666,4.708333333333334,0.0566505058365758,93.4000015258789,75311400.0,92.91000366210938,94.66000366210938,92.6500015258789,88.07858276367188
2016/06/27,0.02202,5.5,0.0454676678445229,92.04000091552734,45489600.0,93.0,93.0500030517578,91.5,86.7960433959961
2016/06/28,0.1845166666666666,9.75,0.0573914150943396,93.58999633789062,40444900.0,92.9000015258789,93.66000366210938,92.13999938964844,88.25775146484375
2016/06/29,-0.0504749999999999,17.25,0.0719490445859872,94.4000015258789,36531000.0,93.97000122070312,94.5500030517578,93.62999725341795,89.02159118652344
2016/06/30,0.1347437499999999,10.375,0.0421547445255474,95.5999984741211,35836400.0,94.44000244140624,95.7699966430664,94.3000030517578,90.1532211303711
2016/07/01,0.14287,6.8,0.0134790812720848,95.88999938964844,26026500.0,95.48999786376952,96.47000122070312,95.33000183105467,90.42669677734376
2016/07/05,-0.1088233333333333,6.888888888888889,0.0573133522727272,94.98999786376952,27705200.0,95.38999938964844,95.4000015258789,94.45999908447266,89.57799530029297
2016/07/06,0.0086619047619047,5.920634920634921,0.0442354903943377,95.52999877929688,30949100.0,94.5999984741211,95.66000366210938,94.37000274658205,90.08722686767578
2016/07/07,0.1800666666666666,7.166666666666666,0.0596373592630501,95.94000244140624,25139600.0,95.6999969482422,96.5,95.62000274658205,90.47386932373048
2016/07/08,0.1103875,6.5,0.0773435663627152,96.68000030517578,28912100.0,96.48999786376952,96.88999938964844,96.0500030517578,91.17170715332033
2016/07/11,-0.13315,7.75,0.0481316649642492,96.9800033569336,23794900.0,96.75,97.6500015258789,96.7300033569336,91.4546127319336
2016/07/12,0.2997,7.0,0.0449308684436801,97.41999816894533,24167500.0,97.16999816894533,97.6999969482422,97.12000274658205,91.86954498291016
2016/07/13,-0.101025,6.0,0.0770984293193717,96.87000274658205,25892200.0,97.41000366210938,97.66999816894533,96.83999633789062,91.35086059570312
2016/07/14,0.1865666666666666,10.333333333333334,0.094591149870801,98.79000091552734,38919000.0,97.38999938964844,98.98999786376952,97.31999969482422,93.16149139404295
2016/07/15,-0.1014949999999999,8.85,0.0638248741188318,98.77999877929688,30137000.0,98.91999816894533,99.3000030517578,98.5,93.15206146240234
2016/07/18,0.1405233333333333,7.1,0.0999443188951663,99.83000183105467,36493900.0,98.6999969482422,100.12999725341795,98.5999984741211,94.1422348022461
2016/07/19,0.0334666666666666,6.833333333333333,0.0902247292418772,99.87000274658205,23779900.0,99.55999755859376,100.0,99.33999633789062,94.1799545288086
2016/07/20,0.3626999999999999,10.375,0.0769642448979591,99.95999908447266,26276000.0,100.0,100.45999908447266,99.73999786376952,94.26483154296876
2016/07/21,0.1644499999999999,11.65,0.0546174257425742,99.43000030517578,32702000.0,99.83000183105467,101.0,99.12999725341795,93.76502990722656
2016/07/22,-0.0160416666666666,6.333333333333334,0.083435278969957,98.66000366210938,28313700.0,99.26000213623048,99.3000030517578,98.30999755859376,93.03889465332033
2016/07/25,0.0052185714285714,6.857142857142858,0.067216719846841,97.33999633789062,40382900.0,98.25,98.83999633789062,96.91999816894533,91.79408264160156
2016/07/26,-0.0062437499999999,7.055555555555555,0.0813867391304347,96.66999816894533,56239800.0,96.81999969482422,97.97000122070312,96.41999816894533,91.16226959228516
2016/07/27,0.0369950549450549,7.211538461538462,0.1063523781561949,102.9499969482422,92344800.0,104.2699966430664,104.3499984741211,102.75,97.08444213867188
2016/07/28,0.0376374999999999,7.875,0.0846665686686266,104.33999633789062,39869800.0,102.83000183105467,104.4499969482422,102.81999969482422,98.39525604248048
2016/07/29,0.0184374999999999,8.125,0.1524177215189873,104.20999908447266,27733700.0,104.19000244140624,104.5500030517578,103.68000030517578,98.2726821899414
2016/08/01,0.3697583333333333,7.166666666666666,0.1228200269723533,106.0500030517578,38167900.0,104.41000366210938,106.1500015258789,104.41000366210938,100.0078353881836
2016/08/02,-0.0522999999999999,5.055555555555556,0.0649326193390452,104.4800033569336,33816600.0,106.0500030517578,106.06999969482422,104.0,98.52730560302734
2016/08/03,0.1377333333333333,5.166666666666666,0.0881075587334014,105.79000091552734,30202600.0,104.80999755859376,105.83999633789062,104.7699966430664,99.76266479492188
2016/08/04,0.1868375,7.625,0.1055280671296296,105.87000274658205,27408700.0,105.58000183105467,106.0,105.27999877929688,100.37894439697266
2016/08/05,0.0683525,7.375,0.1072041275797373,107.4800033569336,40553400.0,106.2699966430664,107.6500015258789,106.18000030517578,101.90543365478516
2016/08/08,0.02895,8.0,0.0664458100558659,108.37000274658205,28037200.0,107.5199966430664,108.37000274658205,107.16000366210938,102.74928283691406
2016/08/09,-0.1586616666666666,7.8,0.0766087144622991,108.80999755859376,26315200.0,108.2300033569336,108.94000244140624,108.01000213623048,103.16645050048828
2016/08/10,-0.39205,6.0,0.0362679885057471,108.0,24008500.0,108.70999908447266,108.9000015258789,107.76000213623048,102.3984832763672
2016/08/11,-0.497425,7.25,0.0706536666666666,107.93000030517578,27484500.0,108.5199966430664,108.93000030517578,107.8499984741211,102.33209991455078
2016/08/12,-0.196025,7.0,0.0835182194616977,108.18000030517578,18660400.0,107.77999877929688,108.44000244140624,107.77999877929688,102.5691375732422
2016/08/15,0.067175,9.375,0.1039276909334524,109.4800033569336,25868200.0,108.13999938964844,109.54000091552734,108.08000183105467,103.8017349243164
2016/08/16,0.0962333333333333,6.5,0.0816359435797665,109.37999725341795,33794400.0,109.62999725341795,110.2300033569336,109.20999908447266,103.70689392089844
2016/08/17,0.0783666666666666,6.8999999999999995,0.0681694428489373,109.22000122070312,25356000.0,109.0999984741211,109.37000274658205,108.33999633789062,103.55518341064452
2016/08/18,-0.1159999999999999,6.666666666666666,0.0533541522491349,109.08000183105467,21984700.0,109.2300033569336,109.5999984741211,109.0199966430664,103.42245483398438
2016/08/19,-0.0081999999999999,7.25,0.044813746803069,109.36000061035156,25368100.0,108.7699966430664,109.69000244140624,108.36000061035156,103.68793487548828
2016/08/22,0.2503833333333333,6.583333333333334,0.0699964595375722,108.51000213623048,25820200.0,108.86000061035156,109.0999984741211,107.8499984741211,102.88201904296876
2016/08/23,0.1330416666666665,5.833333333333334,0.0821792996108949,108.8499984741211,21257700.0,108.58999633789062,109.31999969482422,108.52999877929688,103.20437622070312
2016/08/24,-0.0921020833333333,11.354166666666666,0.0691310441485634,108.02999877929688,23675100.0,108.56999969482422,108.75,107.68000030517578,102.42691040039062
2016/08/25,0.0643583333333333,6.333333333333333,0.0691140096618357,107.56999969482422,25086200.0,107.38999938964844,107.87999725341795,106.68000030517578,101.99078369140624
2016/08/26,-0.0426977777777777,7.1000000000000005,0.0707099031216361,106.94000244140624,27766300.0,107.41000366210938,107.9499969482422,106.30999755859376,101.3934326171875
2016/08/29,0.02039375,6.520833333333334,0.0352233795261511,106.81999969482422,24970300.0,106.62000274658205,107.44000244140624,106.29000091552734,101.27967071533205
2016/08/30,-0.2406261648745519,10.425328554360812,-0.0176924323073362,106.0,24863900.0,105.8000030517578,106.5,105.5,100.50221252441406
2016/08/31,-0.0896416666666666,8.888888888888888,0.0145581818181818,106.0999984741211,29662400.0,105.66000366210938,106.56999969482422,105.63999938964844,100.5970230102539
2016/09/01,-0.2048285714285714,9.76190476190476,-0.007063447691656,106.7300033569336,26701500.0,106.13999938964844,106.8000030517578,105.62000274658205,101.19434356689452
2016/09/02,0.10305,9.21818181818182,0.0354253484770263,107.7300033569336,26802500.0,107.6999969482422,108.0,106.81999969482422,102.1424789428711
2016/09/06,0.05438,5.689473684210527,0.0684378832838773,107.6999969482422,26880400.0,107.9000015258789,108.3000030517578,107.51000213623048,102.11402893066406
2016/09/07,0.0063982857142857,5.9714285714285715,0.0700595788682083,108.36000061035156,42364300.0,107.83000183105467,108.76000213623048,107.06999969482422,102.7397918701172
2016/09/08,-0.1721126467931346,7.218608852755193,0.0503051066386302,105.5199966430664,53002000.0,107.25,107.2699966430664,105.23999786376952,100.04710388183594
2016/09/09,-0.0596203703703704,7.611111111111112,0.0619049048013245,103.12999725341795,46557000.0,104.63999938964844,105.72000122070312,103.12999725341795,97.78105926513672
2016/09/12,0.1544675324675324,5.805194805194805,0.0728372840690979,105.44000244140624,45292800.0,102.6500015258789,105.72000122070312,102.52999877929688,99.97125244140624
2016/09/13,-0.049047619047619,4.9714285714285715,0.1004132154006243,107.9499969482422,62176200.0,107.51000213623048,108.79000091552734,107.23999786376952,102.35105895996094
2016/09/14,0.0337791666666666,6.75,0.0907872801082544,111.7699966430664,110888700.0,108.7300033569336,113.02999877929688,108.5999984741211,105.97293853759766
2016/09/15,-0.0534774891774892,6.625541125541126,0.0897896647270712,115.56999969482422,89983600.0,113.86000061035156,115.7300033569336,113.48999786376952,109.57585144042967
2016/09/16,0.0957441919191919,5.883838383838384,0.0918713696892834,114.91999816894533,79886900.0,115.12000274658205,116.12999725341795,114.04000091552734,108.95956420898438
2016/09/19,0.2193920454545454,5.75,0.0887707472959685,113.58000183105467,47023000.0,115.19000244140624,116.18000030517578,113.25,107.68905639648438
2016/09/20,0.158920238095238,6.214285714285714,0.1051885608856088,113.56999969482422,34514300.0,113.0500030517578,114.12000274658205,112.51000213623048,107.67958068847656
2016/09/21,-0.0248183333333333,10.05,0.0594672676837725,113.5500030517578,36003200.0,113.8499984741211,113.98999786376952,112.44000244140624,107.66061401367188
2016/09/22,0.0192892857142857,5.857142857142858,0.0724046382189239,114.62000274658205,31074000.0,114.3499984741211,114.94000244140624,114.0,108.67513275146484
2016/09/23,0.23806,7.45,0.0408600389863547,112.70999908447266,52481200.0,114.41999816894533,114.79000091552734,111.5500030517578,106.86417388916016
2016/09/26,-0.0732222222222222,6.055555555555555,0.0644621516526247,112.87999725341795,29869400.0,111.63999938964844,113.38999938964844,111.5500030517578,107.0253677368164
2016/09/27,0.4341833333333332,7.5,0.0981731554160125,113.08999633789062,24607400.0,113.0,113.18000030517578,112.33999633789062,107.22447967529295
2016/09/28,0.0652166666666666,6.083333333333333,0.0872633517495395,113.9499969482422,29641100.0,113.69000244140624,114.63999938964844,113.43000030517578,108.03986358642578
2016/09/29,0.1383291666666666,6.625,0.1040970704225352,112.18000030517578,35887000.0,113.16000366210938,113.8000030517578,111.8000030517578,106.36168670654295
2016/09/30,-0.12984,6.55,0.0910270749395648,113.0500030517578,36379100.0,112.45999908447266,113.37000274658205,111.8000030517578,107.18655395507812
2016/10/03,-0.0254428571428571,5.642857142857142,0.0454470538720538,112.5199966430664,21701800.0,112.70999908447266,113.0500030517578,112.27999877929688,106.6840362548828
2016/10/04,0.1865928571428571,8.678571428571429,0.074757980456026,113.0,29736800.0,113.05999755859376,114.30999755859376,112.62999725341795,107.1391372680664
2016/10/05,0.0072444444444444,9.88888888888889,0.0539264375876577,113.0500030517578,21453100.0,113.4000015258789,113.66000366210938,112.69000244140624,107.18655395507812
2016/10/06,0.101325,10.8,0.1087157856625633,113.88999938964844,28779300.0,113.6999969482422,114.33999633789062,113.12999725341795,107.98298645019533
2016/10/07,0.2799666666666666,7.833333333333333,0.1161004336513443,114.05999755859376,24358400.0,114.30999755859376,114.55999755859376,113.51000213623048,108.14415740966795
2016/10/10,0.16285,8.25,0.0836802888700084,116.0500030517578,36236000.0,115.0199966430664,116.75,114.72000122070312,110.03095245361328
2016/10/11,0.0105383333333333,6.283333333333333,0.0722864772727272,116.3000030517578,64041000.0,117.6999969482422,118.69000244140624,116.1999969482422,110.26797485351562
2016/10/12,-0.058175,8.5,0.0959079063883618,117.33999633789062,37586800.0,117.3499984741211,117.9800033569336,116.75,111.25403594970705
2016/10/13,0.3075,7.416666666666667,0.0747461139896373,116.9800033569336,35192400.0,116.79000091552734,117.44000244140624,115.72000122070312,110.9127197265625
2016/10/14,0.3375125,6.625,0.068447433460076,117.62999725341795,35652200.0,117.87999725341795,118.16999816894533,117.12999725341795,111.52898406982422
2016/10/17,-0.1919071428571428,6.571428571428571,0.0509635164835164,117.5500030517578,23624900.0,117.33000183105467,117.83999633789062,116.77999877929688,111.45313262939452
2016/10/18,0.0250714285714285,6.928571428571429,0.070190255376344,117.47000122070312,24553500.0,118.18000030517578,118.20999908447266,117.4499969482422,111.37730407714844
2016/10/19,-0.0434299999999999,6.95,0.056330885692657,117.12000274658205,20034600.0,117.25,117.76000213623048,113.8000030517578,111.04544830322266
2016/10/20,-0.35851,7.566666666666666,0.036588961038961,117.05999755859376,24125800.0,116.86000061035156,117.37999725341795,116.33000183105467,110.98857879638672
2016/10/21,-0.1290333333333333,6.333333333333334,0.0805628494138863,116.5999984741211,23192700.0,116.80999755859376,116.91000366210938,116.27999877929688,110.55242156982422
2016/10/24,0.0494763888888888,7.291666666666666,0.1077519333729922,117.6500015258789,23538700.0,117.0999984741211,117.73999786376952,117.0,111.5479507446289
2016/10/25,0.05825625,6.625,0.0868014990953734,118.25,48129000.0,117.9499969482422,118.36000061035156,117.30999755859376,112.11682891845705
2016/10/26,0.0162644607843137,7.4338235294117645,0.1023049426542872,115.58999633789062,66134200.0,114.30999755859376,115.6999969482422,113.30999755859376,109.59480285644533
2016/10/27,0.0081122807017543,9.850877192982455,0.0507014117647058,114.4800033569336,34562000.0,115.38999938964844,115.86000061035156,114.0999984741211,108.54236602783205
2016/10/28,0.1270555555555555,6.666666666666666,0.0610966352624495,113.72000122070312,37861700.0,113.87000274658205,115.20999908447266,113.4499969482422,107.82178497314452
2016/10/31,0.1438047619047619,8.222222222222221,0.0732845518867924,113.54000091552734,26419400.0,113.6500015258789,114.2300033569336,113.1999969482422,107.651123046875
2016/11/01,-0.15763125,7.5,0.060696506849315,111.48999786376952,43825800.0,113.45999908447266,113.7699966430664,110.52999877929688,105.70744323730467
2016/11/02,-0.0537,5.857142857142858,0.049064163372859,111.58999633789062,28331700.0,111.4000015258789,112.3499984741211,111.2300033569336,105.80226135253906
2016/11/03,0.09675,6.261904761904762,0.0988260273972602,109.83000183105467,26932600.0,110.9800033569336,111.45999908447266,109.5500030517578,104.66822052001952
2016/11/04,-0.07626,7.1,0.1420994466403162,108.83999633789062,30837000.0,108.52999877929688,110.25,108.11000061035156,103.72472381591795
2016/11/07,0.0164599999999999,14.133333333333333,0.0795979050279329,110.41000366210938,32560000.0,110.08000183105467,110.51000213623048,109.45999908447266,105.22093200683594
2016/11/08,-0.044,6.0,0.0895909618573797,111.05999755859376,24254200.0,110.30999755859376,111.72000122070312,109.6999969482422,105.8403778076172
2016/11/09,0.35985,6.0,0.0719516930022573,110.87999725341795,59176400.0,109.87999725341795,111.31999969482422,108.0500030517578,105.66886138916016
2016/11/10,0.3641166666666666,6.166666666666667,0.0634207124010554,107.79000091552734,57134500.0,111.08999633789062,111.08999633789062,105.83000183105467,102.72408294677734
2016/11/11,0.28595,6.5,0.0407474440894568,108.43000030517578,34143900.0,107.12000274658205,108.87000274658205,106.5500030517578,103.3340072631836
2016/11/14,-0.0826333333333333,7.383333333333333,0.0614645669291338,105.70999908447266,51175500.0,107.70999908447266,107.80999755859376,104.08000183105467,100.74183654785156
2016/11/15,-0.0600999999999999,8.0,0.0389779097387173,107.11000061035156,32264500.0,106.56999969482422,107.68000030517578,106.16000366210938,102.0760498046875
2016/11/16,0.0576875,6.25,0.0970921499292786,109.98999786376952,58840500.0,106.6999969482422,110.2300033569336,106.5999984741211,104.82067108154295
2016/11/17,0.15605,8.0,0.0644041374474053,109.9499969482422,27632000.0,109.80999755859376,110.3499984741211,108.83000183105467,104.78254699707033
2016/11/18,0.119445,7.033333333333334,0.0642824670287044,110.05999755859376,28428900.0,109.72000122070312,110.54000091552734,109.66000366210938,104.8874053955078
2016/11/21,-0.0187461538461538,5.576923076923077,0.0733136132315521,111.7300033569336,29264600.0,110.12000274658205,111.98999786376952,110.01000213623048,106.47891235351562
2016/11/22,-0.0816333333333333,11.0,0.0733721658206429,111.8000030517578,25965500.0,111.9499969482422,112.41999816894533,111.4000015258789,106.5456085205078
2016/11/23,0.0090071428571428,9.107142857142858,0.1184892376681614,111.2300033569336,27426400.0,111.36000061035156,111.51000213623048,110.33000183105467,106.00240325927734
2016/11/25,0.0042,10.666666666666668,0.1620430735930736,111.79000091552734,11475900.0,111.12999725341795,111.87000274658205,110.9499969482422,106.5360870361328
2016/11/28,-0.0436166666666667,5.5,0.0639508136094674,111.56999969482422,27194000.0,111.43000030517578,112.47000122070312,111.38999938964844,106.326416015625
2016/11/29,-0.028275,7.833333333333333,0.0847896831844029,111.45999908447266,28528800.0,110.77999877929688,112.02999877929688,110.06999969482422,106.22160339355467
2016/11/30,-0.2589277777777778,7.111111111111112,0.1104735074626865,110.5199966430664,36162300.0,111.5999984741211,112.1999969482422,110.2699966430664,105.32576751708984
2016/12/01,-0.0598249999999999,5.416666666666667,0.1169013708513708,109.48999786376952,37086900.0,110.37000274658205,110.94000244140624,109.02999877929688,104.34417724609376
2016/12/02,-0.5059166666666667,4.666666666666667,0.0859591928251121,109.9000015258789,26528000.0,109.16999816894533,110.08999633789062,108.8499984741211,104.73490142822266
2016/12/05,0.11976875,6.25,0.068808868501529,109.11000061035156,34324500.0,110.0,110.02999877929688,108.25,103.98204803466795
2016/12/06,0.1932983333333333,10.2,0.1306038573508006,109.9499969482422,26195500.0,109.5,110.36000061035156,109.19000244140624,104.78254699707033
2016/12/07,0.0319571428571428,11.732142857142858,0.0956128415300546,111.02999877929688,29998700.0,109.26000213623048,111.19000244140624,109.16000366210938,105.81182098388672
2016/12/08,0.1260333333333333,10.0,0.0829869331742243,112.12000274658205,27068300.0,110.86000061035156,112.43000030517578,110.5999984741211,106.85057830810548
2016/12/09,0.1065916666666666,9.5,0.0974887179487179,113.9499969482422,34402600.0,112.30999755859376,114.6999969482422,112.30999755859376,108.59456634521484
2016/12/12,0.22218,10.4,0.0467018604651162,113.3000030517578,26374400.0,113.29000091552734,115.0,112.48999786376952,107.9751205444336
2016/12/13,0.0,9.25,0.0719500462107208,115.19000244140624,43733800.0,113.83999633789062,115.91999816894533,113.75,109.77630615234376
2016/12/14,0.174075,10.0,0.1049682091346153,115.19000244140624,34031800.0,115.04000091552734,116.1999969482422,114.9800033569336,109.77630615234376
2016/12/15,0.1150083333333333,10.25,0.0913565278757939,115.81999969482422,46524500.0,115.37999725341795,116.7300033569336,115.2300033569336,110.37667846679688
2016/12/16,0.1270833333333333,7.277777777777778,0.095145205479452,115.97000122070312,44351100.0,116.47000122070312,116.5,115.6500015258789,110.5196304321289
2016/12/19,0.0151242857142857,8.67142857142857,0.0895334615384615,116.63999938964844,27779400.0,115.8000030517578,117.37999725341795,115.75,111.15814971923828
2016/12/20,-0.2326333333333333,6.333333333333334,0.1092836286919831,116.9499969482422,21425000.0,116.73999786376952,117.5,116.68000030517578,111.45357513427734
2016/12/21,-0.2360499999999999,7.25,0.0681534129692832,117.05999755859376,23783200.0,116.8000030517578,117.4000015258789,116.77999877929688,111.55841064453124
2016/12/22,-0.2427015873015872,10.587301587301589,0.0929705989110707,116.29000091552734,26085900.0,116.3499984741211,116.51000213623048,115.63999938964844,110.82459259033205
2016/12/23,-0.0503333333333333,7.416666666666667,0.0587245042492917,116.5199966430664,14249500.0,115.58999633789062,116.5199966430664,115.58999633789062,111.04377746582033
2016/12/27,0.0502333333333333,7.5,0.1210710441334768,117.26000213623048,18296900.0,116.5199966430664,117.8000030517578,116.48999786376952,111.7490005493164
2016/12/28,0.4121249999999999,10.5,0.1584855087358684,116.76000213623048,20905900.0,117.5199966430664,118.0199966430664,116.1999969482422,111.2725067138672
2016/12/29,-0.00366,7.4,0.0855137749737118,116.7300033569336,15039500.0,116.4499969482422,117.11000061035156,116.4000015258789,111.2439193725586
2016/12/30,-0.1190414285714285,10.242857142857144,0.0522304549675023,115.81999969482422,30586300.0,116.6500015258789,117.1999969482422,115.43000030517578,110.37667846679688