2015/01/02,0.0,0.0,0.0,20.1299991607666,2842000.0,20.1299991607666,20.280000686645508,19.809999465942383,19.39515495300293
2015/01/05,0.0,7.0,0.0271142857142857,19.790000915527344,4948800.0,20.1299991607666,20.190000534057617,19.700000762939453,19.06757164001465
2015/01/06,0.0,0.0,0.0,19.190000534057617,4944100.0,19.81999969482422,19.84000015258789,19.170000076293945,18.48947525024414
2015/01/07,0.0,0.0,-0.4939,19.13999938964844,8045200.0,19.329999923706055,19.5,19.079999923706055,18.44129753112793
2015/01/08,0.0,0.0,0.0,19.86000061035156,7094500.0,19.36000061035156,19.979999542236328,19.350000381469727,19.135011672973633
2015/01/09,0.0,0.0,0.0,19.940000534057617,5238500.0,19.93000030517578,20.09000015258789,19.65999984741211,19.212099075317383
2015/01/12,0.0,0.0,0.4047,19.690000534057617,4768300.0,19.989999771118164,20.0,19.510000228881836,18.971221923828125
2015/01/13,0.0,0.0,0.2235,19.65999984741211,5918000.0,19.84000015258789,20.239999771118164,19.520000457763672,18.94231605529785
2015/01/14,0.5719,7.0,-0.0720599999999999,19.739999771118164,3881500.0,19.450000762939453,19.799999237060547,19.399999618530273,19.019392013549805
2015/01/15,0.0,0.0,0.0447,19.600000381469727,4723300.0,19.8799991607666,20.0,19.59000015258789,18.884511947631836
2015/01/16,0.0,0.0,0.5267,19.959999084472656,4537800.0,19.56999969482422,19.979999542236328,19.510000228881836,19.231365203857425
2015/01/20,0.0,0.0,0.2235,20.020000457763672,3507700.0,20.100000381469727,20.209999084472656,19.770000457763672,19.289167404174805
2015/01/21,0.0,0.0,0.055875,20.299999237060547,3619500.0,19.90999984741211,20.350000381469727,19.770000457763672,19.558948516845703
2015/01/22,0.0,0.0,0.2235,20.649999618530273,3992800.0,20.34000015258789,20.709999084472656,20.1299991607666,19.896169662475582
2015/01/23,0.0,0.0,0.05135,20.709999084472656,3010400.0,20.670000076293945,20.75,20.5,19.9539852142334
2015/01/26,0.0,0.0,0.01965,20.6200008392334,3331000.0,20.6200008392334,20.719999313354492,20.489999771118164,19.867271423339844
2015/01/27,-0.1027,7.0,-0.2263333333333333,19.6299991607666,8948700.0,20.299999237060547,20.31999969482422,19.59000015258789,18.913410186767575
2015/01/28,0.0,0.0,-0.5267,19.309999465942383,6818200.0,19.8700008392334,19.950000762939453,19.299999237060547,18.60508918762207
2015/01/29,0.0,0.0,0.0,19.780000686645508,5883500.0,19.31999969482422,19.88999938964844,19.229999542236328,19.057937622070312
2015/01/30,0.0,0.0,0.0597375,19.200000762939453,7455000.0,19.63999938964844,19.8700008392334,19.170000076293945,18.499109268188477
2015/02/02,0.0,0.0,0.5319,19.6200008392334,6490100.0,19.31999969482422,19.700000762939453,18.940000534057617,18.90378189086914
2015/02/03,0.0,0.0,0.4422,20.11000061035156,4586700.0,19.760000228881836,20.1299991607666,19.65999984741211,19.37588882446289
2015/02/04,0.0,0.0,0.0,20.15999984741211,4537900.0,20.049999237060547,20.38999938964844,19.989999771118164,19.424062728881836
2015/02/05,0.0,0.0,0.0,20.489999771118164,3511200.0,20.18000030517578,20.5,20.15999984741211,19.74201774597168
2015/02/06,0.0,0.0,0.0,20.399999618530273,5263100.0,20.469999313354492,20.709999084472656,20.309999465942383,19.655302047729492
2015/02/09,0.2732,10.0,0.2055333333333333,20.3799991607666,6848600.0,20.280000686645508,20.440000534057617,20.149999618530273,19.636035919189453
2015/02/10,0.0,0.0,-0.17,20.950000762939453,5655100.0,20.399999618530273,20.959999084472656,20.309999465942383,20.185222625732425
2015/02/11,0.0,0.0,0.0832,20.809999465942383,8020800.0,21.0,21.0,20.670000076293945,20.050336837768555
2015/02/12,0.2732,7.0,0.082755,22.299999237060547,16922600.0,22.0,22.5,21.8700008392334,21.485944747924805
2015/02/13,0.0,0.0,0.177,22.309999465942383,7752100.0,22.25,22.34000015258789,21.90999984741211,21.495576858520508
2015/02/17,0.0,0.0,0.0840333333333333,22.3799991607666,5083500.0,22.270000457763672,22.489999771118164,22.1299991607666,21.56302261352539
2015/02/18,0.0,0.0,0.34,22.1200008392334,4273700.0,22.350000381469727,22.38999938964844,22.079999923706055,21.312515258789062
2015/02/19,0.0,0.0,0.0,22.18000030517578,4235800.0,22.399999618530273,22.440000534057617,22.079999923706055,21.370325088500977
2015/02/20,0.0,0.0,0.0772,22.34000015258789,3943800.0,22.15999984741211,22.350000381469727,22.0,21.52448844909668
2015/02/23,0.0,0.0,0.69,22.15999984741211,3125200.0,22.329999923706055,22.329999923706055,22.049999237060547,21.351051330566406
2015/02/24,0.0,0.0,0.0,22.309999465942383,3733900.0,22.15999984741211,22.309999465942383,21.959999084472656,21.57834815979004
2015/02/25,0.0,0.0,0.431,22.13999938964844,3095500.0,22.219999313354492,22.31999969482422,22.040000915527344,21.413921356201172
2015/02/26,0.0,0.0,0.34,22.200000762939453,3821600.0,22.15999984741211,22.329999923706055,22.020000457763672,21.471954345703125
2015/02/27,0.0,0.0,0.0,22.059999465942383,3937300.0,22.13999938964844,22.190000534057617,21.979999542236328,21.336545944213867
2015/03/02,0.0,0.0,0.5694,22.600000381469727,7537800.0,22.0,22.719999313354492,21.969999313354492,21.85883903503418
2015/03/03,0.0,0.0,0.085,22.18000030517578,4008600.0,22.43000030517578,22.540000915527344,22.11000061035156,21.45261001586914
2015/03/04,0.0,0.0,-0.0249599999999999,22.43000030517578,5671000.0,22.100000381469727,22.479999542236328,22.010000228881836,21.694408416748047
2015/03/05,0.0,0.0,0.16076,22.86000061035156,8076400.0,22.43000030517578,22.899999618530273,22.3700008392334,22.110305786132812
2015/03/06,0.0,0.0,0.5285142857142857,22.549999237060547,6434800.0,22.729999542236328,22.84000015258789,22.530000686645508,21.81047821044922
2015/03/09,0.0,0.0,-0.15272,22.61000061035156,5559700.0,22.559999465942383,22.780000686645508,22.510000228881836,21.86850929260254
2015/03/10,0.0,0.0,0.3923846153846154,23.0,13180300.0,22.709999084472656,23.149999618530273,22.670000076293945,22.24572372436523
2015/03/11,0.0,0.0,0.0,22.8799991607666,6553000.0,23.0,23.299999237060547,22.81999969482422,22.129650115966797
2015/03/12,0.0,0.0,-0.1133333333333333,22.670000076293945,10174300.0,22.65999984741211,22.829999923706055,22.239999771118164,21.926542282104492
2015/03/13,0.0,0.0,-0.202575,22.700000762939453,8982200.0,22.559999465942383,22.760000228881836,22.25,21.95555877685547
2015/03/16,0.0,0.0,0.0,22.969999313354492,5923900.0,22.8799991607666,23.11000061035156,22.729999542236328,22.216697692871097
2015/03/17,0.0,0.0,0.2300166666666666,23.25,7497500.0,22.920000076293945,23.260000228881836,22.760000228881836,22.487520217895508
2015/03/18,0.0,14.0,0.09568,22.8700008392334,10346100.0,23.25,23.3700008392334,22.65999984741211,22.119983673095703
2015/03/19,0.0,0.0,0.0,23.219999313354492,7768900.0,22.950000762939453,23.299999237060547,22.780000686645508,22.45850372314453
2015/03/20,0.0,0.0,0.0,23.469999313354492,11552100.0,23.40999984741211,23.61000061035156,23.190000534057617,22.700305938720703
2015/03/23,0.0,0.0,-0.0216571428571428,22.709999084472656,10650300.0,22.770000457763672,23.06999969482422,22.700000762939453,21.96522521972656
2015/03/24,-0.4215,7.0,0.2679333333333333,22.399999618530273,8262000.0,22.63999938964844,22.799999237060547,22.299999237060547,21.66539764404297
2015/03/25,0.0,0.0,0.23712,21.040000915527344,13563800.0,22.38999938964844,22.38999938964844,20.969999313354492,20.34999656677246
2015/03/26,0.0,0.0,0.20095,20.969999313354492,7798000.0,20.61000061035156,21.059999465942383,20.459999084472656,20.28228759765625
2015/03/27,0.0,0.0,0.0,21.3799991607666,7957200.0,21.09000015258789,21.459999084472656,20.75,20.67884635925293
2015/03/30,0.0,0.0,0.09335,21.469999313354492,6331300.0,21.479999542236328,21.579999923706055,21.200000762939453,20.765892028808594
2015/03/31,0.0,0.0,0.0277933333333333,20.93000030517578,8931900.0,21.40999984741211,21.43000030517578,20.90999984741211,20.24361038208008
2015/04/01,0.0,0.0,0.0,21.010000228881836,8269200.0,21.010000228881836,21.079999923706055,20.649999618530273,20.320981979370117
2015/04/02,0.0,0.0,0.0,21.059999465942383,4805100.0,21.1299991607666,21.190000534057617,20.8799991607666,20.369340896606445
2015/04/06,0.0,0.0,-0.3034,21.670000076293945,12896600.0,20.969999313354492,21.739999771118164,20.75,20.959341049194336
2015/04/07,0.0,0.0,0.0,21.86000061035156,10349100.0,21.670000076293945,22.100000381469727,21.549999237060547,21.143102645874023
2015/04/08,0.0,0.0,0.6166,22.020000457763672,9160800.0,21.8799991607666,22.100000381469727,21.670000076293945,21.2978572845459
2015/04/09,0.0,0.0,0.12332,22.530000686645508,9485800.0,21.850000381469727,22.600000381469727,21.84000015258789,21.79113006591797
2015/04/10,0.0,0.0,0.3083,22.760000228881836,6468200.0,22.549999237060547,22.770000457763672,22.469999313354492,22.013587951660156
2015/04/13,0.0,0.0,0.2055333333333333,22.549999237060547,5918100.0,22.709999084472656,22.84000015258789,22.450000762939453,21.81047821044922
2015/04/14,0.0,0.0,0.4991333333333334,22.36000061035156,5506900.0,22.459999084472656,22.549999237060547,22.13999938964844,21.626705169677734
2015/04/15,0.0,0.0,0.1208560975609756,22.6299991607666,6089000.0,22.420000076293945,22.799999237060547,22.309999465942383,21.887855529785156
2015/04/16,0.0,0.0,0.0134941176470588,22.489999771118164,3882100.0,22.5,22.690000534057617,22.329999923706055,21.752443313598633
2015/04/17,0.0,0.0,0.0581586206896551,22.200000762939453,7340900.0,22.020000457763672,22.420000076293945,22.010000228881836,21.471954345703125
2015/04/20,0.0,0.0,0.0,22.09000015258789,5790600.0,22.299999237060547,22.440000534057617,22.049999237060547,21.365564346313477
2015/04/21,0.0,0.0,-0.0398142857142857,22.059999465942383,5761400.0,22.36000061035156,22.36000061035156,21.950000762939453,21.336545944213867
2015/04/22,0.0,0.0,0.0976620689655172,22.309999465942383,5185500.0,22.190000534057617,22.34000015258789,21.850000381469727,21.57834815979004
2015/04/23,0.0,0.0,0.042,22.219999313354492,6484500.0,21.899999618530273,22.43000030517578,21.649999618530273,21.49129867553711
2015/04/24,0.0,0.0,0.18705,22.030000686645508,6024000.0,22.209999084472656,22.219999313354492,21.780000686645508,21.307531356811523
2015/04/27,0.4019,7.0,0.1337755555555555,22.200000762939453,6211400.0,22.100000381469727,22.59000015258789,21.90999984741211,21.471954345703125
2015/04/28,0.0,0.0,0.0,22.309999465942383,5862100.0,22.15999984741211,22.38999938964844,21.950000762939453,21.57834815979004
2015/04/29,0.0,0.0,0.0,22.13999938964844,4878900.0,22.149999618530273,22.3700008392334,22.049999237060547,21.413921356201172
2015/04/30,0.0,0.0,0.0,22.200000762939453,5471100.0,22.030000686645508,22.309999465942383,21.979999542236328,21.471954345703125
2015/05/01,0.0,0.0,0.0,22.75,6424200.0,22.3799991607666,22.81999969482422,22.280000686645508,22.00391387939453
2015/05/04,0.0,0.0,0.0,22.61000061035156,5018000.0,22.729999542236328,22.8799991607666,22.540000915527344,21.86850929260254
2015/05/05,0.2732,7.0,0.2679333333333333,22.030000686645508,7323200.0,22.530000686645508,22.559999465942383,21.93000030517578,21.307531356811523
2015/05/06,0.0,0.0,0.0,22.100000381469727,7912100.0,22.149999618530273,22.36000061035156,21.809999465942383,21.3752384185791
2015/05/07,0.0,0.0,0.0683,22.489999771118164,13364100.0,22.010000228881836,22.559999465942383,21.940000534057617,21.752443313598633
2015/05/08,-0.4404,7.0,0.0250777777777777,20.829999923706055,28663800.0,21.010000228881836,21.84000015258789,20.489999771118164,20.146883010864254
2015/05/11,0.0,0.0,0.0167526315789473,20.6299991607666,13603600.0,20.540000915527344,20.84000015258789,20.3799991607666,19.953439712524418
2015/05/12,0.0,5.0,0.3083,20.829999923706055,9720000.0,20.479999542236328,21.0,20.469999313354492,20.146883010864254
2015/05/13,0.0,5.0,0.074992,20.950000762939453,7713100.0,20.979999542236328,21.13999938964844,20.75,20.262948989868164
2015/05/14,0.3033,7.0,0.1761714285714286,21.290000915527344,7326300.0,21.010000228881836,21.399999618530273,20.959999084472656,20.591798782348633
2015/05/15,0.0,0.0,0.0816777777777777,21.299999237060547,5395600.0,21.3799991607666,21.479999542236328,21.170000076293945,20.601469039916992
2015/05/18,0.0,0.0,0.1186,21.270000457763672,8124300.0,21.25,21.399999618530273,21.149999618530273,20.57245445251465
2015/05/19,0.0,0.0,0.0812969696969696,21.040000915527344,6345200.0,21.200000762939453,21.270000457763672,21.0,20.44419288635254
2015/05/20,0.0,0.0,0.0989533333333333,21.040000915527344,4920600.0,21.049999237060547,21.299999237060547,21.020000457763672,20.44419288635254
2015/05/21,0.0,0.0,-0.2023,20.88999938964844,5992300.0,21.049999237060547,21.13999938964844,20.8700008392334,20.298439025878903
2015/05/22,0.0,0.0,-0.0224777777777777,20.86000061035156,5314800.0,20.940000534057617,21.020000457763672,20.809999465942383,20.269289016723633
2015/05/26,0.0,0.0,0.0547999999999999,20.729999542236328,6493300.0,20.760000228881836,20.899999618530273,20.56999969482422,20.142969131469727
2015/05/27,0.0,0.0,0.2519833333333333,21.84000015258789,10808300.0,20.8700008392334,21.940000534057617,20.799999237060547,21.22153663635254
2015/05/28,0.0,0.0,-0.00048,22.13999938964844,8191400.0,21.84000015258789,22.209999084472656,21.799999237060547,21.513038635253903
2015/05/29,0.0,0.0,0.0,22.1299991607666,8379200.0,22.13999938964844,22.280000686645508,22.100000381469727,21.503324508666992
2015/06/01,0.0,0.0,0.0291666666666666,22.3799991607666,9316500.0,22.270000457763672,22.600000381469727,22.1299991607666,21.746244430541992
2015/06/02,0.0,0.0,0.077278947368421,21.940000534057617,5607600.0,22.239999771118164,22.36000061035156,21.920000076293945,21.318706512451172
2015/06/03,0.0,0.0,-0.00692,21.700000762939453,6269700.0,22.0,22.170000076293945,21.65999984741211,21.08550262451172
2015/06/04,0.0,0.0,0.0358814814814814,22.09000015258789,8092800.0,21.56999969482422,22.15999984741211,21.56999969482422,21.464458465576172
2015/06/05,0.0,0.0,0.0828555555555555,22.260000228881836,7833000.0,22.020000457763672,22.36000061035156,21.790000915527344,21.62964630126953
2015/06/08,0.0,0.0,0.0873904761904761,21.75,8570300.0,22.190000534057617,22.34000015258789,21.5,21.134090423583984
2015/06/09,0.0,0.0,0.2267357142857142,21.86000061035156,6422200.0,21.770000457763672,22.020000457763672,21.729999542236328,21.240970611572266
2015/06/10,-0.05445,8.5,0.1406083333333333,21.469999313354492,13236500.0,21.600000381469727,21.739999771118164,21.350000381469727,20.862016677856445
2015/06/11,0.0,0.0,0.2023,21.700000762939453,7076300.0,21.469999313354492,21.850000381469727,21.469999313354492,21.08550262451172
2015/06/12,0.0,0.0,-0.3719,21.11000061035156,8093200.0,21.559999465942383,21.690000534057617,21.059999465942383,20.5122127532959
2015/06/15,0.0,0.0,0.0,21.06999969482422,7663700.0,21.0,21.170000076293945,20.84000015258789,20.473344802856445
2015/06/16,0.0,0.0,0.0,21.329999923706055,6422300.0,21.030000686645508,21.36000061035156,20.81999969482422,20.725980758666992
2015/06/17,0.0,0.0,0.0,21.579999923706055,5838600.0,21.31999969482422,21.700000762939453,21.270000457763672,20.96889877319336
2015/06/18,0.0,0.0,0.3034833333333333,21.940000534057617,7485100.0,21.760000228881836,22.079999923706055,21.700000762939453,21.318706512451172
2015/06/19,0.0,0.0,-0.5719,21.8700008392334,8891400.0,21.940000534057617,22.1200008392334,21.670000076293945,21.25069236755371
2015/06/22,0.0,0.0,0.21154,21.780000686645508,12855900.0,21.90999984741211,22.030000686645508,21.450000762939453,21.163236618041992
2015/06/23,0.0,0.0,0.0986666666666666,21.219999313354492,10351600.0,21.81999969482422,21.989999771118164,21.049999237060547,20.619096755981445
2015/06/24,0.0,0.0,-0.1642333333333333,21.010000228881836,6334200.0,21.190000534057617,21.299999237060547,20.90999984741211,20.415042877197266
2015/06/25,0.0,0.0,0.3895333333333333,21.170000076293945,8761500.0,21.010000228881836,21.299999237060547,21.010000228881836,20.57051467895508
2015/06/26,0.0,0.0,0.0,20.739999771118164,10532400.0,21.0,21.020000457763672,20.649999618530273,20.152685165405273
2015/06/29,0.0,0.0,0.2023,20.1200008392334,9793100.0,20.5,20.709999084472656,20.09000015258789,19.550243377685547
2015/06/30,0.0,0.0,0.20095,20.11000061035156,7897900.0,20.239999771118164,20.329999923706055,19.969999313354492,19.540529251098633
2015/07/01,0.0,0.0,0.0,20.399999618530273,7572300.0,20.61000061035156,20.899999618530273,20.219999313354492,19.82231330871582
2015/07/02,0.0,0.0,0.0,20.420000076293945,3644100.0,20.38999938964844,20.549999237060547,20.290000915527344,19.841751098632812
2015/07/06,0.0,0.0,-0.1372,20.170000076293945,5369400.0,20.25,20.530000686645508,20.020000457763672,19.59882926940918
2015/07/07,0.0,0.0,0.388,19.790000915527344,14856300.0,20.049999237060547,20.1299991607666,19.15999984741211,19.22959327697754
2015/07/08,0.0,0.0,0.0,19.649999618530273,8312300.0,19.68000030517578,19.799999237060547,19.489999771118164,19.09355354309082
2015/07/09,0.0,0.0,0.10115,19.40999984741211,8939700.0,19.959999084472656,20.049999237060547,19.290000915527344,18.860353469848633
2015/07/10,0.0,0.0,0.3083,19.75,5417700.0,19.65999984741211,19.93000030517578,19.61000061035156,19.19072151184082
2015/07/13,0.0,0.0,0.1712714285714285,19.8799991607666,5311800.0,19.950000762939453,19.989999771118164,19.75,19.317041397094727
2015/07/14,0.0,0.0,0.1944166666666666,19.88999938964844,6230400.0,19.90999984741211,19.93000030517578,19.6299991607666,19.326753616333008
2015/07/15,0.0,7.0,0.2023,19.75,6643300.0,19.84000015258789,19.969999313354492,19.56999969482422,19.19072151184082
2015/07/16,0.0,0.0,0.24664,20.190000534057617,7071200.0,19.8700008392334,20.190000534057617,19.799999237060547,19.618261337280273
2015/07/17,0.0,0.0,-0.0157999999999999,20.06999969482422,5509300.0,20.1200008392334,20.13999938964844,19.809999465942383,19.501659393310547
2015/07/20,0.0,0.0,0.11315,19.700000762939453,4710300.0,20.06999969482422,20.149999618530273,19.649999618530273,19.14214324951172
2015/07/21,0.0,0.0,0.0,19.790000915527344,3743000.0,19.65999984741211,20.06999969482422,19.65999984741211,19.22959327697754
2015/07/22,0.0,0.0,-0.1561333333333333,19.40999984741211,8911800.0,19.649999618530273,19.649999618530273,19.170000076293945,18.860353469848633
2015/07/23,0.0,0.0,0.0,19.649999618530273,4247900.0,19.450000762939453,19.940000534057617,19.40999984741211,19.09355354309082
2015/07/24,0.0,0.0,0.0514666666666666,19.420000076293945,4721100.0,19.790000915527344,19.809999465942383,19.34000015258789,18.870071411132812
2015/07/27,0.0,0.0,0.0,19.309999465942383,4810500.0,19.25,19.530000686645508,19.09000015258789,18.763179779052734
2015/07/28,0.0,0.0,-0.1635,19.729999542236328,4957700.0,19.36000061035156,19.86000061035156,19.15999984741211,19.171287536621097
2015/07/29,0.0,0.0,0.296,19.969999313354492,5817000.0,19.690000534057617,20.1299991607666,19.61000061035156,19.404491424560547
2015/07/30,0.0,0.0,0.0,20.020000457763672,4754500.0,19.920000076293945,20.219999313354492,19.920000076293945,19.453079223632812
2015/07/31,0.0,0.0,0.0,19.950000762939453,5458500.0,20.100000381469727,20.11000061035156,19.829999923706055,19.385059356689453
2015/08/03,0.0,0.0,0.2977999999999999,20.290000915527344,9928300.0,20.11000061035156,20.309999465942383,19.850000381469727,19.715431213378903
2015/08/04,0.0772,7.0,-0.0123799999999999,20.3700008392334,6502500.0,20.219999313354492,20.43000030517578,20.13999938964844,19.793169021606445
2015/08/05,0.0,0.0,-0.0148888888888888,20.579999923706055,5865700.0,20.8700008392334,20.88999938964844,20.540000915527344,19.997217178344727
2015/08/06,0.0,7.0,0.2809999999999999,20.450000762939453,16391900.0,20.530000686645508,20.68000030517578,20.11000061035156,19.870899200439453
2015/08/07,-0.296,5.0,0.4633571428571428,22.979999542236328,35131200.0,22.459999084472656,23.3700008392334,21.8799991607666,22.329261779785156
2015/08/10,0.0,8.5,0.32238,23.780000686645508,16557600.0,22.81999969482422,23.950000762939453,22.68000030517578,23.106603622436523
2015/08/11,0.0,0.0,0.1202307692307692,23.65999984741211,10875200.0,23.43000030517578,23.88999938964844,23.43000030517578,22.989999771118164
2015/08/12,0.0,0.0,0.4210666666666667,23.719999313354492,9601200.0,23.280000686645508,23.88999938964844,23.280000686645508,23.04829978942871
2015/08/13,0.0,0.0,0.191375,23.520000457763672,6922100.0,23.75,23.799999237060547,23.459999084472656,22.85396385192871
2015/08/14,0.0,0.0,0.279025,23.540000915527344,5366300.0,23.5,23.68000030517578,23.36000061035156,22.87339782714844
2015/08/17,0.0,0.0,0.21114,23.38999938964844,6847000.0,23.5,23.5,23.100000381469727,22.727649688720703
2015/08/18,0.0,0.0,0.0,23.079999923706055,7177100.0,23.219999313354492,23.3799991607666,22.899999618530273,22.520782470703125
2015/08/19,0.0,0.0,0.2009714285714285,22.989999771118164,6231200.0,23.049999237060547,23.309999465942383,22.739999771118164,22.432960510253903
2015/08/20,0.0,0.0,0.0,22.15999984741211,10673300.0,22.729999542236328,22.84000015258789,22.049999237060547,21.62307357788086
2015/08/21,0.0,0.0,0.2615,21.469999313354492,9566600.0,22.0,22.3700008392334,21.450000762939453,20.949790954589844
2015/08/24,0.0,0.0,0.22248,20.709999084472656,17057100.0,20.270000457763672,21.829999923706055,20.0,20.208206176757812
2015/08/25,0.0,0.0,0.4587,20.280000686645508,15567100.0,21.6200008392334,21.700000762939453,20.280000686645508,19.78862571716309
2015/08/26,0.0,0.0,0.3596833333333333,21.809999465942383,15374400.0,20.940000534057617,21.829999923706055,20.780000686645508,21.28154754638672
2015/08/27,0.0,0.0,0.34,22.6299991607666,11594100.0,22.040000915527344,22.63999938964844,21.90999984741211,22.081687927246097
2015/08/28,0.0,0.0,-0.0484285714285714,22.729999542236328,8023600.0,22.6299991607666,22.8700008392334,22.469999313354492,22.179264068603516
2015/08/31,0.0,0.0,0.100075,22.479999542236328,5483800.0,22.6200008392334,22.780000686645508,22.38999938964844,21.935319900512695
2015/09/01,0.0,10.0,0.0,21.559999465942383,8835200.0,21.829999923706055,22.200000762939453,21.399999618530273,21.037609100341797
2015/09/02,0.0,0.0,-0.1779,22.209999084472656,8601100.0,22.149999618530273,22.219999313354492,21.780000686645508,21.671859741210938
2015/09/03,0.0,0.0,0.0,22.270000457763672,6563900.0,22.540000915527344,22.649999618530273,22.229999542236328,21.730411529541016
2015/09/04,-0.296,7.0,0.0,21.75,7199300.0,21.88999938964844,22.239999771118164,21.739999771118164,21.22300910949707
2015/09/08,0.0,0.0,0.28602,22.68000030517578,5961200.0,22.280000686645508,22.770000457763672,22.190000534057617,22.13047790527344
2015/09/09,0.0,0.0,-0.1518,22.229999542236328,7234800.0,22.75,22.940000534057617,22.18000030517578,21.691377639770508
2015/09/10,0.0,0.0,0.4574399999999999,22.579999923706055,8926900.0,22.100000381469727,22.86000061035156,22.0,22.03289794921875
2015/09/11,0.0,0.0,0.27115,22.649999618530273,7539600.0,22.329999923706055,22.799999237060547,22.239999771118164,22.101198196411133
2015/09/14,0.0,0.0,-0.0493333333333333,22.690000534057617,4811500.0,22.760000228881836,22.829999923706055,22.56999969482422,22.140230178833008
2015/09/15,0.0,0.0,0.077025,22.940000534057617,8199400.0,22.700000762939453,23.059999465942383,22.6299991607666,22.384174346923828
2015/09/16,0.0,0.0,0.1855428571428571,23.100000381469727,4337700.0,22.899999618530273,23.229999542236328,22.729999542236328,22.54029655456543
2015/09/17,0.0,5.0,0.1003318181818181,23.309999465942383,6717800.0,23.5,23.709999084472656,23.260000228881836,22.745206832885746
2015/09/18,0.0,0.0,-0.06052,23.290000915527344,8160300.0,22.989999771118164,23.489999771118164,22.850000381469727,22.725690841674805
2015/09/21,0.0,0.0,0.025675,23.530000686645508,7046000.0,23.31999969482422,23.579999923706055,23.200000762939453,22.959880828857425
2015/09/22,0.0,0.0,0.04108,22.88999938964844,5708900.0,23.020000457763672,23.18000030517578,22.770000457763672,22.335390090942383
2015/09/23,0.0,0.0,0.224825,23.0,4040800.0,22.90999984741211,23.13999938964844,22.81999969482422,22.442726135253903
2015/09/24,0.0,0.0,0.0971625,23.440000534057617,9561000.0,22.86000061035156,23.68000030517578,22.5,22.872058868408203
2015/09/25,0.0,0.0,0.014135294117647,23.61000061035156,9242300.0,23.729999542236328,24.06999969482422,23.3799991607666,23.03793716430664
2015/09/28,0.0,0.0,0.1708333333333333,23.299999237060547,9889600.0,23.61000061035156,23.760000228881836,23.149999618530273,22.735448837280273
2015/09/29,0.0,0.0,0.0864647058823529,23.709999084472656,9518400.0,23.549999237060547,23.75,23.219999313354492,23.135515213012695
2015/09/30,0.0,0.0,0.1323,24.649999618530273,13909500.0,23.93000030517578,24.68000030517578,23.790000915527344,24.05274200439453
2015/10/01,0.0,0.0,0.19417,24.170000076293945,12232400.0,24.649999618530273,24.719999313354492,23.469999313354492,23.584373474121097
2015/10/02,0.0,0.0,0.2129,24.799999237060547,9653600.0,24.040000915527344,24.799999237060547,23.790000915527344,24.199108123779297
2015/10/05,0.1531,10.0,0.5169285714285714,25.420000076293945,12050600.0,24.959999084472656,25.729999542236328,24.829999923706055,24.804088592529297
2015/10/06,0.0,0.0,0.03182,25.75,11330400.0,25.149999618530273,25.86000061035156,25.049999237060547,25.126089096069336
2015/10/07,0.0,0.0,-0.05464,26.020000457763672,7753800.0,25.809999465942383,26.280000686645508,25.38999938964844,25.38954734802246
2015/10/08,0.0,0.0,0.0017272727272727,26.170000076293945,11501700.0,25.90999984741211,26.239999771118164,25.469999313354492,25.535911560058594
2015/10/09,0.0,0.0,-0.0728,26.06999969482422,10581200.0,26.030000686645508,26.280000686645508,25.579999923706055,25.43833351135254
2015/10/12,-0.4648,7.0,-0.2384,26.350000381469727,5689700.0,26.100000381469727,26.5,25.90999984741211,25.71155166625977
2015/10/13,0.0,0.0,-0.2348,26.399999618530273,7461100.0,26.13999938964844,26.559999465942383,26.049999237060547,25.760339736938477
2015/10/14,0.0,0.0,0.1266769230769231,27.36000061035156,15303700.0,26.43000030517578,27.790000915527344,26.399999618530273,26.697084426879883
2015/10/15,0.0,0.0,-0.080845,27.43000030517578,13151200.0,27.40999984741211,27.989999771118164,27.1299991607666,26.7653865814209
2015/10/16,0.0,0.0,-0.0501999999999999,27.86000061035156,11209900.0,27.520000457763672,28.1200008392334,27.450000762939453,27.184967041015625
2015/10/19,0.34,7.0,-0.0503833333333333,27.809999465942383,7367800.0,27.950000762939453,28.079999923706055,27.489999771118164,27.13617706298828
2015/10/20,0.0,0.0,-0.1972714285714285,27.770000457763672,6620600.0,27.690000534057617,27.899999618530273,27.479999542236328,27.09714126586914
2015/10/21,0.0,7.0,-0.1538857142857142,27.40999984741211,9657000.0,27.940000534057617,28.11000061035156,27.36000061035156,26.745866775512695
2015/10/22,0.0,0.0,-0.08138,28.399999618530273,7672100.0,27.729999542236328,28.489999771118164,27.690000534057617,27.711885452270508
2015/10/23,0.0,0.0,-0.1385142857142857,28.59000015258789,9544400.0,28.649999618530273,28.780000686645508,28.219999313354492,27.897279739379883
2015/10/26,0.0,0.0,-0.0029692307692307,28.459999084472656,6185900.0,28.61000061035156,28.68000030517578,28.200000762939453,27.770423889160156
2015/10/27,0.0,0.0,-0.1174,28.440000534057617,5206700.0,28.31999969482422,28.6200008392334,28.299999237060547,27.750911712646484
2015/10/28,0.0,0.0,-0.4696,28.670000076293945,5425900.0,28.6200008392334,28.670000076293945,28.200000762939453,27.975339889526367
2015/10/29,0.0,0.0,0.0,27.68000030517578,8179200.0,28.209999084472656,28.5,27.6299991607666,27.009323120117188
2015/10/30,0.0,0.0,0.4317833333333333,28.3700008392334,7529000.0,27.979999542236328,28.56999969482422,27.770000457763672,27.682605743408203
2015/11/02,0.0,0.0,0.1109999999999999,28.700000762939453,4752200.0,28.459999084472656,28.729999542236328,28.290000915527344,28.004615783691406
2015/11/03,0.0,0.0,0.3639428571428572,28.5,9419200.0,28.530000686645508,28.690000534057617,28.18000030517578,27.809459686279297
2015/11/04,0.0,0.0,0.0,28.030000686645508,11056600.0,28.420000076293945,28.6299991607666,27.899999618530273,27.350849151611328
2015/11/05,0.0,0.0,0.1816363636363636,27.709999084472656,11970000.0,28.170000076293945,28.25,27.6299991607666,27.03860092163086
2015/11/06,0.0,0.0,0.2812461538461538,31.549999237060547,29306800.0,30.450000762939453,31.940000534057617,29.81999969482422,30.785558700561523
2015/11/09,0.0,0.0,0.1401176470588235,31.40999984741211,12314200.0,31.239999771118164,31.5,30.969999313354492,30.648950576782227
2015/11/10,0.0,0.0,0.2193535714285714,30.809999465942383,13806500.0,31.0,31.170000076293945,30.149999618530273,30.063488006591797
2015/11/11,0.0,0.0,0.21387,30.510000228881836,15497400.0,30.829999923706055,31.049999237060547,30.399999618530273,29.77075958251953
2015/11/12,0.0,0.0,0.1134333333333333,30.399999618530273,7277000.0,30.440000534057617,30.719999313354492,30.270000457763672,29.663423538208008
2015/11/13,0.0,0.0,0.0252875,29.799999237060547,7323500.0,30.43000030517578,30.559999465942383,29.649999618530273,29.077953338623047
2015/11/16,0.0,0.0,0.1533944444444444,30.399999618530273,8607000.0,30.190000534057617,30.420000076293945,29.950000762939453,29.663423538208008
2015/11/17,0.0,0.0,0.1676833333333333,30.399999618530273,6426200.0,30.479999542236328,30.65999984741211,30.270000457763672,29.663423538208008
2015/11/18,0.0,0.0,0.0626818181818181,31.030000686645508,8755400.0,30.40999984741211,31.06999969482422,30.079999923706055,30.39313316345215
2015/11/19,0.0,0.0,0.1181714285714285,31.1200008392334,6351800.0,31.13999938964844,31.43000030517578,30.88999938964844,30.481281280517575
2015/11/20,0.0,0.0,0.04046,31.38999938964844,5993600.0,31.350000381469727,31.56999969482422,31.15999984741211,30.745744705200195
2015/11/23,0.0,0.0,0.0,30.920000076293945,6063800.0,31.649999618530273,31.649999618530273,30.809999465942383,30.285388946533203
2015/11/24,0.0,0.0,0.0399285714285714,31.170000076293945,4885700.0,30.920000076293945,31.440000534057617,30.780000686645508,30.53026008605957
2015/11/25,0.0,0.0,0.050575,31.1299991607666,3457500.0,31.11000061035156,31.479999542236328,31.020000457763672,30.491079330444336
2015/11/27,0.0,0.0,0.10115,31.38999938964844,2174900.0,31.190000534057617,31.489999771118164,31.030000686645508,30.745744705200195
2015/11/30,0.0,7.0,0.0289,31.719999313354492,8181100.0,31.420000076293945,31.86000061035156,31.38999938964844,31.0689697265625
2015/12/01,0.0,0.0,0.050575,32.75,10237400.0,32.0,32.779998779296875,31.969999313354492,32.07783126831055
2015/12/02,0.0,0.0,0.04046,32.5,7356000.0,32.79999923706055,33.13999938964844,32.43000030517578,31.832963943481445
2015/12/03,0.0,0.0,-0.0081384615384615,32.43000030517578,6166400.0,32.7599983215332,33.099998474121094,32.27000045776367,31.764392852783203
2015/12/04,0.0,0.0,0.358875,33.75,11468900.0,32.43000030517578,33.810001373291016,32.43000030517578,33.05730438232422
2015/12/07,0.0,0.0,0.0895454545454545,33.11000061035156,8339700.0,33.7400016784668,33.7400016784668,33.0099983215332,32.43043518066406
2015/12/08,0.0,0.0,0.0567833333333333,33.560001373291016,7862200.0,32.70000076293945,33.70000076293945,32.4900016784668,32.87120056152344
2015/12/09,0.0,0.0,0.050575,32.709999084472656,9316900.0,33.54999923706055,33.75,32.369998931884766,32.03865432739258
2015/12/10,0.0,0.0,0.0365199999999999,32.97999954223633,5914900.0,32.810001373291016,33.15999984741211,32.70000076293945,32.30310821533203
2015/12/11,0.0,0.0,0.0,32.4900016784668,5683000.0,32.650001525878906,32.880001068115234,32.41999816894531,31.82316780090332
2015/12/14,0.0,0.0,0.36044,32.56999969482422,6897300.0,32.52000045776367,32.75,32.18000030517578,31.901519775390625
2015/12/15,0.0,0.0,-0.0780571428571428,32.970001220703125,7682400.0,32.939998626708984,33.20000076293945,32.7599983215332,32.29331970214844
2015/12/16,0.0,0.0,0.10115,33.16999816894531,5908900.0,33.040000915527344,33.279998779296875,32.75,32.48920440673828
2015/12/17,0.0,0.0,0.0674333333333333,32.66999816894531,6354000.0,33.220001220703125,33.560001373291016,32.650001525878906,31.99947166442871
2015/12/18,0.0,0.0,0.0167454545454545,32.13999938964844,9897400.0,32.439998626708984,32.77000045776367,32.099998474121094,31.48035049438477
2015/12/21,0.0,0.0,0.1094444444444444,32.900001525878906,7105400.0,32.4900016784668,32.93000030517578,32.20000076293945,32.224754333496094
2015/12/22,0.0,0.0,0.0781153846153846,32.93000030517578,3250300.0,33.0,33.2599983215332,32.72999954223633,32.25413513183594
2015/12/23,0.0,0.0,-0.08685,33.060001373291016,3063100.0,32.97999954223633,33.189998626708984,32.91999816894531,32.3814697265625
2015/12/24,0.0,0.0,-0.2909090909090909,33.16999816894531,1311200.0,32.959999084472656,33.25,32.90999984741211,32.48920440673828
2015/12/28,0.0,0.0,-0.0345222222222222,33.13999938964844,3550600.0,32.81999969482422,33.13999938964844,32.36000061035156,32.4598274230957
2015/12/29,0.0,0.0,0.3008727272727273,33.68000030517578,5091500.0,33.15999984741211,33.779998779296875,33.06999969482422,32.988739013671875
2015/12/30,0.0,0.0,0.1535928571428571,33.38999938964844,4508600.0,33.650001525878906,33.939998626708984,33.380001068115234,32.7047004699707
2015/12/31,0.0,0.0,0.3046399999999999,32.959999084472656,3713200.0,33.34000015258789,33.4900016784668,32.959999084472656,32.28351974487305
2016/01/04,0.0,0.0,0.0176666666666666,32.369998931884766,8951900.0,32.290000915527344,32.58000183105469,32.040000915527344,31.70563507080078
2016/01/05,0.0,10.0,0.1012965517241379,32.88999938964844,12256800.0,32.97999954223633,33.439998626708984,32.5,32.21495056152344
2016/01/06,0.0,7.0,0.1287318181818182,31.530000686645508,11233600.0,32.349998474121094,32.5,31.15999984741211,30.88286781311035
2016/01/07,0.0,0.0,0.0081999999999999,30.280000686645508,16132600.0,30.739999771118164,30.950000762939453,29.8799991607666,29.658525466918945
2016/01/08,0.0,0.0,0.02335,29.6299991607666,9961800.0,30.670000076293945,30.700000762939453,29.56999969482422,29.02186584472656
2016/01/11,0.0,0.0,0.01253,29.68000030517578,10234300.0,29.65999984741211,29.88999938964844,29.149999618530273,29.07084274291992
2016/01/12,0.0,0.0,-0.0363117647058823,30.18000030517578,11733900.0,30.209999084472656,30.6200008392334,29.969999313354492,29.56057929992676
2016/01/13,0.0,0.0,0.0756291666666666,29.260000228881836,12041800.0,30.40999984741211,30.61000061035156,29.229999542236328,28.659460067749023
2016/01/14,-0.5574,7.0,-0.0289866666666666,28.670000076293945,15005900.0,28.65999984741211,29.0,27.81999969482422,28.08156967163086
2016/01/15,-0.4717,7.0,-0.1745823529411765,27.11000061035156,21036300.0,27.520000457763672,27.850000381469727,26.63999938964844,26.553590774536133
2016/01/19,0.0,0.0,0.0290111111111111,27.329999923706055,11428500.0,27.670000076293945,28.450000762939453,27.219999313354492,26.76906967163086
2016/01/20,0.0,0.0,-0.1140578947368421,27.479999542236328,12029500.0,26.809999465942383,27.829999923706055,26.450000762939453,26.91599464416504
2016/01/21,0.0,0.0,0.0059558139534883,27.799999237060547,12036400.0,27.780000686645508,28.229999542236328,27.209999084472656,27.22942352294922
2016/01/22,0.0,0.0,0.0,28.450000762939453,6449900.0,28.329999923706055,28.63999938964844,28.270000457763672,27.8660888671875
2016/01/25,0.0,0.0,0.0,28.420000076293945,6768200.0,28.440000534057617,28.770000457763672,28.36000061035156,27.836700439453125
2016/01/26,0.0,0.0,0.08552,28.700000762939453,5698600.0,28.479999542236328,28.81999969482422,28.190000534057617,28.1109561920166
2016/01/27,0.0,0.0,0.0,28.36000061035156,5792500.0,28.65999984741211,28.75,27.81999969482422,27.777931213378903
2016/01/28,0.0,0.0,0.0,28.049999237060547,6919400.0,28.59000015258789,28.690000534057617,27.5,27.474292755126953
2016/01/29,0.0,0.0,0.0,29.290000915527344,7762600.0,28.290000915527344,29.350000381469727,28.18000030517578,28.6888427734375
2016/02/01,0.0,0.0,0.09545,29.299999237060547,7247100.0,29.260000228881836,29.450000762939453,29.010000228881836,28.69863510131836
2016/02/02,0.0,0.0,0.0,28.059999465942383,8547700.0,29.0,29.149999618530273,27.86000061035156,27.48409080505371
2016/02/03,0.0,0.0,0.0,28.200000762939453,8169300.0,28.280000686645508,28.450000762939453,27.549999237060547,27.6212158203125
2016/02/04,0.0,0.0,0.0,28.209999084472656,8703500.0,28.239999771118164,28.850000381469727,27.93000030517578,27.63100814819336
2016/02/05,0.0,0.0,0.3182375,26.43000030517578,15010700.0,28.020000457763672,28.329999923706055,26.350000381469727,25.887542724609375
2016/02/08,0.0,0.0,0.0064166666666666,25.219999313354492,15221300.0,26.030000686645508,26.15999984741211,24.850000381469727,24.702377319335938
2016/02/09,0.0,0.0,-0.1339666666666666,25.489999771118164,10634300.0,24.920000076293945,26.549999237060547,24.799999237060547,24.966835021972656
2016/02/10,0.0,0.0,0.0,25.43000030517578,8395000.0,25.649999618530273,26.38999938964844,25.290000915527344,24.90806579589844
2016/02/11,0.0,0.0,0.04954,25.299999237060547,8503600.0,24.780000686645508,25.559999465942383,24.780000686645508,24.78073501586914
2016/02/12,0.0,0.0,0.0,25.729999542236328,8520400.0,25.700000762939453,25.780000686645508,24.75,25.201908111572266
2016/02/16,-0.1531,5.0,0.0,26.989999771118164,12133800.0,26.100000381469727,27.030000686645508,26.020000457763672,26.436050415039062
2016/02/17,0.0,0.0,0.0762666666666666,27.65999984741211,19286700.0,27.329999923706055,27.920000076293945,27.219999313354492,27.092296600341797
2016/02/18,-0.296,7.0,0.0193,30.040000915527344,26716500.0,29.93000030517578,30.979999542236328,29.899999618530273,29.423452377319336
2016/02/19,0.0,0.0,0.1358285714285714,30.440000534057617,13140700.0,29.8799991607666,30.709999084472656,29.649999618530273,29.815235137939453
2016/02/22,0.0,7.0,0.1024777777777777,31.520000457763672,11241700.0,30.8799991607666,31.8700008392334,30.81999969482422,30.87307357788086
2016/02/23,0.0,0.0,0.0,31.600000381469727,9234500.0,31.270000457763672,31.899999618530273,31.1200008392334,30.951431274414062
2016/02/24,0.0,0.0,0.09966,31.81999969482422,8421300.0,31.469999313354492,31.8700008392334,30.600000381469727,31.166915893554688
2016/02/25,0.0,0.0,0.074,31.88999938964844,8740400.0,31.940000534057617,32.04999923706055,31.31999969482422,31.23548126220703
2016/02/26,0.2023,7.0,0.0810166666666666,31.68000030517578,9049100.0,32.040000915527344,32.119998931884766,31.36000061035156,31.02979278564453
2016/02/29,0.0,0.0,0.0,31.36000061035156,8083600.0,31.61000061035156,32.02000045776367,31.34000015258789,30.82826805114746
2016/03/01,0.0,5.0,-0.03558,32.75,8717500.0,31.440000534057617,32.75,31.38999938964844,32.194698333740234
2016/03/02,0.0,7.0,0.04046,32.939998626708984,5845300.0,32.56999969482422,33.060001373291016,32.5099983215332,32.3814811706543
2016/03/03,0.0,0.0,0.0560533333333333,32.650001525878906,7550100.0,32.900001525878906,33.040000915527344,32.209999084472656,32.09639358520508
2016/03/04,0.0,0.0,0.1555615384615384,32.54999923706055,4382600.0,32.900001525878906,32.93000030517578,32.29999923706055,31.998092651367188
2016/03/07,0.0,0.0,-0.0422857142857142,32.34000015258789,5999200.0,32.369998931884766,32.59000015258789,31.920000076293945,31.791645050048828
2016/03/08,0.0,0.0,-0.2139916666666666,31.75,6873500.0,32.0099983215332,32.20000076293945,31.649999618530273,31.211650848388672
2016/03/09,0.0,0.0,0.34784,31.729999542236328,5569700.0,32.029998779296875,32.08000183105469,31.31999969482422,31.19198989868164
2016/03/10,0.0,0.0,0.1909,31.68000030517578,7152100.0,31.920000076293945,32.099998474121094,31.040000915527344,31.14284324645996
2016/03/11,0.0,0.0,0.09649,32.220001220703125,6935000.0,32.150001525878906,32.22999954223633,31.770000457763672,31.673681259155273
2016/03/14,0.0,10.0,0.3444,32.29999923706055,4757800.0,32.06999969482422,32.43000030517578,31.920000076293945,31.75232696533203
2016/03/15,0.0,0.0,0.0,32.13999938964844,5655400.0,32.130001068115234,32.34000015258789,31.56999969482422,31.595041275024418
2016/03/16,0.0,0.0,0.1345375,33.099998474121094,9091100.0,31.899999618530273,33.209999084472656,31.75,32.53875732421875
2016/03/17,0.0,0.0,-0.14995,32.81999969482422,8842000.0,32.97999954223633,33.13999938964844,32.369998931884766,32.263511657714844
2016/03/18,0.4588,7.0,0.1247625,33.810001373291016,13637800.0,33.209999084472656,34.25,33.0,33.23672866821289
2016/03/21,0.7845,10.0,0.0359428571428571,33.90999984741211,8444500.0,33.5099983215332,33.91999816894531,33.150001525878906,33.33502197265625
2016/03/22,0.0,0.0,0.0,33.849998474121094,6050300.0,33.79999923706055,34.09000015258789,33.43000030517578,33.276039123535156
2016/03/23,-0.296,7.0,0.04354375,34.43000030517578,10725200.0,34.0,34.68000030517578,33.849998474121094,33.84620666503906
2016/03/24,0.0,0.0,0.25636,34.47999954223633,6123900.0,34.119998931884766,34.540000915527344,34.0099983215332,33.895362854003906
2016/03/28,0.0,14.0,0.04939,34.83000183105469,6634700.0,34.41999816894531,34.97999954223633,34.380001068115234,34.239437103271484
2016/03/29,0.0,0.0,0.3422,35.38999938964844,6545300.0,34.68000030517578,35.470001220703125,34.599998474121094,34.78993225097656
2016/03/30,0.0,0.0,0.0586538461538461,35.7599983215332,9417500.0,35.52000045776367,36.25,35.5,35.153656005859375
2016/03/31,0.0,0.0,-0.00955,35.630001068115234,9497100.0,35.91999816894531,36.0,35.349998474121094,35.02585983276367
2016/04/01,0.4019,10.0,0.07579,36.150001525878906,8707300.0,35.40999984741211,36.16999816894531,35.13999938964844,35.537052154541016
2016/04/04,0.0,0.0,-0.0122125,35.79999923706055,9848500.0,36.45000076293945,36.63999938964844,35.65999984741211,35.19297790527344
2016/04/05,0.34,10.0,0.0271538461538461,35.75,8489200.0,35.47999954223633,36.08000183105469,35.34000015258789,35.14382553100586
2016/04/06,-0.4939,7.0,0.1786888888888889,35.79999923706055,11334400.0,35.29999923706055,35.81999969482422,34.630001068115234,35.19297790527344
2016/04/07,0.0,0.0,-0.056478947368421,35.43000030517578,9452600.0,35.56999969482422,35.88999938964844,35.279998779296875,34.829261779785156
2016/04/08,0.0,0.0,0.1052538461538461,35.65999984741211,6398400.0,35.720001220703125,35.95000076293945,35.310001373291016,35.05535125732422
2016/04/11,0.0,0.0,-0.105375,35.880001068115234,9688100.0,35.869998931884766,36.470001220703125,35.7599983215332,35.27162170410156
2016/04/12,0.0,0.0,-0.142975,35.84000015258789,7319100.0,36.0,36.04999923706055,35.13999938964844,35.232303619384766
2016/04/13,0.0,0.0,0.02026,36.7400016784668,8767900.0,36.0,36.75,36.0,36.117042541503906
2016/04/14,0.0,0.0,0.13424,36.84000015258789,10414100.0,36.63999938964844,37.0,36.4900016784668,36.21535110473633
2016/04/15,0.0,0.0,0.0,37.130001068115234,10924300.0,36.83000183105469,37.459999084472656,36.709999084472656,36.500431060791016
2016/04/18,0.0,0.0,0.2307199999999999,36.970001220703125,7683000.0,37.060001373291016,37.060001373291016,36.61000061035156,36.34314727783203
2016/04/19,0.0,0.0,0.25526,36.310001373291016,7728800.0,37.11000061035156,37.18000030517578,36.08000183105469,35.6943359375
2016/04/20,0.0,0.0,0.0,36.45000076293945,5004300.0,36.25,36.66999816894531,36.209999084472656,35.83196258544922
2016/04/21,0.0,0.0,0.09878,36.40999984741211,4457000.0,36.459999084472656,36.630001068115234,36.25,35.79262924194336
2016/04/22,0.0,0.0,0.09878,36.27000045776367,5588500.0,36.529998779296875,36.779998779296875,36.150001525878906,35.65501022338867
2016/04/25,0.0,0.0,0.0,36.45000076293945,4799300.0,36.279998779296875,36.650001525878906,36.18000030517578,35.83196258544922
2016/04/26,0.0,0.0,0.0,36.47999954223633,5363400.0,36.66999816894531,37.09000015258789,36.31999969482422,35.8614501953125
2016/04/27,0.0,0.0,0.0903,37.310001373291016,8809900.0,36.38999938964844,37.33000183105469,36.31999969482422,36.6773796081543
2016/04/28,0.0,0.0,0.1339666666666666,36.20000076293945,9530600.0,37.08000183105469,37.29999923706055,36.11000061035156,35.58620834350586
2016/04/29,0.0,0.0,0.24695,35.529998779296875,8047600.0,36.04999923706055,36.130001068115234,35.13999938964844,34.92755889892578
2016/05/02,0.0,0.0,0.35714,36.0,6401900.0,35.869998931884766,36.220001220703125,35.70000076293945,35.38959503173828
2016/05/03,0.0,0.0,0.1060666666666666,35.56999969482422,5600600.0,35.59000015258789,35.7400016784668,35.2599983215332,34.966888427734375
2016/05/04,0.0,0.0,0.0,34.7599983215332,13144100.0,35.13999938964844,35.16999816894531,34.400001525878906,34.17061233520508
2016/05/05,0.0,0.0,-0.0953166666666666,34.970001220703125,6172100.0,35.04999923706055,35.380001068115234,34.709999084472656,34.3770637512207
2016/05/06,0.2023,7.0,0.05684,35.33000183105469,4581000.0,34.90999984741211,35.41999816894531,34.84000015258789,34.73095703125
2016/05/09,0.0,0.0,0.008,35.279998779296875,8333400.0,35.41999816894531,35.56999969482422,34.9900016784668,34.681800842285156
2016/05/10,0.0,0.0,0.2074,35.959999084472656,6741900.0,35.5,36.02000045776367,35.15999984741211,35.35026550292969
2016/05/11,-0.1779,7.0,0.0,36.060001373291016,8204400.0,36.06999969482422,36.459999084472656,35.869998931884766,35.44857406616211
2016/05/12,-0.1779,5.0,-0.06498,35.56999969482422,16763500.0,36.31999969482422,36.47999954223633,34.93000030517578,34.966888427734375
2016/05/13,0.12635625,5.875,0.2383441176470588,40.97999954223633,52756400.0,39.189998626708984,41.0,39.0,40.285152435302734
2016/05/16,0.0,0.0,-0.0206363636363636,42.189998626708984,24325800.0,40.66999816894531,42.79999923706055,40.540000915527344,41.47462844848633
2016/05/17,0.0,0.0,-0.1370833333333333,42.279998779296875,15709800.0,42.0,42.58000183105469,41.459999084472656,41.563106536865234
2016/05/18,0.0,0.0,0.0476454545454545,43.36000061035156,13526800.0,42.0,43.849998474121094,42.0,42.624794006347656
2016/05/19,0.0,0.0,0.1182727272727272,43.54999923706055,9972000.0,43.189998626708984,43.86000061035156,43.130001068115234,42.81157684326172
2016/05/20,0.0,30.0,0.0233885714285714,44.33000183105469,9777100.0,43.81999969482422,44.5099983215332,43.75,43.578346252441406
2016/05/23,0.0,0.0,0.1076882352941176,44.400001525878906,10340900.0,44.52000045776367,44.689998626708984,44.130001068115234,43.647159576416016
2016/05/24,0.0,0.0,0.1212363636363636,45.36000061035156,10394700.0,44.41999816894531,45.5,44.29999923706055,44.70668411254883
2016/05/25,0.0,0.0,0.1534125,45.16999816894531,11451900.0,45.5,45.689998626708984,44.810001373291016,44.5194091796875
2016/05/26,0.0,14.0,0.1896933333333333,45.650001525878906,7749100.0,45.25,45.97999954223633,45.119998931884766,44.99249649047851
2016/05/27,0.0,0.0,0.1945444444444444,45.900001525878906,6935400.0,45.70000076293945,45.970001220703125,45.54999923706055,45.23889923095703
2016/05/31,0.0,14.0,0.03088,46.720001220703125,10313100.0,46.099998474121094,46.81999969482422,46.06999969482422,46.047088623046875
2016/06/01,0.0,0.0,-0.044475,46.810001373291016,9678300.0,46.5,47.2599983215332,46.36000061035156,46.13579177856445
2016/06/02,0.0836,7.0,0.2946055555555555,47.13999938964844,8230200.0,47.060001373291016,47.540000915527344,46.599998474121094,46.46104431152344
2016/06/03,0.4404,7.0,-0.0700166666666666,46.47999954223633,11526900.0,46.68000030517578,46.7400016784668,45.65999984741211,45.810543060302734
2016/06/06,0.0,7.0,0.0608666666666666,46.2400016784668,8062800.0,46.599998474121094,46.959999084472656,46.0,45.57400894165039
2016/06/07,0.0,0.0,0.1366875,46.33000183105469,4835000.0,46.52000045776367,46.779998779296875,46.310001373291016,45.6627082824707
2016/06/08,0.0,0.0,0.1453,46.18000030517578,5865400.0,46.34000015258789,46.5099983215332,45.79999923706055,45.514862060546875
2016/06/09,0.0,0.0,0.0445523809523809,47.380001068115234,11804200.0,46.02000045776367,47.45000076293945,45.91999816894531,46.69758605957031
2016/06/10,0.0,0.0,-0.01613,46.20000076293945,10000600.0,46.81999969482422,47.2400016784668,46.13999938964844,45.53457260131836
2016/06/13,0.2023,7.0,0.22752,46.790000915527344,11889700.0,46.25,47.70000076293945,46.25,46.116092681884766
2016/06/14,0.0,0.0,-0.5256,46.880001068115234,7458600.0,46.68000030517578,47.099998474121094,46.15999984741211,46.20478439331055
2016/06/15,0.0,10.0,0.2491454545454545,47.36000061035156,7525900.0,47.27000045776367,47.77000045776367,46.75,46.67787170410156
2016/06/16,0.0,0.0,0.2655333333333333,47.54999923706055,6161400.0,47.0099983215332,47.630001068115234,46.54999923706055,46.86513137817383
2016/06/17,-0.2732,10.0,0.2054583333333333,46.720001220703125,11775000.0,47.61000061035156,47.619998931884766,46.529998779296875,46.047088623046875
2016/06/20,0.0,0.0,0.0015916666666666,47.560001373291016,7344200.0,47.470001220703125,48.16999816894531,47.439998626708984,46.875
2016/06/21,-0.5267,10.0,0.0555692307692307,47.27000045776367,5312700.0,47.7599983215332,47.88999938964844,47.20000076293945,46.58917236328125
2016/06/22,0.0,0.0,0.2042999999999999,47.22999954223633,5065500.0,47.369998931884766,47.68000030517578,47.150001525878906,46.54973983764648
2016/06/23,0.0,0.0,0.0,48.4900016784668,7447000.0,47.68000030517578,48.540000915527344,47.650001525878906,47.791603088378906
2016/06/24,0.0,0.0,0.160425,45.72999954223633,25442100.0,46.5,47.36000061035156,45.29999923706055,45.07134246826172
2016/06/27,0.0,0.0,0.44345,45.2400016784668,11227200.0,45.349998474121094,45.70000076293945,44.56999969482422,44.58840560913086
2016/06/28,0.0,0.0,0.2819833333333333,45.900001525878906,9548000.0,46.099998474121094,46.150001525878906,45.27000045776367,45.23889923095703
2016/06/29,0.0,0.0,0.2424714285714286,46.650001525878906,7973300.0,46.29999923706055,47.0099983215332,46.18000030517578,45.97809600830078
2016/06/30,0.25,14.0,0.0006083333333333,47.0099983215332,10773500.0,46.72999954223633,47.29999923706055,46.349998474121094,46.33292007446289
2016/07/01,0.0,0.0,0.3618625,46.65999984741211,5462200.0,46.75,47.36000061035156,46.5,45.987945556640625
2016/07/05,0.0,0.0,-0.2249555555555555,47.349998474121094,9277100.0,46.400001525878906,47.43000030517578,46.029998779296875,46.66801071166992
2016/07/06,0.0,0.0,-0.4707333333333333,47.650001525878906,6827600.0,47.02000045776367,47.93000030517578,46.779998779296875,46.96369934082031
2016/07/07,0.0,0.0,0.0036999999999999,48.88999938964844,9885000.0,47.970001220703125,49.060001373291016,47.75,48.18583679199219
2016/07/08,0.0,0.0,0.0895142857142857,50.849998474121094,12048300.0,49.40999984741211,51.09000015258789,49.220001220703125,50.11760330200195
2016/07/11,0.6124,7.0,0.3030416666666666,52.02000045776367,11219400.0,51.58000183105469,52.400001525878906,51.52000045776367,51.270755767822266
2016/07/12,0.0,0.0,0.10803,52.79999923706055,10919000.0,52.599998474121094,53.279998779296875,51.939998626708984,52.03951644897461
2016/07/13,0.0,0.0,0.135575,52.779998779296875,8115100.0,52.900001525878906,53.20000076293945,52.70000076293945,52.019813537597656
2016/07/14,0.0,0.0,-0.05687,53.31999969482422,7922300.0,53.060001373291016,53.79999923706055,52.619998931884766,52.55202865600586
2016/07/15,0.0,7.0,0.11725,52.70000076293945,10715400.0,52.63999938964844,52.939998626708984,51.84000015258789,51.94095993041992
2016/07/18,0.0,0.0,0.30420625,52.970001220703125,6324800.0,53.349998474121094,53.43000030517578,52.77000045776367,52.207069396972656
2016/07/19,0.0,0.0,0.3344333333333333,53.52000045776367,9566300.0,52.939998626708984,53.72999954223633,52.84000015258789,52.74915313720703
2016/07/20,0.0,0.0,0.0616,54.220001220703125,7411500.0,53.70000076293945,54.5099983215332,53.47999954223633,53.439064025878906
2016/07/21,-0.5267,7.0,-0.1131399999999999,53.220001220703125,9032700.0,54.099998474121094,54.27000045776367,53.040000915527344,52.45347213745117
2016/07/22,0.0,0.0,0.35227,54.66999816894531,7894200.0,53.40999984741211,54.66999816894531,53.02000045776367,53.88258743286133
2016/07/25,0.0,0.0,-0.0533875,55.68000030517578,7813200.0,55.0,55.810001373291016,54.7599983215332,54.87803649902344
2016/07/26,0.0,0.0,0.1454555555555555,56.630001068115234,12862700.0,56.16999816894531,56.91999816894531,56.09000015258789,55.81435775756836
2016/07/27,0.0,0.0,0.1114928571428571,56.060001373291016,11166900.0,57.119998931884766,57.220001220703125,55.720001220703125,55.252567291259766
2016/07/28,0.0,0.0,-0.0027727272727272,56.18000030517578,5547900.0,56.189998626708984,56.599998474121094,56.0099983215332,55.37084197998047
2016/07/29,0.0,0.0,0.22081,57.099998474121094,10239700.0,56.38999938964844,57.25,55.380001068115234,56.27758026123047
2016/08/01,0.0,0.0,0.2586615384615384,56.72999954223633,7528000.0,57.34000015258789,57.54999923706055,56.36000061035156,55.91291427612305
2016/08/02,0.0,0.0,0.1458,56.040000915527344,7068700.0,57.0,57.029998779296875,55.5,55.23284530639648
2016/08/03,0.0,0.0,0.0,56.189998626708984,7495700.0,55.970001220703125,56.29999923706055,55.65999984741211,55.38068771362305
2016/08/04,0.0,0.0,0.0852,57.22999954223633,6817800.0,56.459999084472656,57.4900016784668,56.349998474121094,56.40571212768555
2016/08/05,0.0,0.0,0.04526,58.20000076293945,9289700.0,57.88999938964844,58.22999954223633,57.61000061035156,57.36174011230469
2016/08/08,0.0,0.0,0.1987,58.7400016784668,7626600.0,59.0,59.13999938964844,58.119998931884766,57.89396667480469
2016/08/09,0.0,0.0,-0.0063928571428571,58.88999938964844,9308600.0,59.029998779296875,59.459999084472656,58.7400016784668,58.04180908203125
2016/08/10,0.0,7.0,0.2150444444444444,58.5099983215332,9393500.0,59.40999984741211,59.5,58.31999969482422,57.667274475097656
2016/08/11,0.064,6.5,0.0212833333333333,59.70000076293945,17026600.0,58.81999969482422,59.95000076293945,58.70000076293945,58.84014129638672
2016/08/12,-0.0754333333333333,11.333333333333334,0.2338380952380952,63.040000915527344,35643600.0,61.900001525878906,63.380001068115234,60.630001068115234,62.13203048706055
2016/08/15,0.0,0.0,0.1759708333333333,62.97999954223633,14332600.0,63.11000061035156,63.5,62.130001068115234,62.07289505004883
2016/08/16,0.0,0.0,-0.1998,62.599998474121094,7191300.0,62.88999938964844,62.9900016784668,62.40999984741211,61.698368072509766
2016/08/17,0.6705,7.0,0.2508133333333333,61.150001525878906,14880300.0,62.599998474121094,62.7400016784668,60.65999984741211,60.26925277709961
2016/08/18,0.0,0.0,0.4696375,62.099998474121094,8292100.0,61.060001373291016,62.20000076293945,60.81999969482422,61.20556640625
2016/08/19,0.0,7.0,-0.0516,62.2599983215332,7289000.0,62.06999969482422,62.72999954223633,61.79999923706055,61.36326217651367
2016/08/22,0.0,0.0,0.3205666666666666,62.52000045776367,6118700.0,62.45000076293945,62.61000061035156,61.709999084472656,61.6195182800293
2016/08/23,0.0,10.0,0.08325,62.90999984741211,8494100.0,63.040000915527344,63.31999969482422,62.72999954223633,62.1181640625
2016/08/24,0.0,10.0,0.0552615384615384,61.939998626708984,7461200.0,63.130001068115234,63.15999984741211,61.650001525878906,61.16037368774414
2016/08/25,0.0,0.0,0.1546666666666666,61.529998779296875,10150800.0,61.959999084472656,61.9900016784668,60.7599983215332,60.75553512573242
2016/08/26,0.0,0.0,0.01682,62.029998779296875,7500600.0,61.689998626708984,62.380001068115234,61.20000076293945,61.249237060546875
2016/08/29,0.0,0.0,0.1824833333333333,61.9900016784668,6866300.0,62.279998779296875,62.529998779296875,61.88999938964844,61.20975112915039
2016/08/30,0.0,0.0,0.32749375,61.630001068115234,7138600.0,61.90999984741211,62.2400016784668,61.459999084472656,60.854270935058594
2016/08/31,0.0,0.0,-0.0252666666666666,61.34000015258789,9713600.0,61.75,61.91999816894531,61.15999984741211,60.56792068481445
2016/09/01,0.0,0.0,-0.0132411764705882,63.150001525878906,10712300.0,61.38999938964844,63.380001068115234,61.34000015258789,62.35514068603515
2016/09/02,0.0,0.0,0.2934454545454545,62.529998779296875,8078700.0,63.279998779296875,63.349998474121094,61.81999969482422,61.74294662475586
2016/09/06,0.0,0.0,0.1166863636363636,63.119998931884766,7670300.0,62.75,63.119998931884766,62.43000030517578,62.32551956176758
2016/09/07,0.2023,10.0,0.03905,62.189998626708984,9949700.0,62.91999816894531,63.22999954223633,61.83000183105469,61.4072151184082
2016/09/08,0.0,0.0,0.2134944444444444,62.63999938964844,7895200.0,62.130001068115234,62.7400016784668,61.41999816894531,61.851558685302734
2016/09/09,0.4562,15.666666666666666,0.0705181818181818,59.52000045776367,17444000.0,61.95000076293945,62.29999923706055,59.0,58.77083587646485
2016/09/12,0.2023,3.0,-0.0201428571428571,60.75,14956500.0,58.72999954223633,60.869998931884766,57.31999969482422,59.9853515625
2016/09/13,0.0,0.0,0.1060236842105263,59.869998931884766,11794200.0,60.599998474121094,61.29999923706055,59.529998779296875,59.116424560546875
2016/09/14,0.0,0.0,0.19050625,60.400001525878906,7976200.0,60.0099983215332,60.599998474121094,59.5099983215332,59.63975143432617
2016/09/15,0.0,0.0,0.0999166666666666,62.689998626708984,12880300.0,60.5,62.7599983215332,60.36000061035156,61.90093231201172
2016/09/16,0.0,0.0,0.1567724137931034,62.84000015258789,22561100.0,62.90999984741211,63.25,62.119998931884766,62.04904556274414
2016/09/19,0.0,5.0,0.0445962962962962,63.66999816894531,10428200.0,63.5,65.26000213623047,63.209999084472656,62.868595123291016
2016/09/20,0.0,4.0,-0.08097,63.09000015258789,8277800.0,64.4000015258789,64.4000015258789,62.7400016784668,62.2958984375
2016/09/21,0.0,0.0,0.0149399999999999,64.86000061035156,8405300.0,63.279998779296875,64.9800033569336,63.27000045776367,64.0436019897461
2016/09/22,0.0,7.0,0.0735153846153846,65.0199966430664,7718300.0,65.23999786376953,65.44000244140625,64.6500015258789,64.20160675048828
2016/09/23,0.0,7.0,0.2296157894736842,64.94999694824219,6903300.0,65.0999984741211,65.29000091552734,64.66000366210938,64.13248443603516
2016/09/26,0.0,0.0,0.1929078947368421,64.33999633789062,5751000.0,64.20999908447266,64.5999984741211,63.529998779296875,63.5301628112793
2016/09/27,0.0,0.0,0.2251925,66.54000091552734,10068800.0,64.08999633789062,66.63999938964844,64.05999755859375,65.70246124267578
2016/09/28,0.0,30.0,0.0859159999999999,66.77999877929688,7994700.0,66.63999938964844,66.83000183105469,65.93000030517578,65.939453125
2016/09/29,0.0,0.0,0.0707315789473684,67.4000015258789,8417100.0,66.66999816894531,67.61000061035156,66.05000305175781,66.55166625976562
2016/09/30,0.10115,7.0,0.1377771428571428,68.5199966430664,10748300.0,67.7699966430664,69.19000244140625,67.37000274658203,67.65754699707031
2016/10/03,0.0,0.0,0.1699416666666666,68.44999694824219,6064900.0,68.5199966430664,69.51000213623047,68.33000183105469,67.58843231201172
2016/10/04,0.0,0.0,0.1941423076923077,68.30000305175781,7040600.0,68.55000305175781,69.69999694824219,67.79000091552734,67.4403305053711
2016/10/05,0.0,0.0,0.1848083333333333,68.2300033569336,7636000.0,68.87999725341797,69.58000183105469,68.0199966430664,67.37120056152344
2016/10/06,0.0,0.0,0.1782875,67.33999633789062,9005300.0,67.41000366210938,67.83000183105469,66.26000213623047,66.49240112304688
2016/10/07,-0.4019,10.0,0.1525055555555555,66.8499984741211,7156500.0,67.79000091552734,67.97000122070312,66.66000366210938,66.00857543945312
2016/10/10,0.0,0.0,0.1406368421052631,67.0999984741211,7196900.0,67.19999694824219,67.55999755859375,66.47000122070312,66.25541687011719
2016/10/11,0.7269,10.0,0.1341342857142857,66.12999725341797,9713500.0,66.87999725341797,66.9800033569336,65.62000274658203,65.2976303100586
2016/10/12,0.0,0.0,0.1554857142857142,66.43000030517578,10498000.0,65.86000061035156,66.77999877929688,65.30999755859375,65.59385681152344
2016/10/13,0.0,0.0,-0.29895,65.3499984741211,9752900.0,65.6500015258789,65.80000305175781,63.70000076293945,64.52745056152344
2016/10/14,0.0,0.0,0.11566,65.98999786376953,8265900.0,66.1500015258789,66.5999984741211,65.5999984741211,65.15939331054688
2016/10/17,0.0,0.0,0.0503571428571428,65.61000061035156,4883200.0,65.9800033569336,66.5999984741211,65.5199966430664,64.78417205810547
2016/10/18,0.0,0.0,0.0482864864864864,66.61000061035156,6734300.0,66.5199966430664,66.98999786376953,66.25,65.77161407470703
2016/10/19,0.0,0.0,0.1086052631578947,66.47000122070312,4976500.0,66.16000366210938,66.77999877929688,65.81999969482422,65.63335418701172
2016/10/20,0.2023,10.0,0.1842023255813953,67.7300033569336,7802100.0,67.25,67.94999694824219,66.30000305175781,66.87748718261719
2016/10/21,0.3941,8.5,0.1772214285714285,67.54000091552734,6987700.0,67.48999786376953,67.66000366210938,66.9000015258789,66.68989562988281
2016/10/24,0.0,0.0,0.318034,70.70999908447266,8495900.0,68.0,70.79000091552734,67.98999786376953,69.81997680664062
2016/10/25,0.5859,5.0,0.0325488372093023,71.87000274658203,9936500.0,70.58999633789062,72.30000305175781,70.25,70.96541595458984
2016/10/26,0.0,0.0,0.1322756756756756,72.16000366210938,8344800.0,71.2699966430664,72.94999694824219,71.19999694824219,71.25175476074219
2016/10/27,0.0,0.0,-0.0131038461538461,70.68000030517578,9716600.0,72.70999908447266,72.8499984741211,70.38999938964844,69.79035949707031
2016/10/28,0.0,0.0,0.07361,70.55999755859375,7271400.0,71.0199966430664,72.0999984741211,70.43000030517578,69.67188262939453
2016/10/31,0.0,0.0,0.2826739130434783,71.16000366210938,6309700.0,70.79000091552734,71.62999725341797,70.75,70.26432800292969
2016/11/01,0.0,0.0,0.0,69.05000305175781,11830600.0,71.41999816894531,71.80999755859375,68.29000091552734,68.1808853149414
2016/11/02,0.0,7.0,0.01706,68.76000213623047,7396200.0,69.58000183105469,70.5199966430664,68.63999938964844,67.89454650878906
2016/11/03,0.3182,8.5,0.15340625,67.95999908447266,7741600.0,69.08000183105469,69.13999938964844,66.63999938964844,67.10459899902344
2016/11/04,0.0,0.0,0.328485,67.56999969482422,8219500.0,67.51000213623047,68.7300033569336,66.58000183105469,66.71952056884766
2016/11/07,0.4767,5.0,0.1021416666666666,71.2699966430664,12189500.0,69.55000305175781,71.72000122070312,69.5,70.37293243408203
2016/11/08,0.0,5.0,0.2217787878787878,71.16000366210938,10747100.0,71.54000091552734,71.7699966430664,70.5,70.26432800292969
2016/11/09,0.0,7.0,0.2715,69.95999908447266,11413300.0,69.2300033569336,70.9000015258789,68.72000122070312,69.07942962646484
2016/11/10,0.148,6.5,0.1436475,67.7699966430664,21732000.0,71.48999786376953,71.5,66.76000213623047,66.9169921875
2016/11/11,-0.148,4.5,0.0839149253731343,87.97000122070312,54383600.0,79.51000213623047,88.7699966430664,78.5,86.86274719238281
2016/11/14,0.0,7.0,0.1153714285714285,83.63999938964844,33719900.0,88.08999633789062,88.19000244140625,83.62000274658203,82.58723449707031
2016/11/15,0.0,0.0,0.1551953125,86.19000244140625,15652300.0,84.29000091552734,87.44999694824219,83.93000030517578,85.10514068603516
2016/11/16,0.25,5.0,0.2710906976744186,91.62999725341795,24699600.0,87.33999633789062,92.55999755859376,86.3499984741211,90.4766616821289
2016/11/17,0.25,5.0,0.3591239130434783,92.38999938964844,20824700.0,92.30999755859376,94.79000091552734,90.6500015258789,91.22710418701172
2016/11/18,0.0,0.0,0.2053641025641025,93.36000061035156,14401500.0,92.38999938964844,94.33000183105467,91.8000030517578,92.18489837646484
2016/11/21,0.0,0.0,0.0232121951219512,92.9800033569336,10910900.0,94.08999633789062,94.3499984741211,92.4000015258789,91.80967712402344
2016/11/22,0.21075,7.0,0.4539809523809524,93.6500015258789,8259200.0,93.3000030517578,93.73999786376952,92.37999725341795,92.4712371826172
2016/11/23,0.0,0.0,0.0984,93.97000122070312,11080900.0,93.72000122070312,95.25,92.7699966430664,92.92611694335938
2016/11/25,0.0,0.0,0.2202777777777778,94.16000366210938,4889100.0,94.41999816894533,95.0999984741211,93.41000366210938,93.11404418945312
2016/11/28,0.0,0.0,0.38749,94.11000061035156,6968400.0,93.87000274658205,94.73999786376952,93.5999984741211,93.0645751953125
2016/11/29,-0.5267,30.0,0.067953125,93.25,11114200.0,94.0,94.44000244140624,92.52999877929688,92.21412658691406
2016/11/30,-0.296,30.0,0.1306727272727272,92.1999969482422,11012500.0,93.5999984741211,94.16000366210938,92.0999984741211,91.17578887939452
2016/12/01,0.0,10.0,0.1219162162162162,87.63999938964844,25888100.0,92.0999984741211,92.16999816894533,84.7699966430664,86.66646575927734
2016/12/02,0.0,0.0,0.3596147058823529,88.44999694824219,11957300.0,86.25,88.80000305175781,85.12000274658203,87.46745300292969
2016/12/05,0.0,0.0,0.2662259259259259,91.87999725341795,15057100.0,89.98999786376953,92.61000061035156,89.0,90.85934448242188
2016/12/06,0.0,0.0,0.2346481481481481,93.38999938964844,12469900.0,92.20999908447266,93.7300033569336,91.56999969482422,92.35257720947266
2016/12/07,0.0,0.0,0.4733928571428571,95.06999969482422,12020100.0,92.83999633789062,95.3000030517578,92.0999984741211,94.01393127441406
2016/12/08,0.0,0.0,0.09215,93.4800033569336,9538600.0,95.19000244140624,96.62000274658205,93.0500030517578,92.44158935546876
2016/12/09,0.2023,7.0,0.1889714285714285,91.81999969482422,9557800.0,94.1999969482422,94.2699966430664,90.70999908447266,90.80003356933594
2016/12/12,0.0,0.0,0.17295,89.58999633789062,15033300.0,89.8499984741211,89.94999694824219,87.54000091552734,88.59480285644531
2016/12/13,0.0,0.0,0.1154846153846154,91.16999816894533,9694900.0,90.08999633789062,92.29000091552734,90.05000305175781,90.15723419189452
2016/12/14,0.2235,7.0,0.2537,96.4499969482422,24599500.0,92.54000091552734,97.11000061035156,91.56999969482422,95.37858581542967
2016/12/15,0.17,4.0,0.1730093333333333,98.70999908447266,18663700.0,96.9000015258789,99.94000244140624,96.5999984741211,97.61348724365234
2016/12/16,0.0,10.0,0.149953488372093,100.41000366210938,27238200.0,99.83000183105467,100.6999969482422,97.7300033569336,99.29460906982422
2016/12/19,0.0,0.0,0.2391474999999999,101.62999725341795,18616400.0,99.6999969482422,102.4499969482422,99.0,100.50105285644533
2016/12/20,0.2244,7.25,0.1136566666666666,105.16999816894533,21201400.0,104.58000183105467,106.12999725341795,104.12000274658205,104.00172424316406
2016/12/21,0.6249,7.0,0.0650619047619047,105.83000183105467,14403400.0,105.63999938964844,105.9499969482422,103.70999908447266,104.65437316894533
2016/12/22,-0.10115,8.5,0.153956,107.11000061035156,17965300.0,106.81999969482422,108.87000274658205,106.52999877929688,105.92017364501952
2016/12/23,0.1348666666666666,10.333333333333334,0.1698470588235294,109.77999877929688,16192300.0,106.37999725341795,109.83999633789062,106.2699966430664,108.56051635742188
2016/12/27,0.0,0.0,0.2284854368932038,117.31999969482422,29856800.0,112.05999755859376,117.36000061035156,111.22000122070312,116.01675415039062
2016/12/28,0.1311374999999999,7.25,0.1684781818181818,109.25,57394100.0,119.5999984741211,119.93000030517578,108.69000244140624,108.03640747070312
2016/12/29,-0.209025,6.5,0.040990909090909,111.43000030517578,54384200.0,104.9000015258789,111.48999786376952,102.8000030517578,110.1921844482422
2016/12/30,0.0369749999999999,9.5,0.1895855421686747,106.73999786376952,30323300.0,111.3499984741211,111.91999816894533,106.3000030517578,105.55426788330078