date,mean_compound_reuters,mean_compound_guardian,mean_compound_cnbc,mean_compound_other,mean_compound_twitter,Adj Close
2015/01/02,0.0,0.0,0.0,0.11748,0.1048994252873563,15.425999641418455
2015/01/05,0.0,0.0,0.0,0.0,0.1541224199288256,15.10949993133545
2015/01/06,0.0,0.0,0.0,0.5267,0.1153718446601941,14.76449966430664
2015/01/07,0.0,0.0,0.0,0.1779,0.0438577319587628,14.92099952697754
2015/01/08,0.0,0.0,0.0,0.0,0.1012320930232558,15.02299976348877
2015/01/09,0.0,0.0,0.0,0.0,0.1121960975609756,14.846500396728516
2015/01/12,0.0,0.0,0.0,-0.34,0.1525252173913043,14.570500373840332
2015/01/13,0.0,0.0,0.0,0.0,0.1469399515738498,14.737000465393066
2015/01/14,0.0,0.0,0.0,0.0,0.115669014084507,14.66349983215332
2015/01/15,0.0,0.0,0.0,0.0,0.0958510714285714,14.34749984741211
2015/01/16,0.0,0.0,0.0,0.5719,0.0672034161490683,14.536999702453612
2015/01/20,0.0,0.0,0.0,0.0,0.1813348017621145,14.472000122070312
2015/01/21,0.0,0.0,0.0,0.4478999999999999,0.1642928571428571,14.862500190734863
2015/01/22,0.0,0.0,0.0,0.1779,0.0775246323529411,15.515999794006348
2015/01/23,0.0,0.0,0.0,0.0,0.0983872180451127,15.619500160217283
2015/01/26,0.0,0.0,0.0,0.4074,0.1186372448979591,15.482999801635742
2015/01/27,0.0,0.0,0.0,0.0,0.1120647773279352,15.337499618530272
2015/01/28,0.0,0.0,0.0,-0.4019,0.1779697986577181,15.195500373840332
2015/01/29,0.0,0.0,0.0,0.0456,0.1423453947368421,15.58899974822998
2015/01/30,0.0,0.0,0.0,0.4040928571428571,0.1474283569641367,17.726499557495117
2015/02/02,0.0,0.0,0.0,0.0,0.1339143678160919,18.223499298095703
2015/02/03,0.0,0.0,0.0,0.2348666666666666,0.1568548098434004,18.177499771118164
2015/02/04,0.0,0.0,0.0,0.3612,0.1115232081911262,18.237499237060547
2015/02/05,0.0,0.0,0.0,0.02965,0.1396109625668449,18.694499969482425
2015/02/06,0.0,0.0,0.0,0.14404,0.1035140449438202,18.714000701904297
2015/02/09,0.0,0.0,0.0,0.0,0.1564543010752688,18.527999877929688
2015/02/10,0.0,0.0,0.0,0.34,0.1220847826086956,18.649999618530273
2015/02/11,0.0,0.0,0.0,0.0,0.0948043956043956,18.756999969482425
2015/02/12,0.0,0.0,0.0,0.0,0.1251168421052631,18.85849952697754
2015/02/13,0.0,0.0,0.0,0.1779,0.1368531400966183,19.09149932861328
2015/02/17,0.0,0.0,0.0,0.1339666666666666,0.1276388489208633,18.771499633789062
2015/02/18,0.0,0.0,0.0,0.1193,0.1843447236180904,18.668500900268555
2015/02/19,0.0,0.0,0.0,0.50702,0.093087542087542,18.950000762939453
2015/02/20,0.0,0.0,0.0,0.296,0.0936059925093632,19.183000564575195
2015/02/23,0.0,0.0,0.0,0.0,0.1213610465116278,19.006999969482425
2015/02/24,0.0,0.0,0.0,0.6908,0.1538986394557823,18.929500579833984
2015/02/25,0.0,0.0,0.0,0.1779,0.1639765873015873,19.26849937438965
2015/02/26,0.0,0.0,0.0,0.0,0.1142532,19.239999771118164
2015/02/27,0.0,0.0,0.0,0.6124,0.0914863157894737,19.007999420166016
2015/03/02,0.0,0.0,0.0,0.0,0.0898699507389162,19.28300094604492
2015/03/03,0.0,0.0,0.0,0.0,0.1788828193832599,19.230499267578125
2015/03/04,0.0,0.0,0.0,0.1779,0.0851744604316546,19.13599967956543
2015/03/05,0.0,0.0,0.0,0.0,0.0741910652920962,19.39150047302246
2015/03/06,0.0,0.0,0.0,0.1779,0.0883112676056338,19.004499435424805
2015/03/09,0.0,0.0,0.0,0.0,0.0691651376146788,18.92799949645996
2015/03/10,0.0,0.0,0.0,0.1779,0.0708476415094339,18.475500106811523
2015/03/11,0.0,0.0,0.0,-0.0290999999999999,0.099629081632653,18.318500518798828
2015/03/12,0.0,0.0,0.0,0.66318,0.1148738461538461,18.711999893188477
2015/03/13,0.0,0.0,0.0,0.0,0.1130331288343558,18.52899932861328
2015/03/16,0.0,0.0,0.0,0.1779,0.0449049999999999,18.667499542236328
2015/03/17,0.0,0.0,0.0,0.0,0.0753474308300395,18.59600067138672
2015/03/18,0.0,0.0,0.0,0.0,0.1417495327102803,18.756999969482425
2015/03/19,0.0,0.0,0.0,0.4014,0.1769588028169014,18.66200065612793
2015/03/20,0.0,0.0,0.0,0.0,0.1554008823529412,18.92449951171875
2015/03/23,0.0,0.0,0.0,0.0,0.1199204081632653,18.75550079345703
2015/03/24,0.0,0.0,0.0,0.0,0.0824845493562231,18.704500198364254
2015/03/25,0.0,0.0,0.0,0.0,0.1251214285714285,18.54800033569336
2015/03/26,0.0,0.0,0.0,0.0,0.1629995967741935,18.36750030517578
2015/03/27,0.0,0.0,0.0,-0.24695,0.1149746428571428,18.527999877929688
2015/03/30,0.0,0.0,0.0,0.0,0.1523461165048543,18.72949981689453
2015/03/31,0.0,0.0,0.0,0.0,0.0996416149068323,18.604999542236328
2015/04/01,0.0,0.0,0.0,0.1779,0.1195270676691729,18.51300048828125
2015/04/02,0.0,0.0,0.0,0.1027,0.1065170124481327,18.612499237060547
2015/04/06,0.0,0.0,0.0,0.0,0.1426555555555555,18.85199928283691
2015/04/07,0.0,0.0,0.0,0.0593,0.2014509677419355,18.72050094604492
2015/04/08,0.0,0.0,0.0,0.08895,0.1076067193675889,19.059999465942383
2015/04/09,0.0,0.0,0.0,0.1779,0.086985,19.177000045776367
2015/04/10,0.0,0.0,0.0,0.2732,0.1958987551867219,19.13249969482422
2015/04/13,0.0,0.0,0.0,0.0043499999999999,0.0671158415841584,19.118000030517575
2015/04/14,0.0,0.0,0.0,0.1860333333333333,0.1263657342657342,19.25550079345703
2015/04/15,0.0,0.0,0.0,0.1779,0.1225297709923664,19.17250061035156
2015/04/16,0.0,0.0,0.0,0.6124,0.1111825531914893,19.302000045776367
2015/04/17,0.0,0.0,0.0,0.1779,0.1320579136690647,18.777999877929688
2015/04/20,0.0,0.0,0.0,0.0,0.0698868493150685,19.475500106811523
2015/04/21,0.0,0.0,0.0,0.1779,0.08374859437751,19.55900001525879
2015/04/22,0.0,0.0,0.0,0.5013000000000001,0.0973670846394984,19.489999771118164
2015/04/23,0.0,0.0,0.0,0.2206666666666666,0.1153682242990654,19.499500274658203
2015/04/24,0.0,0.0,0.0,0.4078384615384615,0.1550522727272727,22.2549991607666
2015/04/27,0.0,0.0,0.0,0.4939,0.0848277777777777,21.92799949645996
2015/04/28,0.0,0.0,0.0,0.0,0.1517573913043478,21.465499877929688
2015/04/29,0.0,0.0,0.0,0.1779,0.0988940397350993,21.4685001373291
2015/04/30,0.0,0.0,0.0,0.0,0.1699612546125461,21.089000701904297
2015/05/01,0.0,0.0,0.0,0.1628,0.179588671875,21.14349937438965
2015/05/04,0.0,0.0,0.0,0.36744,0.1265344398340249,21.152000427246097
2015/05/05,0.0,0.0,0.0,0.2406545454545454,0.14223,21.059499740600582
2015/05/06,0.0,0.0,0.0,0.1779,0.0996452662721893,20.954999923706055
2015/05/07,0.0,0.0,0.0,0.0,0.1370345454545454,21.3439998626709
2015/05/08,0.0,0.0,0.0,0.1779,0.0964517482517482,21.684499740600582
2015/05/11,0.0,0.0,0.0,0.5859,0.1154583643122676,21.642499923706055
2015/05/12,0.0,0.0,0.0,0.1779,0.1311254385964912,21.551000595092773
2015/05/13,0.0,0.0,0.0,0.5859,0.1501927272727272,21.3435001373291
2015/05/14,0.0,0.0,0.0,0.0593,0.0994212686567164,21.61400032043457
2015/05/15,0.0,0.0,0.0,0.3182,0.116538255033557,21.299999237060547
2015/05/18,0.0,0.0,0.0,0.0,0.1010746478873239,21.261999130249023
2015/05/19,0.0,0.0,0.0,-0.0260333333333333,0.1615407692307692,21.08550071716309
2015/05/20,0.0,0.0,0.0,0.5423,0.1027808791208791,21.19300079345703
2015/05/21,0.0,0.0,0.0,0.7395666666666667,0.1435388663967611,21.581499099731445
2015/05/22,0.0,0.0,0.0,0.0266375,0.1203801566579634,21.381500244140625
2015/05/26,0.0,0.0,0.0,0.1779,0.0697183529411764,21.273500442504883
2015/05/27,0.0,0.0,0.0,0.0,0.1264416666666666,21.570999145507812
2015/05/28,0.0,0.0,0.0,0.02766,0.1715023136246786,21.328500747680664
2015/05/29,0.0,0.0,0.0,0.1779,0.1328045070422535,21.46150016784668
2015/06/01,0.0,0.0,0.0,0.0,0.1648826923076923,21.54599952697754
2015/06/02,0.0,0.0,0.0,0.0,0.1435075418994413,21.54949951171875
2015/06/03,0.0,0.0,0.0,0.1779,0.134024449339207,21.829500198364254
2015/06/04,0.0,0.0,0.0,0.0,0.1553473239436619,21.538999557495117
2015/06/05,0.0,0.0,0.0,0.0,0.1038119496855345,21.34749984741211
2015/06/08,0.0,0.0,0.0,0.1545,0.1477850282485875,21.174999237060547
2015/06/09,0.0,0.0,0.0,0.1779,0.120176728110599,21.27400016784668
2015/06/10,0.0,0.0,0.0,0.0,0.1844541772151898,21.53849983215332
2015/06/11,0.0,0.0,0.0,0.2732,0.1430524904214559,21.648500442504883
2015/06/12,0.0,0.0,0.0,0.1779,0.13546706231454,21.496000289916992
2015/06/15,0.0,0.0,0.0,0.0,0.1322981382978723,21.183500289916992
2015/06/16,0.0,0.0,0.0,0.1023166666666666,0.097734335839599,21.363000869750977
2015/06/17,0.0,0.0,0.0,0.0,0.118719794344473,21.39049911499023
2015/06/18,0.0,0.0,0.0,0.0516,0.152151663405088,21.969499588012695
2015/06/19,0.0,0.0,0.0,0.0222375,0.136373645320197,21.746000289916992
2015/06/22,0.0,0.0,0.0,0.2805428571428571,0.1161936675461741,21.81450080871582
2015/06/23,0.0,0.0,0.0,-0.4767,0.1348102420856611,22.29949951171875
2015/06/24,0.0,0.0,0.0,-0.0767799999999999,0.1442442176870748,22.04199981689453
2015/06/25,0.0,0.0,0.0,0.011325,0.1560569037656904,22.0049991607666
2015/06/26,0.0,0.0,0.0,0.0,0.1397545454545454,21.905000686645508
2015/06/29,0.0,0.0,0.0,0.4846,0.1709222527472527,21.493000030517575
2015/06/30,0.0,0.0,0.0,0.0593,0.1902565048543689,21.704500198364254
2015/07/01,0.0,0.0,0.0,0.0,0.1441284090909091,21.86949920654297
2015/07/02,0.0,0.0,0.0,0.0,0.2100240506329113,21.885499954223633
2015/07/06,0.0,0.0,0.0,-0.2433444444444444,0.249728855721393,21.802000045776367
2015/07/07,0.0,0.0,0.0,0.1779,0.1676854320987654,21.836000442504883
2015/07/08,0.0,0.0,0.0,0.07116,0.2000774193548387,21.48500061035156
2015/07/09,0.0,0.0,0.0,0.07116,0.1604098039215686,21.719499588012695
2015/07/10,0.0,0.0,0.0,0.0,0.1459578512396694,22.175500869750977
2015/07/13,0.0,0.0,0.0,0.1779,0.185758275058275,22.778499603271484
2015/07/14,0.0,0.0,0.0,0.28924,0.1798345351043643,23.278499603271484
2015/07/15,0.0,0.0,0.0,0.0,0.1685279754601227,23.059499740600582
2015/07/16,0.0,0.0,0.0,0.0,0.1263056701030928,23.77400016784668
2015/07/17,0.0,0.0,0.0,0.4568,0.1589952380952381,24.15049934387207
2015/07/20,0.0,0.0,0.0,0.1132090909090909,0.1779118673647469,24.405000686645508
2015/07/21,0.0,0.0,0.0,0.0,0.1732534988713318,24.399999618530273
2015/07/22,0.0,0.0,0.0,0.0,0.1405312227074235,24.41349983215332
2015/07/23,0.0,0.0,0.0,-0.34338,0.2008180416666666,24.108999252319336
2015/07/24,0.0,0.0,0.0,0.3514625,0.1939142599277978,26.47100067138672
2015/07/27,0.0,0.0,0.0,0.044475,0.1359038812785388,26.570499420166016
2015/07/28,0.0,0.0,0.0,0.1779,0.1444936974789916,26.30150032043457
2015/07/29,0.0,0.0,0.0,0.1779,0.1269175627240143,26.450000762939453
2015/07/30,0.0,0.0,0.0,0.3292666666666666,0.1311554474708171,26.83799934387207
2015/07/31,0.0,0.0,0.0,-0.0258,0.0883662763466042,26.8075008392334
2015/08/03,0.0,0.0,0.0,0.1779,0.1228766233766233,26.75149917602539
2015/08/04,0.0,0.0,0.0,0.2941666666666666,0.1846048387096774,26.594999313354492
2015/08/05,0.0,0.0,0.0,0.5574,0.1761626543209876,26.850500106811523
2015/08/06,0.0,0.0,0.0,0.0,0.1191242352941176,26.472999572753903
2015/08/07,0.0,0.0,0.0,0.0,0.1099997840172786,26.131000518798828
2015/08/10,0.0,0.0,0.0,0.0,0.1159967441860465,26.200000762939453
2015/08/11,0.0,0.0,0.0,0.0,0.1271873188405797,26.37299919128418
2015/08/12,0.0,0.0,0.0,0.0,0.097117716535433,26.295499801635746
2015/08/13,0.0,0.0,0.0,0.1779,0.0982277008310249,26.482999801635746
2015/08/14,0.0,0.0,0.0,0.1779,0.0831975476839237,26.576000213623047
2015/08/17,0.0,0.0,0.0,0.039075,0.1069066361556064,26.76099967956543
2015/08/18,0.0,0.0,0.0,0.0,0.1050550239234449,26.750999450683594
2015/08/19,0.0,0.0,0.0,0.0,0.1534580756013746,26.645999908447266
2015/08/20,0.0,0.0,0.0,0.0,0.0656615702479338,25.788999557495117
2015/08/21,0.0,0.0,0.0,0.315,0.1033578947368421,24.723499298095703
2015/08/24,0.0,0.0,0.0,-0.1482399999999999,0.0536365671641791,23.168500900268555
2015/08/25,0.0,0.0,0.0,0.272775,0.137435,23.318500518798828
2015/08/26,0.0,0.0,0.0,0.14774,0.0949501436781609,25.03849983215332
2015/08/27,0.0,0.0,0.0,-0.0091666666666666,0.110520294599018,25.918500900268555
2015/08/28,0.0,0.0,0.0,0.286525,0.1026053254437869,25.90049934387207
2015/08/31,0.0,0.0,0.0,0.08895,0.1638487421383647,25.644500732421875
2015/09/01,0.0,0.0,0.0,0.1779,0.1067705223880597,24.82699966430664
2015/09/02,0.0,0.0,0.0,0.1779,0.086237610619469,25.52750015258789
2015/09/03,0.0,0.0,0.0,0.0,0.11317,25.236000061035156
2015/09/04,0.0,0.0,0.0,0.00468125,0.0669583050847457,24.950000762939453
2015/09/08,0.0,0.0,0.0,0.147325,0.1140113259668508,25.87700080871582
2015/09/09,0.0,0.0,0.0,0.3134222222222222,0.0955216326530612,25.844499588012695
2015/09/10,0.0,0.0,0.0,0.0,0.0802860655737705,26.11199951171875
2015/09/11,0.0,0.0,0.0,0.1779,0.0931855263157894,26.472000122070312
2015/09/14,0.0,0.0,0.0,0.0,0.0891712230215827,26.069000244140625
2015/09/15,0.0,0.0,0.0,0.133425,0.1028762790697674,26.118499755859375
2015/09/16,0.0,0.0,0.0,0.10674,0.103298623853211,26.36949920654297
2015/09/17,0.0,0.0,0.0,0.1779,0.0708780405405405,26.943500518798828
2015/09/18,0.0,0.0,0.0,0.1779,0.1432062630480167,27.01300048828125
2015/09/21,0.0,0.0,0.0,0.28595,0.1162529411764705,27.41950035095215
2015/09/22,0.0,0.0,0.0,0.0,0.1366387323943662,26.920000076293945
2015/09/23,0.0,0.0,0.0,0.0,0.1274822622107969,26.80349922180176
2015/09/24,0.0,0.0,0.0,0.3872142857142857,0.0924909937888198,26.6875
2015/09/25,0.0,0.0,0.0,-0.1382142857142857,0.1311294642857143,26.212499618530273
2015/09/28,0.0,0.0,0.0,0.4874666666666667,0.1648111363636363,25.20299911499023
2015/09/29,0.0,0.0,0.0,0.1779,0.1388692144373673,24.80349922180176
2015/09/30,0.0,0.0,0.0,0.2285142857142857,0.0935328244274809,25.594499588012695
2015/10/01,0.0,0.0,0.0,0.02495,0.084699150141643,26.035999298095703
2015/10/02,0.0,0.0,0.0,0.2330166666666666,0.1123736180904522,26.62700080871582
2015/10/05,0.0,0.0,0.0,-0.0052666666666666,0.1405974285714285,27.18400001525879
2015/10/06,0.0,0.0,0.0,0.3522999999999999,0.083798023715415,26.874000549316406
2015/10/07,0.0,0.0,0.0,0.1779,0.0913196388261851,27.097000122070312
2015/10/08,0.0,0.0,0.0,0.14001,0.0892638447971781,26.65800094604492
2015/10/09,0.0,0.0,0.0,0.4215,0.1357876923076923,26.989999771118164
2015/10/12,0.0,0.0,0.0,0.0,0.1531165165165165,27.50950050354004
2015/10/13,0.0,0.0,0.0,0.39708,0.1901872641509434,27.44499969482422
2015/10/14,0.0,0.0,0.0,0.0,0.0951936995153473,27.241500854492188
2015/10/15,0.0,0.0,0.0,0.0,0.1399278662420382,28.121999740600582
2015/10/16,0.0,0.0,0.0,0.7845,0.118589953271028,28.538000106811523
2015/10/19,0.0,0.0,0.0,0.2027428571428571,0.09795,28.657499313354492
2015/10/20,0.0,0.0,0.0,0.00674,0.1505647519582245,28.04400062561035
2015/10/21,0.0,0.0,0.0,0.1779,0.1103207084468664,27.78849983215332
2015/10/22,0.0,0.0,0.0,0.4766999999999999,0.1788728434504792,28.195499420166016
2015/10/23,0.0,0.0,0.0,0.0,0.1777507335907336,29.951499938964844
2015/10/26,0.0,0.0,0.0,0.0,0.1480487031700288,30.430500030517575
2015/10/27,0.0,0.0,0.0,0.0,0.0962076433121019,30.550500869750977
2015/10/28,0.0,0.0,0.0,0.0,0.0123069469835466,30.854999542236328
2015/10/29,0.0,0.0,0.0,0.0,0.0883395348837209,31.32749938964844
2015/10/30,0.0,0.0,0.0,0.0,0.1290183823529411,31.295000076293945
2015/11/02,0.0,0.0,0.0,0.0,0.1074274509803921,31.417499542236328
2015/11/03,0.0,0.0,0.0,0.0,0.205830623306233,31.26549911499023
2015/11/04,0.0,0.0,0.0,0.0,0.1511745263157894,32.04750061035156
2015/11/05,0.0,0.0,0.0,0.1779,0.1086015625,32.782501220703125
2015/11/06,0.0,0.0,0.0,0.0,0.1269525333333333,32.96849822998047
2015/11/09,0.0,0.0,0.0,0.0,0.0969383233532934,32.77450180053711
2015/11/10,0.0,0.0,0.0,0.0,0.159807250755287,32.98400115966797
2015/11/11,0.0,0.0,0.0,0.0,0.137520826709062,33.662498474121094
2015/11/12,0.0,0.0,0.0,0.0,0.1209267734553775,33.279998779296875
2015/11/13,0.0,0.0,0.0,0.0,0.0894982926829268,32.11750030517578
2015/11/16,0.0,0.0,0.0,0.0,0.1254256972111553,32.390499114990234
2015/11/17,0.0,0.0,0.0,0.0,0.1255246031746031,32.165000915527344
2015/11/18,0.0,0.0,0.0,0.0,0.1476403846153846,33.176998138427734
2015/11/19,0.0,0.0,0.0,0.0,0.1297986522911051,33.063499450683594
2015/11/20,0.0,0.0,0.0,0.0,0.1308443864229765,33.42250061035156
2015/11/23,0.0,0.0,0.0,0.0,0.1024136490250696,33.949501037597656
2015/11/24,0.0,0.0,0.0,0.0489333333333333,0.1192033333333333,33.557498931884766
2015/11/25,0.0,0.0,0.0,0.5574,0.0807439024390244,33.766998291015625
2015/11/27,0.0,0.0,0.0,0.0,0.127544,33.66299819946289
2015/11/30,0.0,0.0,0.0,0.29092,0.1639204081632653,33.2400016784668
2015/12/01,0.0,0.0,0.0,0.1998,0.1375329479768786,33.952999114990234
2015/12/02,0.0,0.0,0.0,-0.0213124999999999,0.1038541666666666,33.800498962402344
2015/12/03,0.0,0.0,0.0,0.2243666666666667,0.0748633971291866,33.3125
2015/12/04,0.0,0.0,0.0,0.0,0.1146058608058608,33.63199996948242
2015/12/07,0.0,0.0,0.0,0.0,0.0985990654205607,33.49150085449219
2015/12/08,0.0,0.0,0.0,0.1779,0.1455511450381679,33.86650085449219
2015/12/09,0.0,0.0,0.0,0.0147428571428571,0.1368249249249249,33.239498138427734
2015/12/10,0.0,0.0,0.0,0.0,0.1307718354430379,33.11600112915039
2015/12/11,0.0,0.0,0.0,0.3612,0.0892398663697104,32.00749969482422
2015/12/14,0.0,0.0,0.0,0.5423,0.137325,32.89550018310547
2015/12/15,0.0,0.0,0.0,0.1779,0.124814245014245,32.93199920654297
2015/12/16,0.0,0.0,0.0,0.0,0.0652397058823529,33.78850173950195
2015/12/17,0.0,0.0,0.0,0.3478571428571428,0.10845,33.532501220703125
2015/12/18,0.0,0.0,0.0,0.1779,0.1007821739130434,33.207000732421875
2015/12/21,0.0,0.0,0.0,0.5708500000000001,0.1177340298507462,33.22549819946289
2015/12/22,0.0,0.0,0.0,0.5994,0.1437516014234875,33.157501220703125
2015/12/23,0.0,0.0,0.0,-0.2263,0.1319491228070175,33.185001373291016
2015/12/24,0.0,0.0,0.0,0.0,0.1651701388888889,33.13949966430664
2015/12/28,0.0,0.0,0.0,0.4352571428571429,0.1933922101449275,33.7599983215332
2015/12/29,0.0,0.0,0.0,0.11313,0.1737686092715231,34.69850158691406
2015/12/30,0.0,0.0,0.0,0.3670142857142857,0.1479198529411765,34.45349884033203
2015/12/31,0.0,0.0,0.0,0.10115,0.1292196642685851,33.794498443603516
2016/01/04,0.0,0.0,0.0,0.1123578947368421,0.0990607669616519,31.84950065612793
2016/01/05,0.0,0.0,0.0,-0.0257333333333333,0.0936948374760994,31.68950080871582
2016/01/06,0.0,0.0,0.0,-0.1683875,0.0983642436149312,31.63249969482422
2016/01/07,0.0,0.0,0.0,0.26335,0.0737390625,30.39699935913086
2016/01/08,0.0,0.0,0.0,-0.016,0.0684361702127659,30.352500915527344
2016/01/11,0.0,0.0,0.0,0.3867,0.1319377192982456,30.886999130249023
2016/01/12,0.0,0.0,0.0,0.4684,0.114985269121813,30.894500732421875
2016/01/13,0.0,0.0,0.0,0.4766999999999999,0.0525814634146341,29.090499877929688
2016/01/14,0.0,0.0,0.0,0.1779,0.0906939670932358,29.649999618530273
2016/01/15,0.0,0.0,0.0,0.2993666666666666,0.1145770588235294,28.50900077819824
2016/01/19,0.0,0.0,0.0,0.0,0.1485745257452574,28.724000930786133
2016/01/20,0.0,0.0,0.0,0.0,0.0860514893617021,28.588499069213867
2016/01/21,0.0,0.0,0.0,0.0,0.1313212827988338,28.750999450683594
2016/01/22,0.0,0.0,0.0,0.0,0.1388682539682539,29.819000244140625
2016/01/25,0.0,0.0,0.0,0.0,0.1471939682539682,29.826499938964844
2016/01/26,0.0,0.0,0.0,0.0,0.0806984886649874,30.0625
2016/01/27,0.0,0.0,0.0,0.0,0.1340731651376147,29.167499542236328
2016/01/28,0.0,0.0,0.0,0.0,0.1112235940246045,31.767499923706055
2016/01/29,0.0,0.0,0.0,-0.2732,0.0864021796565389,29.350000381469727
2016/02/01,0.0,0.0,0.0,0.0,0.0726114035087719,28.74049949645996
2016/02/02,0.0,0.0,0.0,0.22815,0.1469867321867322,27.604999542236328
2016/02/03,0.0,0.0,0.0,0.2631285714285714,0.1222147540983606,26.55349922180176
2016/02/04,0.0,0.0,0.0,0.1282666666666667,0.0825632258064516,26.812999725341797
2016/02/05,0.0,0.0,0.0,-0.0092555555555555,0.0827470389170896,25.10650062561035
2016/02/08,0.0,0.0,0.0,0.72745,0.1066953804347826,24.405000686645508
2016/02/09,0.0,0.0,0.0,0.2562,0.1445318345323741,24.103500366210938
2016/02/10,0.0,0.0,0.0,0.1779,0.1356671028037383,24.52400016784668
2016/02/11,0.0,0.0,0.0,0.2023,0.1456281853281853,25.19099998474121
2016/02/12,0.0,0.0,0.0,0.20234,0.1888594674556213,25.354000091552734
2016/02/16,0.0,0.0,0.0,0.3273,0.1696244552058111,26.05500030517578
2016/02/17,0.0,0.0,0.0,0.0,0.1193477722772277,26.704999923706055
2016/02/18,0.0,0.0,0.0,0.1779,0.1418242957746479,26.25
2016/02/19,0.0,0.0,0.0,0.299,0.1349988151658767,26.7450008392334
2016/02/22,0.0,0.0,0.0,0.7506,0.218369825918762,27.975000381469727
2016/02/23,0.0,0.0,0.0,0.5423,0.1284968215158924,27.64699935913086
2016/02/24,0.0,0.0,0.0,-0.3818,0.1178560196560196,27.70199966430664
2016/02/25,0.0,0.0,0.0,0.09,0.1709766169154229,27.75749969482422
2016/02/26,0.0,0.0,0.0,0.4019,0.1196473837209302,27.761499404907227
2016/02/29,0.0,0.0,0.0,0.12178,0.1444109263657957,27.625999450683594
2016/03/01,0.0,0.0,0.0,0.0589333333333333,0.1196214477211796,28.95199966430664
2016/03/02,0.0,0.0,0.0,-0.0986666666666666,0.0885762345679012,29.010499954223633
2016/03/03,0.0,0.0,0.0,0.0,0.1492105263157894,28.874500274658203
2016/03/04,0.0,0.0,0.0,0.3856,0.1083649616368286,28.756999969482425
2016/03/07,0.0,0.0,0.0,0.0,0.0895274456521739,28.13999938964844
2016/03/08,0.0,0.0,0.0,0.48796,0.1018208333333333,28.01300048828125
2016/03/09,0.0,0.0,0.0,0.5563,0.1698775431861804,27.973499298095703
2016/03/10,0.0,0.0,0.0,0.174985,0.1295911980440098,27.94650077819824
2016/03/11,0.0,0.0,0.0,0.39515,-0.0570479889042995,28.480499267578125
2016/03/14,0.0,0.0,0.0,0.0258,0.1298809798270893,28.668500900268555
2016/03/15,0.0,0.0,0.0,-0.17,0.1431415094339622,28.85099983215332
2016/03/16,0.0,0.0,0.0,0.0,0.1216364672364672,28.713499069213867
2016/03/17,0.0,0.0,0.0,0.3058666666666667,0.1371276033057851,27.972000122070312
2016/03/18,0.0,0.0,0.0,0.0431666666666666,0.1522407407407407,27.604000091552734
2016/03/21,0.0,0.0,0.0,0.2436249999999999,0.0847831168831168,27.698999404907227
2016/03/22,0.0,0.0,0.0,0.1612666666666666,0.0918017582417582,28.02400016784668
2016/03/23,0.0,0.0,0.0,0.1779,0.1280147773279352,28.48150062561035
2016/03/24,0.0,0.0,0.0,0.1779,0.1602071942446043,29.147499084472656
2016/03/28,0.0,0.0,0.0,0.4391333333333334,0.1255236311239193,28.993499755859375
2016/03/29,0.0,0.0,0.0,0.142995652173913,0.1577458426966292,29.69300079345703
2016/03/30,0.0,0.0,0.0,0.4438,0.1165015837104072,29.934499740600582
2016/03/31,0.0,0.0,0.0,0.0,0.1455432489451476,29.68199920654297
2016/04/01,0.0,0.0,0.0,0.1439111111111111,0.1223511764705882,29.924999237060547
2016/04/04,0.0,0.0,0.0,0.0,0.0936523809523809,29.659500122070312
2016/04/05,0.0,0.0,0.0,0.5736285714285715,0.0899342105263158,29.30699920654297
2016/04/06,0.0,0.0,0.0,0.1779,0.1661214285714285,30.104000091552734
2016/04/07,0.0,0.0,0.0,0.0,0.092245652173913,29.57150077819824
2016/04/08,0.0,0.0,0.0,0.2828,0.0896483425414364,29.729999542236328
2016/04/11,0.0,0.0,0.0,0.0,0.1291867383512545,29.796499252319336
2016/04/12,0.0,0.0,0.0,-0.5719,0.1010468023255814,30.15850067138672
2016/04/13,0.0,0.0,0.0,-0.1337428571428571,0.081413561847988,30.74099922180176
2016/04/14,0.0,0.0,0.0,0.1779,0.1486655940594059,31.037500381469727
2016/04/15,0.0,0.0,0.0,0.302325,0.1071966966966967,31.29450035095215
2016/04/18,0.0,0.0,0.0,0.188375,0.1238040897097625,31.767499923706055
2016/04/19,0.0,0.0,0.0,0.44406,0.1145436403508772,31.395000457763672
2016/04/20,0.0,0.0,0.0,0.2263,0.1316207547169811,31.649499893188477
2016/04/21,0.0,0.0,0.0,0.1779,0.1388664215686274,31.549999237060547
2016/04/22,0.0,0.0,0.0,0.1779,0.1323399416909621,31.024999618530273
2016/04/25,0.0,0.0,0.0,0.0,0.1116761133603238,31.309999465942383
2016/04/26,0.0,0.0,0.0,0.1779,0.1193050279329608,30.8439998626709
2016/04/27,0.0,0.0,0.0,0.3612,0.1059287190082644,30.328500747680664
2016/04/28,0.0,0.0,0.0,-0.04122,0.1673366831072749,30.100000381469727
2016/04/29,0.0,0.0,0.0,0.3364333333333333,0.1737116087751371,32.97949981689453
2016/05/02,0.0,0.0,0.0,-0.4342157894736843,0.1482983552631579,34.192501068115234
2016/05/03,0.0,0.0,0.0,0.4767,0.1422212658227848,33.566001892089844
2016/05/04,0.0,0.0,0.0,0.0,0.1413891129032258,33.54499816894531
2016/05/05,0.0,0.0,0.0,0.0,0.1466432432432432,32.954498291015625
2016/05/06,0.0,0.0,0.0,0.261075,0.1501344155844156,33.6974983215332
2016/05/09,0.0,0.0,0.0,0.3612,0.1272776504297994,33.98749923706055
2016/05/10,0.0,0.0,0.0,0.24685,0.177391857000993,35.153499603271484
2016/05/11,0.0,0.0,0.0,-0.2391611111111111,0.0887115107913669,35.6614990234375
2016/05/12,0.0,0.0,0.0,0.5267,0.0828221040189125,35.89649963378906
2016/05/13,0.0,0.0,0.0,0.6652882352941177,0.0730973268529769,35.49599838256836
2016/05/16,0.0,0.0,0.0,0.0875,0.1079072487644151,35.53300094604492
2016/05/17,0.0,0.0,0.0,-0.08335,0.1206586826347305,34.76350021362305
2016/05/18,0.0,0.0,0.0,-0.0130499999999999,0.1114847860538827,34.872501373291016
2016/05/19,0.0,0.0,0.0,-0.4019,0.0961085416666666,34.92599868774414
2016/05/20,0.0,0.0,0.0,0.42305,0.1122462499999999,35.13999938964844
2016/05/23,0.0,0.0,0.0,0.5859,0.102576582278481,34.837501525878906
2016/05/24,0.0,0.0,0.0,0.4215,0.0929132897603485,35.209999084472656
2016/05/25,0.0,0.0,0.0,0.1779,0.1607649874055415,35.41749954223633
2016/05/26,0.0,0.0,0.0,0.2486571428571428,0.1423555555555555,35.74549865722656
2016/05/27,0.0,0.0,0.0,0.0,0.0987635761589404,35.61199951171875
2016/05/31,0.0,0.0,0.0,0.1779,0.150840108401084,36.13949966430664
2016/06/01,0.0,0.0,0.0,0.0,0.1445336347197106,35.97200012207031
2016/06/02,0.0,0.0,0.0,-0.100475,0.0888836327345309,36.4119987487793
2016/06/03,0.0,0.0,0.0,-0.128,0.1318298050139275,36.277000427246094
2016/06/06,0.0,0.0,0.0,-0.2263,0.093056313993174,36.33649826049805
2016/06/07,0.0,0.0,0.0,0.0852499999999999,0.135508938547486,36.1870002746582
2016/06/08,0.0,0.0,0.0,0.5561625,0.2088590631364562,36.332000732421875
2016/06/09,0.0,0.0,0.0,0.0,0.1860028865979381,36.38249969482422
2016/06/10,0.0,0.0,0.0,0.1779,0.125859681093394,35.89550018310547
2016/06/13,0.0,0.0,0.0,0.0,0.130026875,35.762001037597656
2016/06/14,0.0,0.0,0.0,0.1779,0.1201532051282051,35.96500015258789
2016/06/15,0.0,0.0,0.0,0.1165799999999999,0.0788649122807017,35.7130012512207
2016/06/16,0.0,0.0,0.0,0.1779,0.0999227414330218,35.8754997253418
2016/06/17,0.0,0.0,0.0,0.1171799999999999,0.0985188087774294,35.31949996948242
2016/06/20,0.0,0.0,0.0,0.4215,0.1506321839080459,35.70050048828125
2016/06/21,0.0,0.0,0.0,0.5106,0.1409839285714285,35.79100036621094
2016/06/22,0.0,0.0,0.0,0.4404,0.1504791666666666,35.529998779296875
2016/06/23,0.0,0.0,0.0,0.5969833333333333,0.1253640949554896,36.104000091552734
2016/06/24,0.0,0.0,0.0,0.0,0.1495136363636363,34.948001861572266
2016/06/27,0.0,0.0,0.0,-0.032,0.1548265363128491,34.56800079345703
2016/06/28,0.0,0.0,0.0,0.51418,0.1527285024154589,35.397499084472656
2016/06/29,0.0,0.0,0.0,0.0850333333333333,0.1796825301204819,35.779998779296875
2016/06/30,0.0,0.0,0.0,0.0,0.1548948314606741,35.78099822998047
2016/07/01,0.0,0.0,0.0,0.0,0.1563839805825242,36.28400039672851
2016/07/05,0.0,0.0,0.0,0.1779,0.1605611486486486,36.404998779296875
2016/07/06,0.0,0.0,0.0,0.1779,0.1655980430528375,36.88050079345703
2016/07/07,0.0,0.0,0.0,0.14232,0.146344131455399,36.82849884033203
2016/07/08,0.0,0.0,0.0,0.0,0.134218287037037,37.29050064086914
2016/07/11,0.0,0.0,0.0,0.1615166666666666,0.1499263848396501,37.68899917602539
2016/07/12,0.0,0.0,0.0,0.1779,0.138540159574468,37.410499572753906
2016/07/13,0.0,0.0,0.0,0.0737666666666666,0.1341742388758782,37.131500244140625
2016/07/14,0.0,0.0,0.0,0.1779,0.1556060556464811,37.060001373291016
2016/07/15,0.0,0.0,0.0,0.2481249999999999,0.1227942424242424,36.77199935913086
2016/07/18,0.0,0.0,0.0,0.5267,0.11432466367713,36.80350112915039
2016/07/19,0.0,0.0,0.0,0.0,0.1111848039215686,36.997501373291016
2016/07/20,0.0,0.0,0.0,0.0,0.1737385852090032,37.2859992980957
2016/07/21,0.0,0.0,0.0,0.0,0.1448489655172413,37.22150039672851
2016/07/22,0.0,0.0,0.0,0.7269,0.1753166246851385,37.24300003051758
2016/07/25,0.0,0.0,0.0,-0.05135,0.1456505952380952,36.980499267578125
2016/07/26,0.0,0.0,0.0,0.6124,0.1529624045801526,36.77949905395508
2016/07/27,0.0,0.0,0.0,0.0,0.1432517808219178,36.833499908447266
2016/07/28,0.0,0.0,0.0,0.1528388888888888,0.1722143243243243,37.63050079345703
2016/07/29,0.0,0.0,0.0,0.2004086956521739,0.1903634377967711,37.94049835205078
2016/08/01,0.0,0.0,0.0,0.0,0.21699375,38.387001037597656
2016/08/02,0.0,0.0,0.0,0.0,0.1620818181818182,38.02899932861328
2016/08/03,0.0,0.0,0.0,0.1860714285714285,0.1047283236994219,37.73199844360352
2016/08/04,0.0,0.0,0.0,0.27985,0.1323108294930875,38.03850173950195
2016/08/05,0.0,0.0,0.0,0.044475,0.1614304721030043,38.29899978637695
2016/08/08,0.0,0.0,0.0,0.0,0.1230042105263157,38.327999114990234
2016/08/09,0.0,0.0,0.0,0.0,0.156211051212938,38.41550064086914
2016/08/10,0.0,0.0,0.0,0.1779,0.1472120141342756,38.428001403808594
2016/08/11,0.0,0.0,0.0,0.1779,0.12085575,38.5620002746582
2016/08/12,0.0,0.0,0.0,0.0537,0.15760703125,38.62799835205078
2016/08/15,0.0,0.0,0.0,0.133425,0.1638887640449438,38.42449951171875
2016/08/16,0.0,0.0,0.0,0.1779,0.137663829787234,38.20199966430664
2016/08/17,0.0,0.0,0.0,0.0,0.1711157894736842,38.23149871826172
2016/08/18,0.0,0.0,0.0,0.0,0.1596129629629629,38.222999572753906
2016/08/19,0.0,0.0,0.0,0.0,0.1536960732984293,37.865501403808594
2016/08/22,0.0,0.0,0.0,0.1206571428571428,0.1567227758007117,37.9739990234375
2016/08/23,0.0,0.0,0.0,0.1779,0.1706415458937198,38.122501373291016
2016/08/24,0.0,0.0,0.0,0.0,0.1299420138888888,37.86249923706055
2016/08/25,0.0,0.0,0.0,0.0,0.2017619791666667,37.96099853515625
2016/08/26,0.0,0.0,0.0,0.1032928571428571,0.1873245524296675,38.45000076293945
2016/08/29,0.0,0.0,0.0,-0.34,0.1300759900990098,38.56449890136719
2016/08/30,0.0,0.0,0.0,0.0,0.1516618666666666,38.37900161743164
2016/08/31,0.0,0.0,0.0,0.0,0.1907334975369458,38.45800018310547
2016/09/01,0.0,0.0,0.0,0.0,0.1710776119402985,38.53099822998047
2016/09/02,0.0,0.0,0.0,0.0,0.1923850649350649,38.62200164794922
2016/09/06,0.0,0.0,0.0,0.5106,0.1724304950495049,39.44350051879883
2016/09/07,0.0,0.0,0.0,0.1779,0.125149504950495,39.2239990234375
2016/09/08,0.0,0.0,0.0,0.5994,0.042270509383378,39.202999114990234
2016/09/09,0.0,0.0,0.0,0.0,0.1203951690821256,38.00699996948242
2016/09/12,0.0,0.0,0.0,0.0,0.1445074162679425,38.574501037597656
2016/09/13,0.0,0.0,0.0,0.0,0.1618779816513761,38.050498962402344
2016/09/14,0.0,0.0,0.0,0.0,0.1458486486486486,38.054500579833984
2016/09/15,0.0,0.0,0.0,0.1779,0.1775782101167315,38.484500885009766
2016/09/16,0.0,0.0,0.0,0.61715,0.1929933618843683,38.92599868774414
2016/09/19,0.0,0.0,0.0,0.1779,0.1729230971128609,38.755001068115234
2016/09/20,0.0,0.0,0.0,-0.3612,0.1428903780068728,39.01100158691406
2016/09/21,0.0,0.0,0.0,0.1779,0.1453776119402985,39.48699951171875
2016/09/22,0.0,0.0,0.0,0.11158,0.1605208171206225,40.23500061035156
2016/09/23,0.0,0.0,0.0,0.1779,0.1229022172949002,40.287498474121094
2016/09/26,0.0,0.0,0.0,-0.0516,0.1597632152588556,39.95800018310547
2016/09/27,0.0,0.0,0.0,0.5719,0.1623150684931507,40.80550003051758
2016/09/28,0.0,0.0,0.0,0.1212684210526315,0.1227591029023746,41.43600082397461
2016/09/29,0.0,0.0,0.0,0.6486,0.1525320083682008,41.45249938964844
2016/09/30,0.0,0.0,0.0,0.1339666666666666,0.1900253940455341,41.865501403808594
2016/10/03,0.0,0.0,0.0,0.1779,0.1957431067961165,41.83700180053711
2016/10/04,0.0,0.0,0.0,0.0,0.1717941176470588,41.70149993896485
2016/10/05,0.0,0.0,0.0,0.1779,0.190969365079365,42.21799850463867
2016/10/06,0.0,0.0,0.0,0.0,0.1806766101694915,42.08300018310547
2016/10/07,0.0,0.0,0.0,0.1646,0.1706413157894736,41.97150039672851
2016/10/10,0.0,0.0,0.0,-0.1531,0.1325175384615384,42.08549880981445
2016/10/11,0.0,0.0,0.0,-0.0658099999999999,0.1618236956521739,41.54999923706055
2016/10/12,0.0,0.0,0.0,0.1186,0.1467487898089172,41.704498291015625
2016/10/13,0.0,0.0,0.0,-0.02635,0.1935800332778702,41.4640007019043
2016/10/14,0.0,0.0,0.0,0.46045,0.1549090517241379,41.14799880981445
2016/10/17,0.0,0.0,0.0,0.0449222222222222,0.150616129032258,40.647499084472656
2016/10/18,0.0,0.0,0.0,0.3412374999999999,0.1289350840336134,40.88249969482422
2016/10/19,0.0,0.0,0.0,0.10212,0.1563526806526806,40.884498596191406
2016/10/20,0.0,0.0,0.0,0.0,0.0890155601659751,40.51599884033203
2016/10/21,0.0,0.0,0.0,0.0,0.0788265789473684,40.949501037597656
2016/10/24,0.0,0.0,0.0,0.2418714285714285,0.1631398601398601,41.90449905395508
2016/10/25,0.0,0.0,0.0,0.1779,0.1579527433628318,41.75899887084961
2016/10/26,0.0,0.0,0.0,0.32454,0.0926508771929824,41.12950134277344
2016/10/27,0.0,0.0,0.0,0.167284,0.1100746012269938,40.917999267578125
2016/10/28,0.0,0.0,0.0,0.2708388888888888,0.1325693508627773,38.81600189208984
2016/10/31,0.0,0.0,0.0,0.3243,0.1658056640625,39.49100112915039
2016/11/01,0.0,0.0,0.0,0.3548,0.173980834914611,39.27050018310547
2016/11/02,0.0,0.0,0.0,0.5719,0.1110652007648183,38.27799987792969
2016/11/03,0.0,0.0,0.0,0.0,0.1360674418604651,38.35150146484375
2016/11/04,0.0,0.0,0.0,0.0,0.1562179746835443,37.752498626708984
2016/11/07,0.0,0.0,0.0,0.1779,0.1741299232736572,39.24649810791016
2016/11/08,0.0,0.0,0.0,0.4215,0.1644292929292929,39.38750076293945
2016/11/09,0.0,0.0,0.0,0.1779,0.1115472295514511,38.59400177001953
2016/11/10,0.0,0.0,0.0,0.0,0.0896249653259362,37.11899948120117
2016/11/11,0.0,0.0,0.0,0.0,0.101062,36.95050048828125
2016/11/14,0.0,0.0,0.0,0.2414333333333333,0.1298823281907433,35.95349884033203
2016/11/15,0.0,0.0,0.0,0.34,0.1002242214532872,37.1619987487793
2016/11/16,0.0,0.0,0.0,0.0,0.1861835416666666,37.324501037597656
2016/11/17,0.0,0.0,0.0,0.5719,0.1921331738437001,37.81999969482422
2016/11/18,0.0,0.0,0.0,0.0213222222222222,0.2080431034482758,38.007999420166016
2016/11/21,0.0,0.0,0.0,0.0,0.1851196605374823,39.0
2016/11/22,0.0,0.0,0.0,-0.1285,0.1673965957446808,39.26649856567383
2016/11/23,0.0,0.0,0.0,0.1779,0.1616402127659574,39.00600051879883
2016/11/25,0.0,0.0,0.0,0.08895,0.1634275862068965,39.01850128173828
2016/11/28,0.0,0.0,0.0,0.1779,0.1456603524229074,38.3385009765625
2016/11/29,0.0,0.0,0.0,0.1085,0.1543580542264752,38.125999450683594
2016/11/30,0.0,0.0,0.0,0.3320916666666667,0.1602707979626485,37.52849960327149
2016/12/01,0.0,0.0,0.0,0.1879499999999999,0.1571432392273402,37.182498931884766
2016/12/02,0.0,0.0,0.0,0.5358666666666667,0.1994322580645161,37.016998291015625
2016/12/05,0.0,0.0,0.0,-0.0584555555555555,0.151620875,37.96799850463867
2016/12/06,0.0,0.0,0.0,0.0308727272727272,0.1478914244186046,38.23600006103515
2016/12/07,0.0,0.0,0.0,0.25,0.1470312741312741,38.520999908447266
2016/12/08,0.0,0.0,0.0,0.06527,0.1397887640449438,38.36650085449219
2016/12/09,0.0,0.0,0.0,0.4188,0.1123547557840617,38.43299865722656
2016/12/12,0.0,0.0,0.0,0.0,0.1575339999999999,38.00600051879883
2016/12/13,0.0,0.0,0.0,0.1779,0.1518690228690228,38.71699905395508
2016/12/14,0.0,0.0,0.0,0.0246999999999999,0.1704137970353477,38.44100189208984
2016/12/15,0.0,0.0,0.0,0.5994,0.1468312302839116,38.04999923706055
2016/12/16,0.0,0.0,0.0,0.1779,0.1401806306306306,37.88850021362305
2016/12/19,0.0,0.0,0.0,0.0,0.1776674220963172,38.29999923706055
2016/12/20,0.0,0.0,0.0,-0.20095,0.1148136690647482,38.56100082397461
2016/12/21,0.0,0.0,0.0,0.0,0.1186626315789473,38.529998779296875
2016/12/22,0.0,0.0,0.0,0.0,0.1661206310679611,38.31700134277344
2016/12/23,0.0,0.0,0.0,0.0,0.156346204620462,38.02949905395508
2016/12/27,0.0,0.0,0.0,0.7003,0.236638025210084,38.56999969482422
2016/12/28,0.0,0.0,0.0,0.53584,0.1927287253141831,38.60649871826172
2016/12/29,0.0,0.0,0.0,-0.30622,0.1782389507154213,38.25749969482422
2016/12/30,0.0,0.0,0.0,-0.128,0.1598499075785582,37.493499755859375
2017/01/03,0.0,0.0,0.0,0.0,0.1467302245250431,37.68349838256836
2017/01/04,0.0,0.0,0.0,-0.0258,0.1376349436392914,37.85900115966797
2017/01/05,0.0,0.0,0.0,0.4058,0.1194424159854677,39.022499084472656
2017/01/06,0.0,0.0,0.0,-0.0795444444444444,0.1506371352785145,39.79949951171875
2017/01/09,0.0,0.0,0.0,0.5385666666666666,0.167565234375,39.84600067138672
2017/01/10,0.0,0.0,0.0,0.1779,0.1714664215686274,39.79499816894531
2017/01/11,0.0,0.0,0.0,0.1779,0.172016129032258,39.95100021362305
2017/01/12,0.0,0.0,0.0,0.1901,0.1828963033175355,40.68199920654297
2017/01/13,0.0,0.0,0.0,0.063968,0.1726881638846737,40.85699844360352
2017/01/17,0.0,0.0,0.0,0.0233428571428571,0.1660093406593406,40.48600006103515
2017/01/18,0.0,0.0,0.0,0.2202,0.128765948275862,40.374000549316406
2017/01/19,0.0,0.0,0.0,0.1451,0.1472059633027523,40.45199966430664
2017/01/20,0.0,0.0,0.0,0.42502,0.1940997354497354,40.416500091552734
2017/01/23,0.0,0.0,0.0,0.17102,0.1581763671875,40.89400100708008
2017/01/24,0.0,0.0,0.0,0.4498999999999999,0.1691559546313799,41.12200164794922
2017/01/25,0.0,0.0,0.0,0.4651625,0.2155574803149606,41.82600021362305
2017/01/26,0.0,0.0,0.0,0.1779,0.1713028017241379,41.95750045776367
2017/01/27,0.0,0.0,0.0,0.1779,0.1717539440203562,41.78850173950195
2017/01/30,0.0,0.0,0.0,0.0,0.156643294117647,41.51900100708008
2017/01/31,0.0,0.0,0.0,0.258525,0.1357020236087689,41.17399978637695
2017/02/01,0.0,0.0,0.0,0.4669799999999999,0.1624256684491978,41.61750030517578
2017/02/02,0.0,0.0,0.0,0.0430833333333333,0.1193495315427857,41.997501373291016
2017/02/03,0.0,0.0,0.0,0.15611,0.1263399662731872,40.5099983215332
2017/02/06,0.0,0.0,0.0,0.1997999999999999,0.1717072463768116,40.38199996948242
2017/02/07,0.0,0.0,0.0,0.2888,0.1692152125279642,40.625
2017/02/08,0.0,0.0,0.0,0.5261666666666667,0.1482989361702127,40.98550033569336
2017/02/09,0.0,0.0,0.0,-0.0822909090909091,0.1751456470588235,41.06800079345703
2017/02/10,0.0,0.0,0.0,0.0898571428571428,0.1329294930875576,41.37300109863281
2017/02/13,0.0,0.0,0.0,0.0,0.1610342911877394,41.82649993896485
2017/02/14,0.0,0.0,0.0,0.1779,0.1563087044534412,41.81949996948242
2017/02/15,0.0,0.0,0.0,0.0584076923076923,0.1770705882352941,42.1349983215332
2017/02/16,0.0,0.0,0.0,0.1779,0.1791587654320987,42.207000732421875
2017/02/17,0.0,0.0,0.0,0.5267,0.1722051229508197,42.25350189208984
2017/02/21,0.0,0.0,0.0,0.1779,0.1522692870201097,42.821998596191406
2017/02/22,0.0,0.0,0.0,0.0,0.199933407079646,42.78049850463867
2017/02/23,0.0,0.0,0.0,0.39654,0.1428634760705289,42.609500885009766
2017/02/24,0.0,0.0,0.0,0.4019,0.1147491228070175,42.262001037597656
2017/02/27,0.0,0.0,0.0,0.0,0.2515417153996101,42.43199920654297
2017/02/28,0.0,0.0,0.0,0.1779,0.0839488235294117,42.25199890136719
2017/03/01,0.0,0.0,0.0,0.1779,0.0712781651376146,42.65399932861328
2017/03/02,0.0,0.0,0.0,0.0,0.1259016032064128,42.445499420166016
2017/03/03,0.0,0.0,0.0,0.1779,0.1095666666666666,42.49399948120117
2017/03/06,0.0,0.0,0.0,0.0,0.1374384223918575,42.33050155639648
2017/03/07,0.0,0.0,0.0,0.1779,0.0978638826185101,42.30099868774414
2017/03/08,0.0,0.0,0.0,0.0,0.1148958241758241,42.525001525878906
2017/03/09,0.0,0.0,0.0,-0.2732,0.1417919732441471,42.650001525878906
2017/03/10,0.0,0.0,0.0,0.0,0.1703646048109965,42.62300109863281
2017/03/13,0.0,0.0,0.0,0.0,0.1562453038674033,42.72949981689453
2017/03/14,0.0,0.0,0.0,0.0,0.1368903508771929,42.62649917602539
2017/03/15,0.0,0.0,0.0,0.39515,0.1673638121546961,42.64849853515625
2017/03/16,0.0,0.0,0.0,0.0,0.1912062686567164,42.67100143432617
2017/03/17,0.0,0.0,0.0,0.1779,0.1232196261682243,42.615501403808594
2017/03/20,0.0,0.0,0.0,0.1779,0.1742715277777777,42.8484992980957
2017/03/21,0.0,0.0,0.0,0.14825,0.1341029787234042,42.15999984741211
2017/03/22,0.0,0.0,0.0,0.0,0.1263568181818181,42.40299987792969
2017/03/23,0.0,0.0,0.0,0.1779,0.1065734375,42.36899948120117
2017/03/24,0.0,0.0,0.0,0.0,0.158436440677966,42.28049850463867
2017/03/27,0.0,0.0,0.0,0.0258,0.1463363363363363,42.34099960327149
2017/03/28,0.0,0.0,0.0,-0.2572777777777777,0.1438187613843351,42.79999923706055
2017/03/29,0.0,0.0,0.0,0.1779,0.1578832232496697,43.71599960327149
2017/03/30,0.0,0.0,0.0,0.0,0.1584677130044843,43.81700134277344
2017/03/31,0.0,0.0,0.0,0.0507833333333333,0.1477166380789022,44.32699966430664
2017/04/03,0.0,0.0,0.0,0.0,0.145480412371134,44.57550048828125
2017/04/04,0.0,0.0,0.0,0.0,0.1389746500777605,45.34149932861328
2017/04/05,0.0,0.0,0.0,0.4003181818181818,0.1719549173194081,45.4640007019043
2017/04/06,0.0,0.0,0.0,0.6705,0.1369834277620396,44.91400146484375
2017/04/07,0.0,0.0,0.0,0.0,0.1080865482233502,44.74399948120117
2017/04/10,0.0,0.0,0.0,0.0,0.1261328512396694,45.35200119018555
2017/04/11,0.0,0.0,0.0,0.0,0.1004677835051546,45.11800003051758
2017/04/12,0.0,0.0,0.0,0.0772,0.1640113378684807,44.811500549316406
2017/04/13,0.0,0.0,0.0,0.1779,0.1357705570291777,44.23350143432617
2017/04/17,0.0,0.0,0.0,0.0,0.1425042128603104,45.0994987487793
2017/04/18,0.0,0.0,0.0,0.0,0.1723579439252336,45.18899917602539
2017/04/19,0.0,0.0,0.0,0.1779,0.1066215469613259,44.959999084472656
2017/04/20,0.0,0.0,0.0,0.2323571428571428,0.1204131979695431,45.10300064086914
2017/04/21,0.0,0.0,0.0,0.1779,0.1686803625377643,44.92649841308594
2017/04/24,0.0,0.0,0.0,0.0,0.1083123786407767,45.37049865722656
2017/04/25,0.0,0.0,0.0,0.38865,0.140023865877712,45.38100051879883
2017/04/26,0.0,0.0,0.0,0.1779,0.1543204347826087,45.464500427246094
2017/04/27,0.0,0.0,0.0,0.1779,0.1752265480427046,45.91899871826172
2017/04/28,0.0,0.0,0.0,-0.2732,0.1356263718263718,46.2495002746582
2017/05/01,0.0,0.0,0.0,0.1779,0.1420696400625978,47.4114990234375
2017/05/02,0.0,0.0,0.0,0.14232,0.1491810298102981,47.34700012207031
2017/05/03,0.0,0.0,0.0,0.0,0.1257387931034483,47.05149841308594
2017/05/04,0.0,0.0,0.0,0.0,0.1379229411764705,46.87649917602539
2017/05/05,0.0,0.0,0.0,0.1779,0.18150027100271,46.70750045776367
2017/05/08,0.0,0.0,0.0,0.3612,0.1115001879699248,47.45199966430664
2017/05/09,0.0,0.0,0.0,0.0,0.1351892537313433,47.64099884033203
2017/05/10,0.0,0.0,0.0,0.5563,0.1129538834951456,47.4474983215332
2017/05/11,0.0,0.0,0.0,0.0,0.1044935860058308,47.38100051879883
2017/05/12,0.0,0.0,0.0,0.0,0.0983388349514563,48.067501068115234
2017/05/15,0.0,0.0,0.0,0.0,0.1349047706422018,47.89849853515625
2017/05/16,0.0,0.0,0.0,0.1779,0.1221762,48.30350112915039
2017/05/17,0.0,0.0,0.0,0.1016571428571428,0.0805086206896551,47.237998962402344
2017/05/18,0.0,0.0,0.0,0.0,0.1319026315789473,47.92449951171875
2017/05/19,0.0,0.0,0.0,0.0,0.1415886986301369,47.992000579833984
2017/05/22,0.0,0.0,0.0,0.0,0.0985660606060606,48.53350067138672
2017/05/23,0.0,0.0,0.0,0.0,0.164189898989899,48.57699966430664
2017/05/24,0.0,0.0,0.0,0.0,0.1538970852017937,49.01750183105469
2017/05/25,0.0,0.0,0.0,0.0129,0.1640560235063663,49.66899871826172
2017/05/26,0.0,0.0,0.0,0.40835,0.1414340909090909,49.78900146484375
2017/05/30,0.0,0.0,0.0,0.00674,0.2029818181818181,49.834999084472656
2017/05/31,0.0,0.0,0.0,0.0,0.1312271844660194,49.73099899291992
2017/06/01,0.0,0.0,0.0,0.0,0.1404131498470948,49.79750061035156
2017/06/02,0.0,0.0,0.0,0.0,0.1753165048543689,50.33649826049805
2017/06/05,0.0,0.0,0.0,0.08895,0.1551926877470355,50.56700134277344
2017/06/06,0.0,0.0,0.0,0.31288,0.1109792988313856,50.150001525878906
2017/06/07,0.0,0.0,0.0,0.1779,0.1190039351851851,50.50350189208984
2017/06/08,0.0,0.0,0.0,0.0,0.1343884422110552,50.51350021362305
2017/06/09,0.0,0.0,0.0,0.0,0.0798566666666666,48.91550064086914
2017/06/12,0.0,0.0,0.0,0.0,0.1147566896551724,48.24549865722656
2017/06/13,0.0,0.0,0.0,0.0,0.1198077272727272,49.03950119018555
2017/06/14,0.0,0.0,0.0,0.0,0.120358280254777,48.82350158691406
2017/06/15,0.0,0.0,0.0,0.1779,0.1278411538461538,48.208499908447266
2017/06/16,0.0,0.0,0.0,0.336325,0.1372149534939184,49.385501861572266
2017/06/19,0.0,0.0,0.0,0.1131266666666666,0.1078892,49.75849914550781
2017/06/20,0.0,0.0,0.0,0.1779,0.1186944055944056,49.62950134277344
2017/06/21,0.0,0.0,0.0,0.08895,0.1052892857142857,50.11149978637695
2017/06/22,0.0,0.0,0.0,0.3125888888888888,0.0995799347471451,50.064998626708984
2017/06/23,0.0,0.0,0.0,0.1014833333333333,0.1286210610932475,50.1870002746582
2017/06/26,0.0,0.0,0.0,0.3112090909090909,0.0876148936170213,49.69900131225586
2017/06/27,0.0,0.0,0.0,0.0,0.1306490787269681,48.8390007019043
2017/06/28,0.0,0.0,0.0,0.0,0.1111872807017544,49.51649856567383
2017/06/29,0.0,0.0,0.0,0.0,0.180533282674772,48.79650115966797
2017/06/30,0.0,0.0,0.0,0.1779,0.2067948717948718,48.400001525878906
2017/07/03,0.0,0.0,0.0,0.0,0.1987785288270377,47.68299865722656
2017/07/05,0.0,0.0,0.0,0.1779,0.1844087719298245,48.56999969482422
2017/07/06,0.0,0.0,0.0,0.12178,0.1581585551330798,48.25699996948242
2017/07/07,0.0,0.0,0.0,0.320175,0.1649498915401301,48.9379997253418
2017/07/10,0.0,0.0,0.0,0.5226857142857143,0.170106976744186,49.82350158691406
2017/07/11,0.0,0.0,0.0,0.14232,0.1658837628865979,49.70650100708008
2017/07/12,0.0,0.0,0.0,0.08895,0.1579288753799392,50.32550048828125
2017/07/13,0.0,0.0,0.0,0.60326,0.176391011235955,50.03150177001953
2017/07/14,0.0,0.0,0.0,0.2451142857142857,0.1512517110266159,50.09049987792969
2017/07/17,0.0,0.0,0.0,0.0107125,0.1281265395894428,50.50199890136719
2017/07/18,0.0,0.0,0.0,0.1779,0.1478863448275862,51.22249984741211
2017/07/19,0.0,0.0,0.0,0.0772,0.1406716566866267,51.34349822998047
2017/07/20,0.0,0.0,0.0,0.0,0.129509005376344,51.435001373291016
2017/07/21,0.0,0.0,0.0,0.1779,0.1203603709949409,51.28350067138672
2017/07/24,0.0,0.0,0.0,0.0123999999999999,0.1438785365853658,51.9474983215332
2017/07/25,0.0,0.0,0.0,-0.1366,0.1317795332136445,51.993499755859375
2017/07/26,0.0,0.0,0.0,0.3325785714285714,0.1604069306930693,52.63999938964844
2017/07/27,0.0,0.0,0.0,-0.296,0.1637352095808383,52.29999923706055
2017/07/28,0.0,0.0,0.0,0.0962318181818181,0.1026478813559322,51.00199890136719
2017/07/31,0.0,0.0,0.0,0.1531727272727272,0.0755743801652892,49.38899993896485
2017/08/01,0.0,0.0,0.0,0.0,0.1285271375464683,49.80950164794922
2017/08/02,0.0,0.0,0.0,0.1779,0.0918595744680851,49.79449844360352
2017/08/03,0.0,0.0,0.0,0.0,0.1655317391304347,49.34600067138672
2017/08/04,0.0,0.0,0.0,0.07116,0.1129210862619808,49.37900161743164
2017/08/07,0.0,0.0,0.0,0.12755,0.1408643835616438,49.61349868774414
2017/08/08,0.0,0.0,0.0,0.0,0.1158219457013574,49.492000579833984
2017/08/09,0.0,0.0,0.0,0.1779,0.1483487750556792,49.10049819946289
2017/08/10,0.0,0.0,0.0,0.1779,0.122616479400749,47.84600067138672
2017/08/11,0.0,0.0,0.0,0.1779,0.1196244047619047,48.39950180053711
2017/08/14,0.0,0.0,0.0,0.1391875,0.1167169642857142,49.165000915527344
2017/08/15,0.0,0.0,0.0,0.0,0.1306070342205323,49.137001037597656
2017/08/16,0.0,0.0,0.0,0.18435,0.0667637908496732,48.90900039672851
2017/08/17,0.0,0.0,0.0,0.3818,0.1239920807453416,48.02849960327149
2017/08/18,0.0,0.0,0.0,0.1186,0.1390479418886198,47.92350006103515
2017/08/21,0.0,0.0,0.0,0.0,0.1207218527315914,47.66450119018555
2017/08/22,0.0,0.0,0.0,0.0,0.1446422459893048,48.345001220703125
2017/08/23,0.0,0.0,0.0,0.1779,0.1413409195402299,47.900001525878906
2017/08/24,0.0,0.0,0.0,0.3081733333333333,0.0907171247357293,47.622501373291016
2017/08/25,0.0,0.0,0.0,-0.00472,0.1036882089552238,47.26300048828125
2017/08/28,0.0,0.0,0.0,0.1663769230769231,0.0787500818330605,47.30099868774414
2017/08/29,0.0,0.0,0.0,0.2191,0.1736152173913043,47.702999114990234
2017/08/30,0.0,0.0,0.0,-0.2156,0.136009902200489,48.37950134277344
2017/08/31,0.0,0.0,0.0,0.0,0.1222631465517241,49.029998779296875
2017/09/01,0.0,0.0,0.0,0.1779,0.1746666666666666,48.912498474121094
2017/09/05,0.0,0.0,0.0,0.296,0.1337810526315789,48.26350021362305
2017/09/06,0.0,0.0,0.0,0.3273,0.1127583832335329,48.38999938964844
2017/09/07,0.0,0.0,0.0,0.5131666666666667,0.144079248366013,48.9734992980957
2017/09/08,0.0,0.0,0.0,0.6249,0.1533244027303754,48.29499816894531
2017/09/11,0.0,0.0,0.0,0.3612,0.1230600706713781,48.89799880981445
2017/09/12,0.0,0.0,0.0,0.1779,0.1405549079754601,49.12900161743164
2017/09/13,0.0,0.0,0.0,0.48435,0.1726195238095238,49.97999954223633
2017/09/14,0.0,0.0,0.0,0.4939,0.1791041835357625,49.61050033569336
2017/09/15,0.0,0.0,0.0,0.0,0.1778983164983165,49.339500427246094
2017/09/18,0.0,0.0,0.0,0.0,0.1598183754993342,48.70949935913086
2017/09/19,0.0,0.0,0.0,0.743,0.1457512786002691,48.49300003051758
2017/09/20,0.0,0.0,0.0,0.1779,0.1763122040072859,48.660499572753906
2017/09/21,0.0,0.0,0.0,0.5037750000000001,0.1606212345679012,48.23249816894531
2017/09/22,0.0,0.0,0.0,-0.1027,0.1595526195899772,47.755001068115234
2017/09/25,0.0,0.0,0.0,0.1779,0.0920200333889816,46.989498138427734
2017/09/26,0.0,0.0,0.0,0.1779,0.1069948051948052,46.93000030517578
2017/09/27,0.0,0.0,0.0,0.0,0.1603579606440071,47.54349899291992
2017/09/28,0.0,0.0,0.0,0.1779,0.1556734042553191,47.81999969482422
2017/09/29,0.0,0.0,0.0,0.1779,0.165134606741573,48.067501068115234
2017/10/02,0.0,0.0,0.0,0.0,0.1506855227882037,47.95949935913086
2017/10/03,0.0,0.0,0.0,0.0,0.1176135238095238,47.85499954223633
2017/10/04,0.0,0.0,0.0,0.1779,0.1296283088235294,48.272499084472656
2017/10/05,0.0,0.0,0.0,0.34,0.13362802359882,49.04249954223633
2017/10/06,0.0,0.0,0.0,0.2832333333333333,0.1546439372325249,49.479000091552734
2017/10/09,0.0,0.0,0.0,0.0,0.1390948402948403,49.54949951171875
2017/10/10,0.0,0.0,0.0,0.1779,0.1557900191938579,49.36000061035156
2017/10/11,0.0,0.0,0.0,0.0,0.1859517182130584,49.75
2017/10/12,0.0,0.0,0.0,-0.1967,0.1648508422664625,50.04650115966797
2017/10/13,0.0,0.0,0.0,0.0941166666666667,0.1270163194444444,50.14699935913086
2017/10/16,0.0,0.0,0.0,0.1779,0.1920313106796116,50.31700134277344
2017/10/17,0.0,0.0,0.0,0.3612,0.1660161764705882,50.45650100708008
2017/10/18,0.0,0.0,0.0,0.1779,0.1510333333333333,49.849998474121094
2017/10/19,0.0,0.0,0.0,0.0,0.158838170974155,49.33050155639648
2017/10/20,0.0,0.0,0.0,0.08895,0.1840740566037735,49.14550018310547
2017/10/23,0.0,0.0,0.0,0.1779,0.1436417475728155,48.314998626708984
2017/10/24,0.0,0.0,0.0,-0.5267,0.1521208196721311,48.79499816894531
2017/10/25,0.0,0.0,0.0,0.1779,0.1601020547945205,48.64550018310547
2017/10/26,0.0,0.0,0.0,0.0,0.226381679389313,48.62149810791016
2017/10/27,0.0,0.0,0.0,0.2729571428571428,0.1722268513585508,55.04750061035156
2017/10/30,0.0,0.0,0.0,0.08895,0.1505273043478261,55.54249954223633
2017/10/31,0.0,0.0,0.0,0.6124,0.1864259900990099,55.26399993896485
2017/11/01,0.0,0.0,0.0,0.3997,0.1665838074398249,55.18399810791016
2017/11/02,0.0,0.0,0.0,0.3885666666666666,0.1623082828282828,54.71099853515625
2017/11/03,0.0,0.0,0.0,0.54985,0.178091914893617,55.58000183105469
2017/11/06,0.0,0.0,0.0,0.1779,0.1939108910891089,56.03300094604492
2017/11/07,0.0,0.0,0.0,0.0421,0.1877793269230769,56.15850067138672
2017/11/08,0.0,0.0,0.0,0.0,0.1975854117647058,56.64400100708008
2017/11/09,0.0,0.0,0.0,0.1779,0.1654641078838174,56.45650100708008
2017/11/10,0.0,0.0,0.0,0.1779,0.1094177419354838,56.26750183105469
2017/11/13,0.0,0.0,0.0,0.1779,0.1643452674897119,56.458499908447266
2017/11/14,0.0,0.0,0.0,0.044475,0.1936984782608695,56.84199905395508
2017/11/15,0.0,0.0,0.0,0.0,0.1828034420289855,56.33449935913086
2017/11/16,0.0,0.0,0.0,0.1779,0.3070545816733068,56.864498138427734
2017/11/17,0.0,0.0,0.0,0.280525,0.2405,56.49399948120117
2017/11/20,0.0,0.0,0.0,0.0,0.1850333333333333,56.31549835205078
2017/11/21,0.0,0.0,0.0,-0.1293857142857143,0.1904731651376147,56.9744987487793
2017/11/22,0.0,0.0,0.0,0.2023,0.1668426573426573,57.80799865722656
2017/11/24,0.0,0.0,0.0,0.0,0.2422134171907756,59.29999923706055
2017/11/27,0.0,0.0,0.0,0.24405,0.1145217218543046,59.791500091552734
2017/11/28,0.0,0.0,0.0,0.3242666666666666,0.151293152639087,59.68000030517578
2017/11/29,0.0,0.0,0.0,0.1779,0.1389187580853816,58.063499450683594
2017/11/30,0.0,0.0,0.0,0.1969727272727272,0.1745501597444089,58.837501525878906
2017/12/01,0.0,0.0,0.0,-0.5994,0.1613373271889401,58.11750030517578
2017/12/04,0.0,0.0,0.0,0.7269,0.1280664516129032,56.6974983215332
2017/12/05,0.0,0.0,0.0,0.1704,0.1160677204658901,57.07849884033203
2017/12/06,0.0,0.0,0.0,-0.359,0.1943297989031078,57.61750030517578
2017/12/07,0.0,0.0,0.0,0.0,0.1886921241050119,57.989498138427734
2017/12/08,0.0,0.0,0.0,0.133425,0.1859711111111111,58.099998474121094
2017/12/11,0.0,0.0,0.0,0.1176199999999999,0.198189527027027,58.44599914550781
2017/12/12,0.0,0.0,0.0,0.0843666666666666,0.149260606060606,58.25400161743164
2017/12/13,0.0,0.0,0.0,0.0,0.2109104838709677,58.20650100708008
2017/12/14,0.0,0.0,0.0,0.0216333333333333,0.1667816666666666,58.7130012512207
2017/12/15,0.0,0.0,0.0,0.348375,0.1555516759776536,58.957000732421875
2017/12/18,0.0,-0.25,0.0,0.0,0.1741366666666666,59.52899932861328
2017/12/19,0.0,0.0,0.0,0.0,0.2370181451612903,59.36899948120117
2017/12/20,0.0,0.0,0.0,-0.38865,0.2230281385281385,58.88100051879883
2017/12/21,0.0,0.0,0.0,0.07116,0.2139593749999999,58.737998962402344
2017/12/22,0.0,0.0,0.0,-0.128,0.300554491017964,58.417999267578125
2017/12/26,0.0,0.0,0.0,0.0,0.2890978787878788,58.8380012512207
2017/12/27,0.0,0.0,0.0,0.0,0.3069662921348314,59.112998962402344
2017/12/28,0.0,0.0,0.0,0.07116,0.1880234413965087,59.30500030517578
2017/12/29,0.0,0.0,0.0,0.0,0.1713935560859188,58.4734992980957
2018/01/02,0.0,0.0,0.0,0.0,0.1829461382113821,59.45050048828125
2018/01/03,0.0,0.0,0.0,-0.0260333333333333,0.1660268292682926,60.209999084472656
2018/01/04,0.0,0.0,0.0,0.3421,0.2189040598290598,60.47949981689453
2018/01/05,0.0,0.1779,0.0,0.1755666666666666,0.1873579901153212,61.457000732421875
2018/01/08,0.0,0.0,0.0,0.1779,0.2323315217391304,62.34349822998047
2018/01/09,0.0,0.0,0.0,0.1779,0.1870631027253669,62.6349983215332
2018/01/10,0.0,0.0,0.0,0.1779,0.2198981132075471,62.71649932861328
2018/01/11,0.0,0.5574,0.0,0.1779,0.2018863095238095,63.83399963378906
2018/01/12,0.0,0.0,0.0,0.24644,0.2111892605633802,65.26000213623047
2018/01/16,0.0,0.0,0.1779,0.1779,0.2263527607361963,65.24299621582031
2018/01/17,0.0,0.0,0.0,0.0,0.2200627659574468,64.75
2018/01/18,0.0,0.0,0.0,0.24785,0.2262539940828402,64.66600036621094
2018/01/19,0.0,0.2023,0.1779,0.4307999999999999,0.1758734627831715,64.72899627685547
2018/01/22,0.0,0.0,0.0,0.120525,0.1909176245210728,66.3655014038086
2018/01/23,0.0,0.0,0.0,0.1779,0.2173318725099601,68.12699890136719
2018/01/24,0.0,0.0,0.0,0.1779,0.1743625792811839,67.87550354003906
2018/01/25,0.0,0.1779,0.0,0.0,0.1702867768595041,68.89749908447266
2018/01/26,0.0,0.0,0.0,0.0,0.1744118644067796,70.10250091552734
2018/01/29,0.0,0.0,0.0,0.5267,0.1927307032590051,70.88400268554688
2018/01/30,0.0,0.4215,0.3853999999999999,0.117916,0.1972629363449692,71.89099884033203
2018/01/31,0.0,0.0,0.0,0.0884375,0.1951896153846154,72.54450225830078
2018/02/01,0.0,0.2074,0.1779,0.1779,0.1539078171091445,69.5
2018/02/02,0.0,0.0,0.1779,0.58022,0.185809480812641,71.49749755859375
2018/02/05,0.0,0.0,0.0,0.08895,0.1665224736048265,69.5
2018/02/06,0.0,0.0,0.0,0.1779,0.1697161137440758,72.14199829101562
2018/02/07,0.0,0.0,0.0,0.0,0.2000844221105527,70.83899688720703
2018/02/08,0.0,0.0,0.0,0.0,0.1680729090909091,67.5250015258789
2018/02/09,0.0,0.0,0.5423,0.17435,0.1755839425587467,66.9800033569336
2018/02/12,0.0,0.0,0.0,0.0,0.24268125,69.3115005493164
2018/02/13,0.0,0.0,0.0,0.15365,0.1754833333333333,70.72550201416016
2018/02/14,0.0,0.0,0.0,0.0,0.1957084507042253,72.55249786376953
2018/02/15,0.0,0.0,0.0,0.5693,0.1787015086206896,73.08799743652344
2018/02/16,0.0,0.0772,0.0,0.1779,0.1714806295399515,72.43450164794922
2018/02/20,0.0,0.0,0.0,0.5423,0.2117854368932038,73.4175033569336
2018/02/21,0.0,0.0,0.0,0.13482,0.1601556591211717,74.14600372314453
2018/02/22,0.0,0.0,0.0,0.1779,0.1691542553191489,74.26699829101562
2018/02/23,0.0,0.0,0.0,0.1779,0.1751772340425532,75.0
2018/02/26,0.0,0.0,0.0,0.006575,0.1802527272727272,76.09750366210938
2018/02/27,0.0,0.0,0.0,0.1779,0.2139220532319391,75.5989990234375
2018/02/28,0.0,0.0,0.0,0.1856,0.1812945337620579,75.62249755859375
2018/03/01,0.0,0.0,0.8225,0.0,0.1255365805168986,74.67250061035156
2018/03/02,0.0,0.0,0.0,0.3149333333333333,0.0998557235421166,75.01249694824219
2018/03/05,0.0,0.0,0.0,0.19108125,0.1871863138686131,76.18049621582031
2018/03/06,0.0,0.0,0.0,0.02265,0.2081390909090909,76.88200378417969
2018/03/07,0.0,0.0,0.0,0.5234,0.1813111587982832,77.25
2018/03/08,0.0,0.0,0.0,0.4558714285714286,0.1833410989010989,77.59300231933594
2018/03/09,0.0,0.0,0.0,0.1779,0.1392124521072796,78.94450378417969
2018/03/12,0.0,0.0,0.0,0.6486,0.2351644981412639,79.91950225830078
2018/03/13,0.0,0.0,0.0,0.0,0.1644381308411215,79.40899658203125
2018/03/14,0.0,0.0,0.0,0.6705,0.1818365758754863,79.55000305175781
2018/03/15,0.0,0.0,0.1779,0.2365333333333333,0.1342497495826377,79.11599731445312
2018/03/16,0.0,0.0,0.0,0.1779,0.1721465853658536,78.58399963378906
2018/03/19,0.0,0.0,0.1779,0.1779,0.164827738515901,77.24649810791016
2018/03/20,0.5541,0.0,0.0,0.0,0.1934294025157232,79.32550048828125
2018/03/21,0.0,0.3818,0.0,0.0,0.245497094017094,79.09300231933594
2018/03/22,0.0,0.0,0.0,0.0,0.2240847524752475,77.24600219726562
2018/03/23,0.0,0.0,0.0,0.0,0.2004551587301587,74.77799987792969
2018/03/26,0.1779,0.0,0.0,0.1779,0.1792032710280373,77.79299926757812
2018/03/27,0.1779,0.0,0.1779,0.1779,0.2112636363636363,74.85250091552734
2018/03/28,-0.0605,0.0,0.0,0.1041538461538461,0.104287294117647,71.57099914550781
2018/03/29,-0.182625,0.1779,0.0,0.05805,0.1024033434650456,72.36699676513672
2018/04/02,-0.0516,-0.25,0.0,0.2829,0.0535791925465838,68.59950256347656
2018/04/03,0.0869399999999999,0.0,0.0,0.4404,0.0595804912280701,69.60250091552734
2018/04/04,0.3612,0.0,0.0,0.2356,0.1239564220183486,70.52850341796875
2018/04/05,0.1027,0.0,0.14305,0.2458666666666666,0.1423953662182361,72.5875015258789
2018/04/06,0.0,0.0,0.0,0.1779,0.0837840125391849,70.2614974975586
2018/04/09,0.0,0.0,0.0,0.07116,0.1551322195704057,70.30400085449219
2018/04/10,0.0,0.0,-0.62225,-0.4939,0.1790786848072562,71.81099700927734
2018/04/11,0.0,0.0,0.0,0.0985249999999999,0.2237257206208426,71.35250091552734
2018/04/12,0.0,0.5267,0.1779,0.4767,0.2339232365145228,72.42500305175781
2018/04/13,-0.296,0.0,0.0,-0.25575,0.1681856920684292,71.53949737548828
2018/04/16,0.128,0.0,0.0,-0.2217,0.1679777251184834,72.07499694824219
2018/04/17,0.296,0.0,0.0,0.0795,0.1946638198757764,75.19149780273438
2018/04/18,0.1779,0.0,0.0,0.20596,0.1826823308270676,76.39199829101562
2018/04/19,0.1779,0.296,0.1779,0.3234555555555556,0.173255298013245,77.84549713134766
2018/04/20,0.0,0.1779,0.0,0.0593,0.1667574757281553,76.37449645996094
2018/04/23,0.0,0.0,0.0,0.38915,0.1650482897384305,75.89299774169922
2018/04/24,0.2983,0.0,0.0,0.2829,0.193766889632107,73.00450134277344
2018/04/25,0.25,0.2726142857142857,0.0,0.1791166666666666,0.0814369003690036,73.00849914550781
2018/04/26,-0.2023,0.0,0.0,0.26044,0.173172607003891,75.89800262451172
2018/04/27,0.4332399999999999,0.5574,0.0,0.2034699999999999,0.1735293805309734,78.63099670410156
2018/04/30,0.34,0.0,0.0,-0.040525,0.1914793319415448,78.30650329589844
2018/05/01,0.0,0.1779,0.0,0.2278909090909091,0.2261354969574036,79.11299896240234
2018/05/02,0.1779,0.0,0.0,0.1779,0.1728485018726591,78.48400115966797
2018/05/03,0.1779,0.0,0.0,0.3818,0.204978064516129,78.60399627685547
2018/05/04,0.0,0.5106,0.0,0.765,0.2411516826923077,79.04750061035156
2018/05/07,0.1779,-0.2732,-0.296,0.0,0.2037893410852713,80.00700378417969
2018/05/08,0.0,0.0,0.0,0.1779,0.1968725806451613,79.61949920654297
2018/05/09,0.4404,0.0,0.0,0.3107,0.2127538188277087,80.4000015258789
2018/05/10,0.0,0.0,0.1779,0.4364,0.190052688172043,80.4540023803711
2018/05/11,0.0,0.0,0.0,0.4767,0.2535808411214953,80.14550018310547
2018/05/14,0.3416,0.0,0.0,0.1779,0.1713060402684564,80.0770034790039
2018/05/15,0.1779,0.0,0.0,-0.05866,0.1992106299212598,78.80599975585938
2018/05/16,-0.128,0.0,0.0,0.2095,0.1855554603854389,79.36399841308594
2018/05/17,-0.6486,0.0,0.0,0.1812857142857143,0.2260296728971962,79.08799743652344
2018/05/18,0.1779,0.0,0.0,0.2398714285714285,0.2146497487437186,78.71849822998047
2018/05/21,0.0,0.0,0.0,0.0,0.2226840909090909,79.27300262451172
2018/05/22,0.0772,0.0,0.0,0.1779,0.1937075242718446,79.06999969482422
2018/05/23,0.0,0.0,0.0,0.0,0.2491558241758241,80.09300231933594
2018/05/24,0.0,0.0,0.0,0.0,0.2305935185185185,80.15350341796875
2018/05/25,0.0,0.0,0.0,0.2249699999999999,0.222275,80.50749969482422
2018/05/29,0.0,0.0,0.0,0.1217333333333333,0.2356284738041002,80.64350128173828
2018/05/30,0.0,0.0,0.0,0.4748,0.1909264299802761,81.24449920654297
2018/05/31,0.25,0.0,0.0,0.3139,0.1789010373443983,81.48100280761719
2018/06/01,0.0,0.25,0.0,0.5625,0.2193080082135523,82.0770034790039
2018/06/04,0.1779,0.296,0.0,0.0,0.1792453629032258,83.26349639892578
2018/06/05,0.0,0.0,0.0,0.0,0.1628547396528705,84.81749725341797
2018/06/06,0.0,0.1779,0.0,-0.2023,0.1607979274611399,84.7874984741211
2018/06/07,0.0593,-0.0236999999999999,0.0,0.10010625,0.2069688128772636,84.46499633789062
2018/06/08,0.0,0.0,0.0,0.09165,0.2226063451776649,84.19950103759766
2018/06/11,0.1779,0.0,0.0,0.0,0.202143654822335,84.45600128173828
2018/06/12,0.0,0.0,0.0,0.1779,0.2036532846715328,84.9375
2018/06/13,0.0,-0.4767,0.0,0.1176333333333333,0.2018438669438669,85.24299621582031
2018/06/14,0.4266999999999999,0.0,0.0,0.3696,0.1921591503267974,86.19300079345703
2018/06/15,0.0,0.0,0.0,0.0,0.2085538461538461,85.79850006103516
2018/06/18,0.0,0.0,0.0,0.1422416666666666,0.2433671641791044,86.18949890136719
2018/06/19,0.0,0.0,0.0,0.1779,0.2211476470588235,86.73899841308594
2018/06/20,0.1779,0.0,0.0,0.0,0.2137242857142857,87.50399780273438
2018/06/21,-0.0772,0.0,0.5106,0.0,0.1937418719211822,86.51100158691406
2018/06/22,0.0,-0.4019,0.0,0.12765,0.0238288343558282,85.78350067138672
2018/06/25,0.0,0.34,0.0,0.4404,0.1174429133858267,83.15750122070312
2018/06/26,0.0,0.0,0.0,0.1779,0.2266494974874372,84.55449676513672
2018/06/27,0.0,0.0,0.0,0.20935,0.1251212410501193,83.02549743652344
2018/06/28,-0.09488,0.0,0.0,0.1983875,0.1672678848283499,85.07250213623047
2018/06/29,0.0,0.0,0.0,0.2127,0.1545853146853146,84.98999786376953
2018/07/02,0.0,0.0,0.0,0.6369,0.2038516393442623,85.68900299072266
2018/07/03,0.1779,0.0,0.0,0.1779,0.217553488372093,84.697998046875
2018/07/05,0.0,0.0,0.0,0.2651,0.2036793565683645,84.98650360107422
2018/07/06,0.0,0.0,0.0,0.4884285714285715,0.1945395348837209,85.53150177001953
2018/07/09,0.0,0.0,0.0,0.1806,0.2183289915966386,86.95099639892578
2018/07/10,0.0,0.0,0.0,-0.2263,0.201892548076923,87.15350341796875
2018/07/11,0.0,0.0,0.1779,0.0828375,0.1852868360277136,87.75
2018/07/12,0.0,0.0,0.0,0.1027,0.1997265277777777,89.83100128173828
2018/07/13,0.128,0.0,0.0,0.4012499999999999,0.1643954268292683,90.65149688720705
2018/07/16,0.0516,0.0,0.0,0.09414,0.1429903926482874,91.12449645996094
2018/07/17,0.1779,0.0,0.0,0.7781750000000001,0.1600225165562914,92.19650268554688
2018/07/18,0.0593,0.5849,0.0,0.045075,0.1635914893617021,92.14600372314452
2018/07/19,0.1779,0.0,0.0,0.6293,0.1577317487266553,90.64849853515624
2018/07/20,0.0,0.0,0.0,0.1779,0.2127142857142857,90.68499755859376
2018/07/23,0.0,-0.3612,0.0,0.1702,0.1642939338235294,90.0999984741211
2018/07/24,0.0,-0.5994,0.0,0.0,0.1718162790697674,91.46199798583984
2018/07/25,0.0,0.0,0.0,0.1779,0.1711338652482269,93.18049621582033
2018/07/26,0.38865,0.5574,0.0,0.3421,0.161645871559633,90.4000015258789
2018/07/27,0.8442,0.0,0.0,0.4357357142857143,0.1734497890295358,90.8635025024414
2018/07/30,0.0,0.0,0.7506,0.1779,0.1263951526032316,88.96099853515625
2018/07/31,0.0,0.0,0.0,0.27816,0.1631231034482758,88.87200164794922
2018/08/01,0.2023,0.0,0.5859,0.5994,0.1828560073937153,89.8584976196289
2018/08/02,0.0,0.0,0.0,0.3062,0.1851600358422939,91.71649932861328
2018/08/03,0.2202,0.0,0.0,0.0,0.2007240310077519,91.16449737548828
2018/08/06,0.0,0.08895,0.0,0.0,0.1963364145658263,92.3874969482422
2018/08/07,0.1779,0.0,0.0,0.254925,0.1861533678756476,93.1240005493164
2018/08/08,0.1779,0.0,0.0,0.0,0.2055763747454175,94.32599639892578
2018/08/09,0.0,0.0,0.0,0.3227333333333333,0.1789960893854748,94.9260025024414
2018/08/10,0.0,0.0,0.0,0.1779,0.1743073239436619,94.31500244140624
2018/08/13,0.0,0.5859,0.0,0.359575,0.2179226262626262,94.80999755859376
2018/08/14,0.1779,0.0,0.0,0.2751692307692308,0.1488673346693386,95.98249816894533
2018/08/15,0.0,0.0,0.0,0.5994,0.1703631944444444,94.13099670410156
2018/08/16,0.296,0.1779,0.0,0.03543,0.1998874213836478,94.32599639892578
2018/08/17,-0.128,0.0,0.0,0.1779,0.1444239583333333,94.11100006103516
2018/08/20,0.0,0.3353,0.0,0.1556625,0.1981353107344632,93.83550262451172
2018/08/21,0.0,0.0,0.0,0.650025,0.2396619647355164,94.1709976196289
2018/08/22,0.1779,0.5423,0.0,0.0,0.2193707656612529,95.24500274658205
2018/08/23,0.0,0.0,0.0,0.0483,0.1895766331658291,95.1449966430664
2018/08/24,0.5423,0.0,0.0,0.0,0.1837178807947019,95.26950073242188
2018/08/27,0.0,0.0,0.0,0.1779,0.2087194774346793,96.38400268554688
2018/08/28,0.0,0.0,0.0,0.1938,0.1998342052313883,96.64099884033205
2018/08/29,0.0,0.0,0.0,0.2926,0.1846805150214592,99.90499877929688
2018/08/30,0.4404,-0.25,0.0,-0.1594,0.2007233333333333,100.11900329589844
2018/08/31,-0.2732,0.0,0.0,0.1950666666666666,0.1979378787878788,100.635498046875
2018/09/04,0.1779,0.0,-0.098,0.25112,0.2264105116279069,101.97550201416016
2018/09/05,0.1779,0.5574,0.4767,-0.0637181818181818,0.1784983815028901,99.74099731445312
2018/09/06,0.0,0.3612,0.0,0.1871294117647058,0.1417205091937765,97.91549682617188
2018/09/07,0.0,0.0,0.0,0.08895,0.1607111380145278,97.60350036621094
2018/09/10,0.0,0.0,0.0,0.4588,0.1549638775510204,96.95050048828124
2018/09/11,0.0,0.0,0.0,0.31835,0.1717450479233226,99.35749816894533
2018/09/12,0.1779,0.0,0.0,0.14495,0.1633727459016393,99.5
2018/09/13,0.0,0.0,0.0,0.5994,0.2466082278481012,99.49349975585938
2018/09/14,0.44015,0.4215,0.0,0.3049,0.1859664319248826,98.5094985961914
2018/09/17,0.1779,0.1779,0.0,0.41336,0.1549499215070643,95.40149688720705
2018/09/18,0.1779,0.0,0.0,0.1779,0.185465774378585,97.05249786376952
2018/09/19,0.08895,0.0,0.0,-0.03515,0.1333146126760563,96.3209991455078
2018/09/20,0.0516,0.0,0.0,0.1333,0.1704760188087774,97.21499633789062
2018/09/21,0.0,0.0,0.0,0.0,0.1196380952380952,95.75050354003906
2018/09/24,0.1779,0.0,0.0,0.1498111111111111,0.216255737704918,96.71800231933594
2018/09/25,0.0,0.0,0.0,0.3092333333333333,0.1945905821917808,98.72750091552734
2018/09/26,0.0,0.0,0.0,0.1779,0.1912360396039604,98.74250030517578
2018/09/27,0.08895,0.0,0.0,0.25685,0.1656881300813008,100.64900207519533
2018/09/28,-0.34,-0.2732,0.0,0.4588,0.2077646913580247,100.1500015258789
2018/10/01,0.0,-0.4404,0.4404,0.3044,0.1676209302325581,100.21800231933594
2018/10/02,0.2775,0.0,0.0,0.5268333333333334,0.1854909703504043,98.56549835205078
2018/10/03,0.0,0.0061333333333333,0.5849,0.44375,0.1701998535871156,97.63800048828124
2018/10/04,0.4524,0.6117,0.0,0.3612,0.1289643137254902,95.47100067138672
2018/10/05,0.0,0.0,0.0,0.0,0.142109168081494,94.48249816894533
2018/10/08,-0.2732,0.1779,0.0,0.0,0.1253104825291181,93.22100067138672
2018/10/09,0.0,0.1779,0.0,0.304125,0.1234789762340036,93.51599884033205
2018/10/10,0.2298666666666667,0.0,0.0,0.2307999999999999,0.1060569521690767,87.76249694824219
2018/10/11,0.0,-0.2023,0.0,-0.1150846153846153,0.1671954773869347,85.96800231933594
2018/10/12,-0.296,0.0,0.0,0.2123199999999999,0.1791943925233645,89.43049621582031
2018/10/15,0.0,0.0,0.0,0.3612,0.1553798932384341,88.04750061035156
2018/10/16,0.0,0.0,-0.2247,0.1779,0.1719416809605489,90.9980010986328
2018/10/17,0.296,0.0,0.0,0.0,0.1670980295566502,91.58650207519533
2018/10/18,0.1779,0.0,0.49135,0.02265,0.082910294117647,88.53600311279297
2018/10/19,0.0,0.0,0.0,0.7064999999999999,0.1126154013015184,88.20149993896484
2018/10/22,0.0,0.0,0.0,0.24866,0.1484753846153846,89.46499633789062
2018/10/23,0.5267,0.0,0.0,0.2591,0.1309521008403361,88.43499755859375
2018/10/24,0.0,0.1779,0.0,0.1844,0.1435268027210884,83.20999908447266
2018/10/25,0.0487999999999999,0.0,0.0,0.0,0.0740779359430605,89.1084976196289
2018/10/26,0.142,0.1265,0.0,0.0616043478260869,0.1052627304147465,82.1405029296875
2018/10/29,0.0,0.4215,0.0,0.1779,0.0852018368846436,76.94400024414062
2018/10/30,0.0,0.0,0.0,0.1779,0.1001888785046729,76.52100372314453
2018/10/31,0.0,0.0,0.0,0.2709,0.1731923423423423,79.90049743652344
2018/11/01,0.0,0.0,0.0,0.0,0.1693169167803547,83.27649688720703
2018/11/02,0.0,0.0,0.0,0.4766999999999999,0.175898449612403,83.27649688720703
2018/11/05,0.5267,0.1779,0.0,0.2069399999999999,0.1872793400286944,81.38999938964844
2018/11/06,0.1779,0.0,0.0,0.54735,0.1499542592592592,82.1405029296875
2018/11/07,0.0,0.0,0.0,0.1779,0.1827,87.77449798583984
2018/11/08,0.4939,0.0,0.0,0.0,0.1824452991452991,87.74549865722656
2018/11/09,-0.2023,0.0,0.0,0.1779,0.1809929432013769,85.62149810791016
2018/11/12,0.1779,0.0,0.0,0.25,0.1476796780684104,81.84249877929688
2018/11/13,0.1779,0.0,0.0,0.1779,0.1724624476987447,81.55850219726562
2018/11/14,0.0,0.0,0.0,0.15546,0.14307302259887,79.95050048828125
2018/11/15,0.0,0.0,0.0,0.1779,0.0961613207547169,80.97200012207031
2018/11/16,0.0,-0.1217999999999999,0.0,0.5719,0.0956322645290581,79.67050170898438
2018/11/19,0.0,0.0,0.0,0.1779,0.148145737704918,75.614501953125
2018/11/20,0.1779,0.0,0.0,0.2525666666666666,0.1104486373165618,74.77300262451172
2018/11/21,0.1779,0.48245,0.0,0.4024666666666667,0.1935585034013605,75.83650207519531
2018/11/23,0.0516,0.0,0.0,0.0,0.1254461748633879,75.10299682617188
2018/11/26,0.1779,0.0,0.3612,0.4903857142857143,0.1936159733777038,79.06649780273438
2018/11/27,0.1779,0.7096,0.0,0.1973428571428571,0.1947495145631068,79.07099914550781
2018/11/28,0.0,-0.5719,0.0,0.189825,0.1737567295597484,83.88749694824219
2018/11/29,0.1186,0.0,0.0,0.583375,0.2030489402697495,83.67849731445312
2018/11/30,0.0,0.0,0.0,0.0,0.2191224839400428,84.50849914550781
2018/12/03,0.624,0.0,0.0,0.4588,0.2125489361702127,88.61799621582031
2018/12/04,0.0,0.0,0.0,0.2948666666666666,0.1103400324149108,83.41999816894531
2018/12/06,0.1779,0.0,0.0,0.06606,0.1126910016977928,84.95950317382812
2018/12/07,0.296,0.0,0.0,0.5465625000000001,0.13729381663113,81.45649719238281
2018/12/10,0.0,0.0,0.0,-0.13725,0.1098075471698113,82.05149841308594
2018/12/11,0.0,0.0,0.0,0.1779,0.1166774193548387,82.16200256347656
2018/12/12,0.1779,0.0,0.0,0.18512,0.1364231067961165,83.177001953125
2018/12/13,0.0,0.1779,0.0,0.1779,0.1504578947368421,82.91899871826172
2018/12/14,0.0,0.0,0.0,0.5994,0.1065512922465208,79.59549713134766
2018/12/17,0.0516,0.25,0.0,0.0,0.1258580419580419,76.04550170898438
2018/12/18,0.0,0.0,0.0,0.22555,0.1158057971014492,77.5739974975586
2018/12/19,0.0,0.0,0.0,0.0,0.1450117307692307,74.75399780273438
2018/12/20,-0.189,0.0,0.0,-0.0122,0.1226946202531645,73.04149627685547
2018/12/21,0.0,0.0,0.0,0.1779,0.0742387362637362,68.87249755859375
2018/12/24,0.0,0.0,0.0,0.2096666666666666,0.1268824858757062,67.197998046875
2018/12/26,0.1779,0.0,0.0,0.3943,0.2185026063100137,73.54499816894531
2018/12/27,0.0,0.5267,0.0,0.2643,0.1087770676691729,73.08200073242188
2018/12/28,0.5267,0.0,0.0,0.6759666666666666,0.1853856617647059,73.9010009765625
2018/12/31,0.0,0.0,0.0,0.2130125,0.1625653992395437,75.09850311279297
2019/01/02,0.0,-0.1326,0.0,0.0,0.1604043413173652,76.95649719238281
2019/01/03,0.0,0.0,0.0,0.0,0.125581914893617,75.01399993896484
2019/01/04,0.0,0.0,0.0,0.4587999999999999,0.1497809595202399,78.76950073242188
2019/01/07,0.1779,0.0,0.0,0.2277,0.2195398273736128,81.47550201416016
2019/01/08,0.0,0.0,0.1779,0.1779,0.2010164265129683,82.8290023803711
2019/01/09,0.1779,0.1779,0.0,0.7184,0.1882868649318463,82.97100067138672
2019/01/10,-0.09165,0.1779,0.0,0.1779,0.1885043763676148,82.81099700927734
2019/01/11,0.0,0.0,0.0,0.4588,0.1842945132743363,82.02799987792969
2019/01/14,0.0,0.0,0.0,0.5859,0.1563156387665198,80.8604965209961
2019/01/15,0.0,0.0,0.1779,0.1779,0.20459504,83.72799682617188
2019/01/16,0.0,0.0,0.0,0.164425,0.1593201365187713,84.18900299072266
2019/01/17,0.1779,0.0,0.0,0.0,0.11809,84.66100311279297
2019/01/18,0.0,0.0,0.0,0.1779,0.1714154929577465,84.80999755859375
2019/01/22,0.0,0.0,0.0,0.0,0.1981637342908438,81.6084976196289
2019/01/23,0.1027,0.3612,0.0,0.239,0.18284165232358,82.0009994506836
2019/01/24,0.296,0.0,0.0,0.2414,0.2324788259958071,82.74649810791016
2019/01/25,0.0,0.0,0.0,0.1779,0.1937465250965251,83.52850341796875
2019/01/28,0.0,0.4588,0.0,0.0,0.1925906560636182,81.89450073242188
2019/01/29,0.0,0.0,0.0,0.0,0.1498713567839196,79.69400024414062
2019/01/30,0.0,0.0,0.0,0.0,0.2048773927392739,83.52149963378906
2019/01/31,0.2348666666666666,0.0,0.0,0.1755666666666666,0.0865922261484099,85.9365005493164
2019/02/01,0.08895,0.8714,0.0,0.0555,0.1302013218770654,81.3115005493164
2019/02/04,0.0,0.0,0.0,0.27534,0.1416726943942133,81.66549682617188
2019/02/05,-0.0122,0.0,0.0,0.0,0.1968080586080586,82.94049835205078
2019/02/06,0.0,0.0,0.0,0.0,0.1508955294117647,82.01300048828125
2019/02/07,0.1779,0.0,0.0,0.0,0.1335013377926421,80.71849822998047
2019/02/08,0.0593,0.0,0.0,0.0,0.0974496650717703,79.41100311279297
2019/02/11,0.0,0.0,0.0,-0.0317666666666666,0.1727589792060491,79.55000305175781
2019/02/12,0.0,0.0,0.0,0.5267,0.1664862236628849,81.90049743652344
2019/02/13,0.44375,0.0,0.0,0.0,0.1715239726027397,82.0
2019/02/14,0.07604,0.0,0.0,0.1779,0.1271143347639485,81.13249969482422
2019/02/15,0.1779,0.0,0.0,0.043125,0.1378786919831223,80.39749908447266
2019/02/19,0.0,0.0,0.0,0.1102,0.1729064864864865,81.37899780273438
2019/02/20,0.0,0.0,0.0,0.2438333333333333,0.1709118534482758,81.1050033569336
2019/02/21,0.0,0.0,0.0,0.0,0.1428429769392033,80.97200012207031
2019/02/22,0.3412,0.0,0.0,0.3412,0.1693904139433551,81.5780029296875
2019/02/25,0.1779,0.0,0.0,0.261075,0.1821278450363196,81.6500015258789
2019/02/26,0.1901,0.0,0.0,0.0,0.26322,81.81999969482422
2019/02/27,0.1779,0.0,0.0,0.1779,0.1680016393442623,82.05449676513672
2019/02/28,0.0,0.0,0.1779,0.1779,0.1646779850746268,81.99150085449219
2019/03/01,0.1779,0.0,0.0,0.3269833333333333,0.1566473520249221,83.58650207519531
2019/03/04,0.0,0.0,0.0,0.3656,0.1917808669656203,84.80850219726562
2019/03/05,0.0,-0.124,0.0,0.0536571428571428,0.1729420107719928,84.62149810791016
2019/03/06,0.2172666666666666,0.02495,0.0,0.1806,0.1597856435643564,83.44750213623047
2019/03/07,0.0,0.0,0.0,0.3522,0.1545975720789074,81.29750061035156
2019/03/08,0.0,0.0,0.0,0.6281000000000001,0.2040527960526315,81.04000091552734
2019/03/11,-0.58365,0.1779,0.0,0.43035,0.219364,83.53099822998047
2019/03/12,0.0,0.0,0.1779,0.1779,0.1836182640144665,83.65499877929688
2019/03/13,0.0,0.0,0.0,0.5423,0.1682790209790209,84.54049682617188
2019/03/14,0.2732,0.0,0.0,0.0,0.1843967465753424,84.31099700927734
2019/03/15,0.0,0.0,0.0,0.1779,0.1861061224489796,85.61799621582031
2019/03/18,0.0,0.0,0.0,0.6091875,0.2010021472392638,87.10749816894531
2019/03/19,0.0,0.0,0.0,0.4187999999999999,0.2086563742690058,88.09249877929688
2019/03/20,0.0,0.0,0.0,0.1779,0.1776140869565217,89.8635025024414
2019/03/21,0.1779,0.0,0.0,0.0,0.1759653424657534,90.96299743652344
2019/03/22,0.0,0.0,0.0,0.0,0.1760083495145631,88.2385025024414
2019/03/25,0.0,0.0,0.0,0.0,0.182731365935919,88.71299743652344
2019/03/26,0.0,0.0,0.0,0.3659857142857143,0.1766537162162162,89.18800354003906
2019/03/27,0.52565,0.0,0.0,0.1611,0.1503848142164782,88.28500366210938
2019/03/28,0.1779,0.0,0.0,0.1779,0.1772990322580645,88.6709976196289
2019/03/29,0.1779,0.0,0.0,0.0,0.1838457943925233,89.0374984741211
2019/04/01,0.0,0.0,0.4019,0.0516,0.123046875,90.70950317382812
2019/04/02,0.0,-0.4215,0.0,0.3182,0.1322481540930979,90.6989974975586
2019/04/03,0.1094,0.0,0.0,0.1779,0.2009230769230769,91.03500366210938
2019/04/04,0.0,0.5574,0.0,0.2914833333333333,0.1986775933609958,90.94300079345705
2019/04/05,-0.08105,0.0,0.0,0.2586692307692307,0.1862266055045871,91.86399841308594
2019/04/08,-0.0258,0.4588,0.0,0.5037750000000001,0.2171457142857143,92.49299621582033
2019/04/09,-0.296,-0.25,0.0,0.0,0.1956787162162162,91.79199981689452
2019/04/10,0.1779,0.0,0.0,0.0,0.1308488721804511,92.3665008544922
2019/04/11,0.12755,0.0,0.128,0.4215,0.1592673239436619,92.20349884033205
2019/04/12,0.0,0.0,0.0,0.3366666666666666,0.1628959847036328,92.15299987792967
2019/04/15,0.4404,-0.2732,0.08895,0.5106,0.2101280587275693,92.24349975585938
2019/04/16,0.1779,0.0,0.0,0.1779,0.1982891228070175,93.1520004272461
2019/04/17,-0.34,0.1779,0.0,0.1779,0.2031765137614679,93.24099731445312
2019/04/18,0.1779,0.0,0.0,0.6124,0.2018694164989939,93.08450317382812
2019/04/22,0.0,-0.4215,0.0,0.5555333333333333,0.1800202268431001,94.3655014038086
2019/04/23,0.5106,0.0,0.0,0.4886,0.2311041297935103,96.1884994506836
2019/04/24,0.0,0.0,0.0,0.2556454545454545,0.2166668918918918,95.0875015258789
2019/04/25,0.0,0.0,0.0,0.06842,0.3528571428571428,95.1125030517578
2019/04/26,0.2787,0.5106,0.0,0.269848,0.2179660649819494,97.53150177001952
2019/04/29,0.1901,0.0,0.0,0.261295,0.1718189555125725,96.92150115966795
2019/04/30,0.3818,0.0,0.0,0.0,0.1779431127012522,96.32599639892578
2019/05/01,0.133425,0.0,-0.7579,0.7717,0.16757969762419,95.57599639892578
2019/05/02,0.0,0.0,0.0,0.1079928571428571,0.2422845318860244,95.04100036621094
2019/05/03,0.0,0.0,0.0,0.5994,0.1798618451915559,98.1230010986328
2019/05/06,0.0,0.0,0.0,0.0,0.1563271787296898,97.52749633789062
2019/05/07,0.0,0.1779,0.0,0.1818499999999999,0.1667159021406727,96.0500030517578
2019/05/08,0.0,0.0,0.0,0.0,0.182887331081081,95.88849639892578
2019/05/09,0.0,0.6124,0.0,0.0,0.1487683229813664,94.99349975585938
2019/05/10,-0.21075,0.0,0.0,0.2038,0.1756551204819277,94.4990005493164
2019/05/13,0.3773999999999999,0.0,0.0,0.0593,0.1584780907668231,91.13400268554688
2019/05/14,0.2123,0.0,0.0,0.220684375,0.1677660071942446,92.00599670410156
2019/05/15,0.1779,0.0,0.0,0.279675,0.2071893939393939,93.55750274658205
2019/05/16,0.0,0.0,0.0,0.08895,0.2116438692098092,95.37850189208984
2019/05/17,0.2682,0.1779,0.0,0.4404,0.2162750809061489,93.4499969482422
2019/05/20,0.0,0.2023,0.0,0.0,0.2427566929133858,92.94850158691406
2019/05/21,0.0,0.0,0.0,0.3409999999999999,0.1680884758364312,92.8759994506836
2019/05/22,0.0,0.0,0.6705,0.0593,0.1271079601990049,92.98400115966795
2019/05/23,0.0,0.0,0.0,0.1779,0.172118691588785,90.77400207519533
2019/05/24,-0.2392499999999999,0.0,0.0,0.5766,0.2178499021526418,91.16400146484376
2019/05/28,0.1779,0.0,0.0,0.119175,0.2095331764705882,91.82150268554688
2019/05/29,0.0,0.24605,0.0,0.1779,0.1838789898989899,90.95950317382812
2019/05/30,0.0,-0.34,0.0,0.1779,0.18149216152019,90.81600189208984
2019/05/31,0.66845,0.0,0.0,0.4145857142857143,0.1838109756097561,88.75350189208984
2019/06/03,0.06315,0.1779,0.0,0.32555,0.0777343925233644,84.6344985961914
2019/06/04,0.0,0.0,0.0,0.1779,0.1380134644478063,86.47799682617188
2019/06/05,0.0,0.0,0.0,0.0,0.158851966873706,86.92500305175781
2019/06/06,0.3612,0.6937,0.0,0.3749,0.13679375,87.71800231933594
2019/06/07,0.1779,0.0,0.0,0.133425,0.1352774725274725,90.20149993896484
2019/06/10,0.0,0.0,0.0,0.1471,0.2059925403225806,93.03150177001952
2019/06/11,0.1779,0.1779,0.0,0.1779,0.1852365461847389,93.18499755859376
2019/06/12,0.0,0.0,0.0,0.4734142857142857,0.1744727659574468,92.76599884033205
2019/06/13,-0.1779,0.4588,0.0,0.1027,0.1411357868020304,93.51499938964844
2019/06/14,0.0,0.0,0.0,0.1027,0.1851357954545454,93.4834976196289
2019/06/17,0.0,0.0,0.0,0.0,0.1727754098360655,94.30149841308594
2019/06/18,0.0,0.0,0.0,0.1779,0.1631936936936937,95.06849670410156
2019/06/19,0.0,0.0,0.0,0.0,0.144652,95.4394989013672
2019/06/20,0.0,0.0,0.0,0.31835,0.1696787709497206,95.90950012207033
2019/06/21,0.1779,0.0,0.0,0.4588,0.1948188976377952,95.56500244140624
2019/06/24,0.6705,0.0,0.0,0.4090888888888889,0.1940950549450549,95.69499969482422
2019/06/25,0.0,0.0,0.0,0.2198666666666666,0.1940064257028112,93.91349792480467
2019/06/26,0.0,0.0,0.0,0.4215,0.1860388888888889,94.8915023803711
2019/06/27,0.1779,0.0,0.0,0.2838666666666666,0.115332981530343,95.21399688720705
2019/06/28,0.0,0.0,0.0,0.5267,0.1989070110701107,94.68150329589844
2019/07/01,0.0,0.0,0.0,0.1779,0.1925231197771588,96.1094970703125
2019/07/02,0.1779,0.0,0.0,0.1779,0.2170872860635697,96.71549987792967
2019/07/03,0.1779,0.0,0.0,0.1779,0.1826283422459893,96.9499969482422
2019/07/05,0.08895,0.3592,0.0,0.1779,0.193218954248366,97.14550018310548
2019/07/08,0.0,0.1779,0.0,0.1186,0.1892784232365145,97.61599731445312
2019/07/09,0.6705,0.0,0.2727,0.36335,0.1824164819944598,99.41500091552734
2019/07/10,0.6369,0.0,0.0,0.5333,0.194480487804878,100.87049865722656
2019/07/11,0.0,0.0,0.0,0.1779,0.1717218236173393,100.05349731445312
2019/07/12,0.0,0.0,0.0,0.03558,0.2345966731898238,100.5500030517578
2019/07/15,-0.0516,-0.0772,0.0,0.05337,0.2068222222222222,101.04949951171876
2019/07/16,0.4346666666666666,0.1779,0.0,0.5196666666666667,0.2247294685990338,100.49500274658205
2019/07/17,0.11162,0.1779,-0.1779,0.1779,0.1615476340694006,99.60150146484376
2019/07/18,0.0,0.0,0.0,0.183225,0.1594722912966252,98.8949966430664
2019/07/19,0.0,0.1779,-0.4215,0.35785,0.1803794037940379,98.22599792480467
2019/07/22,0.1779,0.0,0.0,0.0,0.1401561561561561,99.28150177001952
2019/07/23,0.0,-0.6908,0.0,0.07554,0.1436234234234234,99.72450256347656
2019/07/24,-0.3612,0.25,0.0,0.1779,0.1343432758620689,100.04049682617188
2019/07/25,0.4404,-0.0258,0.0,0.1272,0.1330371338912134,98.69100189208984
2019/07/26,0.0,0.0,0.0,-0.005725,0.1324685483870968,97.15249633789062
2019/07/29,0.1779,0.5423,0.0,0.4404,0.1475112595419847,95.62249755859376
2019/07/30,0.0258,0.0,0.0,0.2566181818181818,0.1584093220338983,94.92649841308594
2019/07/31,0.08895,0.0,0.0,0.1779,0.1558044052863436,93.33899688720705
2019/08/01,0.29015,0.0,0.0,0.0,0.168966835016835,92.76599884033205
2019/08/02,0.1779,0.0,0.0,0.24444,0.1504768267223382,91.16200256347656
2019/08/05,0.0,0.0,0.0,0.5343,0.171480202020202,88.25650024414062
2019/08/06,0.1268999999999999,0.0,0.0,0.2941666666666666,0.1444906698564593,89.3915023803711
2019/08/07,0.1779,-0.2732,0.0,0.0762428571428571,0.1657002298850574,89.66999816894531
2019/08/08,0.0,0.0,0.0,0.0,0.1958095823095823,91.64450073242188
2019/08/09,0.0,0.0,0.0,0.38295,0.1831473520249221,90.37899780273438
2019/08/12,-0.3141,0.0,0.0,0.1779,0.1977623376623376,89.24600219726562
2019/08/13,0.1779,0.0,0.0,0.1779,0.1705152173913043,91.21700286865234
2019/08/14,0.6124,0.0,0.0,0.3612,0.1455818181818181,88.14800262451172
2019/08/15,0.0,0.0,0.0,0.5662200000000001,0.1632271255060728,88.80599975585938
2019/08/16,-0.6124,0.1779,0.0,0.1779,0.2220514806378132,89.62850189208984
2019/08/19,0.0,0.0,0.0,0.0,0.2041828496042216,90.80599975585938
2019/08/20,0.0,-0.1779,0.0,0.14345,0.139813671875,90.06900024414062
2019/08/21,0.0,0.0,0.0,0.1111875,0.1768983050847457,91.177001953125
2019/08/22,0.4767,0.0,0.0,0.0,0.1897470363288719,90.23300170898438
2019/08/23,0.0109,-0.4215,0.0,0.40848,0.1489115942028985,87.48100280761719
2019/08/26,0.0,0.5574,0.0,0.0,0.1803204188481675,88.44349670410156
2019/08/27,0.0,0.0,0.0,0.5048333333333334,0.0953527593818984,88.09149932861328
2019/08/28,0.1779,0.0,0.0,0.0,0.1303723076923076,88.2125015258789
2019/08/29,0.0,0.0,0.0,0.0,0.206275487012987,89.31999969482422
2019/08/30,0.1779,0.0,0.0,0.1779,0.1714983277591973,88.81449890136719
2019/09/03,0.0,0.0,0.0,0.1779,0.1646708766716196,89.49199676513672
2019/09/04,0.1779,0.0,0.0,0.4748,0.1899340388007054,90.03099822998047
2019/09/05,0.0,0.0,0.0,0.1779,0.2227938610662358,92.03600311279295
2019/09/06,0.0,0.0,0.5267,0.0,0.2170426386233269,91.67549896240234
2019/09/09,0.0,0.0,0.0,0.0,0.1315694300518134,91.56749725341795
2019/09/10,0.0,0.4939,0.0,0.2414333333333333,0.1705552132701421,91.02749633789062
2019/09/11,0.0,0.0,0.0,0.053875,0.1284593314763231,91.14949798583984
2019/09/12,-0.6369,0.2732,0.0,0.1779,0.1616657430730478,92.17749786376952
2019/09/13,0.2263,0.0,0.0,0.0,0.2039921985815602,91.96700286865234
2019/09/16,0.0,0.0,0.0,0.366,0.1935885245901639,90.39199829101562
2019/09/17,0.1779,0.0,0.0,0.2732,0.1624271875,91.12750244140624
2019/09/18,0.0,0.0,0.0,0.4767,0.171208222811671,90.8730010986328
2019/09/19,0.0,0.0,0.0,0.2096666666666666,0.2098367541766109,91.0749969482422
2019/09/20,0.0,0.0,0.0,0.0,0.1224211401425178,89.70800018310547
2019/09/23,0.0,0.0,0.0,0.1779,0.1502663829787233,89.26499938964844
2019/09/24,0.0,0.0,0.0,0.3421,0.1152590673575129,87.08049774169922
2019/09/25,0.1779,-0.128,0.0,0.7096,0.1689375733855186,88.41649627685547
2019/09/26,0.0,0.0,0.0,0.14306,0.1203232876712328,86.99199676513672
2019/09/27,0.0,0.0,0.0,0.0,0.1101440389294403,86.27249908447266
2019/09/30,0.0,0.0,0.0,0.0,0.1265786384976525,86.79550170898438
2019/10/01,0.1779,0.0,0.0,0.35468,0.1488237068965517,86.78250122070312
2019/10/02,0.0,0.0,0.0,0.0,0.1575074498567335,85.6614990234375
2019/10/03,0.0,0.0,0.0,0.2732,0.16688359375,86.22100067138672
2019/10/04,0.0,0.0,0.0,0.0,0.1456856031128404,86.98249816894531
2019/10/07,0.1779,0.0,0.0,0.7184,0.1347,86.63300323486328
2019/10/08,0.0,0.0,0.0,0.5267,0.1939557103064066,85.27549743652344
2019/10/09,0.0,0.0,0.0,0.0,0.1239506756756756,86.09950256347656
2019/10/10,0.0,0.0,0.0,0.0,0.153482005899705,86.01300048828125
2019/10/11,0.0,0.0,0.0,0.0811333333333333,0.1569043478260869,86.59600067138672
2019/10/14,0.0,0.0,0.0,0.1779,0.1610075757575757,86.82150268554688
2019/10/15,-0.05135,0.0,0.0,0.1779,0.1813609756097561,88.36900329589844
2019/10/16,0.1779,0.0,0.0,0.0,0.1662338199513382,88.87149810791016
2019/10/17,-0.1119999999999999,0.0,0.0,0.0,0.1416789203084833,89.3740005493164
2019/10/18,0.0,0.0,0.1779,0.1779,0.1504882666666666,87.87550354003906
2019/10/21,0.0,0.0,0.0,0.2941666666666666,0.1541722222222222,89.28299713134766
2019/10/22,0.0,0.0,0.0,0.2399714285714285,0.0735873417721519,88.2864990234375
2019/10/23,0.1779,0.0,0.0,0.1779,0.1618509302325581,88.1084976196289
2019/10/24,0.1139333333333333,0.4404,0.0,0.1450857142857143,0.1077444579780755,89.03900146484375
2019/10/25,0.29985,0.3612,0.0,0.0561642857142857,0.1365996813256851,88.06649780273438
2019/10/28,0.1779,0.0,0.1779,0.1779,0.1868333333333333,88.85399627685547
2019/10/29,0.05035,0.0,0.0,0.743,0.2163636363636363,88.135498046875
2019/10/30,0.1779,0.0,0.0,0.1779,0.1641753462603878,88.99949645996094
2019/10/31,0.0,0.0,0.0,0.1779,0.1462345195729537,88.83300018310547
2019/11/01,0.0,0.0,0.0,0.0,0.1801643598615917,89.5719985961914
2019/11/04,0.0,0.0,0.0,0.0,0.1889270769230769,90.23300170898438
2019/11/05,0.6908,0.0,0.0,0.1779,0.2024862973760932,90.08550262451172
2019/11/06,0.0,0.0,0.0,0.1550272727272727,0.2276593283582089,89.78849792480469
2019/11/07,0.0,0.0,0.0,0.3319272727272727,0.1589547557840616,89.41000366210938
2019/11/08,0.1779,0.0,0.0,0.2900230769230769,0.1871462427745664,89.29399871826172
2019/11/11,0.2294,0.0,0.0,0.4099,0.1601486486486486,88.5824966430664
2019/11/12,0.0,0.0,0.0,0.5290666666666667,0.1890299120234604,88.9000015258789
2019/11/13,-0.1779,0.0,0.0,0.1633222222222222,0.1034174004192872,87.65550231933594
2019/11/14,0.0,0.0,0.0,0.26161875,0.1726549199084668,87.7300033569336
2019/11/15,0.2034,0.0,0.0,0.301275,0.1083628755364806,86.97450256347656
2019/11/18,0.1809,0.0,0.0,0.28432,0.1619297979797979,87.62650299072266
2019/11/19,0.5267,0.0,0.0,0.3665416666666666,0.143341769041769,87.6395034790039
2019/11/20,0.0,0.0,0.0,0.1779,0.1577997695852534,87.27649688720703
2019/11/21,0.0,0.0,0.0,0.2205857142857143,0.1605097826086956,86.7354965209961
2019/11/22,-0.0258,0.0,0.0,0.0,0.15789375,87.28600311279297
2019/11/25,0.0,0.0,0.0,0.0,0.2086666666666666,88.69200134277344
2019/11/26,0.0,0.0,0.0,0.4666666666666666,0.1800111111111111,89.84700012207031
2019/11/27,0.5563,0.0,0.0,0.7287307692307692,0.2118353846153846,90.92549896240234
2019/11/29,0.6808,0.0,0.0,0.38835,0.2108915254237288,90.04000091552734
2019/12/02,0.5106,-0.7717,0.0,0.296,0.2091936781609195,89.08000183105469
2019/12/03,0.08895,-0.128,0.0,0.28652,0.1945259842519685,88.49800109863281
2019/12/04,0.5115,0.0,0.0,0.165875,0.1559013043478261,88.03450012207031
2019/12/05,0.0,0.0,0.0,0.29598,0.1559624737945492,87.02400207519531
2019/12/06,-0.296,0.0,0.0,0.1779,0.126877969762419,87.58000183105469
2019/12/09,-0.48845,0.6124,0.0,-0.4404,0.1552858611825192,87.47550201416016
2019/12/10,0.3752,0.0,0.0,0.0910666666666666,0.2583324324324325,86.96050262451172
2019/12/11,0.0,0.1779,0.0,0.25686,0.1582891402714932,87.43599700927734
2019/12/12,0.0,0.0,0.0,0.2226999999999999,0.2002529850746268,88.0165023803711
2019/12/13,0.0,0.0,0.0,0.1779,0.1685523676880223,88.0469970703125
2019/12/16,-0.0516,0.0,0.0,0.0,0.1651470588235294,88.46050262451172
2019/12/17,-0.1987,0.0,0.0,0.4309,0.2170073206442167,89.53299713134766
2019/12/18,0.5267,0.0,0.0,0.2481249999999999,0.1936545454545454,89.20149993896484
2019/12/19,0.1779,0.0,0.0,0.0,0.1797947845804988,89.61399841308594
2019/12/20,0.1779,0.0,0.0,0.1779,0.1982916666666666,89.32499694824219
2019/12/23,0.0,0.0,0.0,0.0,0.1248232209737827,89.6500015258789
2019/12/24,0.0,0.0,0.0,0.1779,0.2132320675105485,89.46050262451172
2019/12/26,0.8689,0.0,0.0,0.2348666666666666,0.2251143518518518,93.4384994506836
2019/12/27,-0.4215,0.0,0.0,0.1938,0.2274920168067226,93.48999786376952
2019/12/30,0.0,0.0,0.0,0.4019,0.2521072657743786,92.34449768066406
2019/12/31,0.0,0.0,0.0,0.0,0.2230369198312236,92.39199829101562
