date,mean_compound_reuters,mean_compound_guardian,mean_compound_cnbc,mean_compound_other,mean TH,Close,Volume,Open,High,Low,Adj Close
2015/01/02,0.0,0.0,0.0,0.11748,3.8,15.425999641418455,55664000.0,15.628999710083008,15.737500190734863,15.347999572753906,15.425999641418455
2015/01/05,0.0,0.0,0.0,0.0,0.0,15.10949993133545,55484000.0,15.350500106811523,15.418999671936035,15.042499542236328,15.10949993133545
2015/01/06,0.0,0.0,0.0,0.5267,4.0,14.76449966430664,70380000.0,15.112000465393066,15.149999618530272,14.619000434875488,14.76449966430664
2015/01/07,0.0,0.0,0.0,0.1779,3.0,14.92099952697754,52806000.0,14.875,15.064000129699709,14.76650047302246,14.92099952697754
2015/01/08,0.0,0.0,0.0,0.0,0.0,15.02299976348877,61768000.0,15.015999794006348,15.156999588012695,14.805500030517578,15.02299976348877
2015/01/09,0.0,0.0,0.0,0.0,6.0,14.846500396728516,51848000.0,15.074000358581545,15.143500328063965,14.833999633789062,14.846500396728516
2015/01/12,0.0,0.0,0.0,-0.34,3.0,14.570500373840332,68428000.0,14.878000259399414,14.92549991607666,14.46399974822998,14.570500373840332
2015/01/13,0.0,0.0,0.0,0.0,0.0,14.737000465393066,82728000.0,14.87399959564209,15.074999809265137,14.661499977111816,14.737000465393066
2015/01/14,0.0,0.0,0.0,0.0,0.0,14.66349983215332,110774000.0,14.596500396728516,14.795499801635742,14.324999809265137,14.66349983215332
2015/01/15,0.0,0.0,0.0,0.0,3.0,14.34749984741211,88384000.0,14.699999809265137,14.800000190734863,14.340999603271484,14.34749984741211
2015/01/16,0.0,0.0,0.0,0.5719,5.0,14.536999702453612,69564000.0,14.314000129699709,14.53950023651123,14.262499809265137,14.536999702453612
2015/01/20,0.0,0.0,0.0,0.0,0.0,14.472000122070312,61502000.0,14.62950038909912,14.66800022125244,14.319499969482422,14.472000122070312
2015/01/21,0.0,0.0,0.0,0.4478999999999999,5.0,14.862500190734863,201302000.0,14.482000350952148,15.300000190734863,14.36299991607666,14.862500190734863
2015/01/22,0.0,0.0,0.0,0.1779,6.0,15.515999794006348,107252000.0,15.0,15.612500190734863,15.0,15.515999794006348
2015/01/23,0.0,0.0,0.0,0.0,0.0,15.619500160217283,89928000.0,15.404000282287598,15.846500396728516,15.38599967956543,15.619500160217283
2015/01/26,0.0,0.0,0.0,0.4074,5.0,15.482999801635742,63394000.0,15.590999603271484,15.649999618530272,15.37600040435791,15.482999801635742
2015/01/27,0.0,0.0,0.0,0.0,0.0,15.337499618530272,58406000.0,15.3149995803833,15.51200008392334,15.131500244140623,15.337499618530272
2015/01/28,0.0,0.0,0.0,-0.4019,4.333333333333333,15.195500373840332,61276000.0,15.490500450134276,15.575499534606934,15.1899995803833,15.195500373840332
2015/01/29,0.0,0.0,0.0,0.0456,4.5,15.58899974822998,173132000.0,15.236499786376951,15.640000343322754,14.966500282287598,15.58899974822998
2015/01/30,0.0,0.0,0.0,0.4040928571428571,4.214285714285714,17.726499557495117,477122000.0,17.31599998474121,17.975000381469727,17.03700065612793,17.726499557495117
2015/02/02,0.0,0.0,0.0,0.0,0.0,18.223499298095703,204638000.0,17.502500534057617,18.25,17.500499725341797,18.223499298095703
2015/02/03,0.0,0.0,0.0,0.2348666666666666,3.3333333333333335,18.177499771118164,124252000.0,18.01449966430664,18.391000747680664,18.010499954223633,18.177499771118164
2015/02/04,0.0,0.0,0.0,0.3612,3.0,18.237499237060547,83398000.0,17.91900062561035,18.375,17.911500930786133,18.237499237060547
2015/02/05,0.0,0.0,0.0,0.02965,4.333333333333333,18.694499969482425,144952000.0,18.299999237060547,18.940000534057617,18.295000076293945,18.694499969482425
2015/02/06,0.0,0.0,0.0,0.14404,3.0,18.714000701904297,77848000.0,18.743499755859375,18.79949951171875,18.550500869750977,18.714000701904297
2015/02/09,0.0,0.0,0.0,0.0,3.0,18.527999877929688,54492000.0,18.549999237060547,18.72050094604492,18.36000061035156,18.527999877929688
2015/02/10,0.0,0.0,0.0,0.34,5.0,18.649999618530273,45744000.0,18.559499740600582,18.71500015258789,18.425500869750977,18.649999618530273
2015/02/11,0.0,0.0,0.0,0.0,0.0,18.756999969482425,55730000.0,18.561500549316406,18.854999542236328,18.55500030517578,18.756999969482425
2015/02/12,0.0,0.0,0.0,0.0,0.0,18.85849952697754,55822000.0,18.7549991607666,18.925500869750977,18.657499313354492,18.85849952697754
2015/02/13,0.0,0.0,0.0,0.1779,5.0,19.09149932861328,69502000.0,18.920499801635746,19.149999618530273,18.850500106811523,19.09149932861328
2015/02/17,0.0,0.0,0.0,0.1339666666666666,7.0,18.771499633789062,73464000.0,18.88599967956543,18.999500274658203,18.633499145507812,18.771499633789062
2015/02/18,0.0,0.0,0.0,0.1193,3.0,18.668500900268555,53012000.0,18.68899917602539,18.836999893188477,18.642499923706055,18.668500900268555
2015/02/19,0.0,0.0,0.0,0.50702,3.0,18.950000762939453,59076000.0,18.67449951171875,19.0939998626709,18.671499252319336,18.950000762939453
2015/02/20,0.0,0.0,0.0,0.296,5.0,19.183000564575195,65160000.0,18.930999755859375,19.184999465942383,18.79199981689453,19.183000564575195
2015/02/23,0.0,0.0,0.0,0.0,0.0,19.006999969482425,43540000.0,19.17200088500977,19.22699928283691,18.899999618530273,19.006999969482425
2015/02/24,0.0,0.0,0.0,0.6908,3.6666666666666665,18.929500579833984,38416000.0,18.9325008392334,19.02400016784668,18.808000564575195,18.929500579833984
2015/02/25,0.0,0.0,0.0,0.1779,4.333333333333333,19.26849937438965,63490000.0,18.863500595092773,19.392499923706055,18.82699966430664,19.26849937438965
2015/02/26,0.0,0.0,0.0,0.0,0.0,19.239999771118164,53742000.0,19.203500747680664,19.4685001373291,19.163999557495117,19.239999771118164
2015/02/27,0.0,0.0,0.0,0.6124,5.0,19.007999420166016,50646000.0,19.200000762939453,19.29949951171875,18.989500045776367,19.007999420166016
2015/03/02,0.0,0.0,0.0,0.0,5.0,19.28300094604492,42784000.0,19.042499542236328,19.295000076293945,18.974000930786133,19.28300094604492
2015/03/03,0.0,0.0,0.0,0.0,3.0,19.230499267578125,38930000.0,19.197500228881836,19.30500030517578,19.079999923706055,19.230499267578125
2015/03/04,0.0,0.0,0.0,0.1779,5.0,19.13599967956543,45182000.0,19.285499572753903,19.395000457763672,19.10950088500977,19.13599967956543
2015/03/05,0.0,0.0,0.0,0.0,0.0,19.39150047302246,53870000.0,19.280500411987305,19.42099952697754,19.194499969482425,19.39150047302246
2015/03/06,0.0,0.0,0.0,0.1779,2.5,19.004499435424805,52540000.0,19.275999069213867,19.350000381469727,18.944000244140625,19.004499435424805
2015/03/09,0.0,0.0,0.0,0.0,3.0,18.92799949645996,46228000.0,18.920000076293945,18.96649932861328,18.763999938964844,18.92799949645996
2015/03/10,0.0,0.0,0.0,0.1779,3.5,18.475500106811523,62420000.0,18.872499465942383,18.888500213623047,18.458999633789062,18.475500106811523
2015/03/11,0.0,0.0,0.0,-0.0290999999999999,3.0,18.318500518798828,49902000.0,18.530500411987305,18.667499542236328,18.312999725341797,18.318500518798828
2015/03/12,0.0,0.0,0.0,0.66318,2.8,18.711999893188477,56200000.0,18.44099998474121,18.774999618530273,18.375999450683594,18.711999893188477
2015/03/13,0.0,0.0,0.0,0.0,0.0,18.52899932861328,52234000.0,18.576000213623047,18.699499130249023,18.333999633789062,18.52899932861328
2015/03/16,0.0,0.0,0.0,0.1779,2.6666666666666665,18.667499542236328,47082000.0,18.518999099731445,18.69700050354004,18.336000442504883,18.667499542236328
2015/03/17,0.0,0.0,0.0,0.0,0.0,18.59600067138672,40740000.0,18.555500030517575,18.725000381469727,18.48200035095215,18.59600067138672
2015/03/18,0.0,0.0,0.0,0.0,0.0,18.756999969482425,53082000.0,18.49850082397461,18.79949951171875,18.334999084472656,18.756999969482425
2015/03/19,0.0,0.0,0.0,0.4014,4.0,18.66200065612793,38314000.0,18.693500518798828,18.855499267578125,18.60950088500977,18.66200065612793
2015/03/20,0.0,0.0,0.0,0.0,0.0,18.92449951171875,75272000.0,18.81450080871582,18.9685001373291,18.79599952697754,18.92449951171875
2015/03/23,0.0,0.0,0.0,0.0,4.0,18.75550079345703,44786000.0,18.903499603271484,19.088499069213867,18.746999740600582,18.75550079345703
2015/03/24,0.0,0.0,0.0,0.0,0.0,18.704500198364254,44564000.0,18.699499130249023,18.761999130249023,18.613500595092773,18.704500198364254
2015/03/25,0.0,0.0,0.0,0.0,0.0,18.54800033569336,68590000.0,18.758499145507812,19.024999618530273,18.51449966430664,18.54800033569336
2015/03/26,0.0,0.0,0.0,0.0,0.0,18.36750030517578,58600000.0,18.47949981689453,18.56999969482422,18.282499313354492,18.36750030517578
2015/03/27,0.0,0.0,0.0,-0.24695,4.0,18.527999877929688,52196000.0,18.355499267578125,18.65850067138672,18.328500747680664,18.527999877929688
2015/03/30,0.0,0.0,0.0,0.0,0.0,18.72949981689453,36418000.0,18.5935001373291,18.805999755859375,18.57749938964844,18.72949981689453
2015/03/31,0.0,0.0,0.0,0.0,0.0,18.604999542236328,50122000.0,18.66200065612793,18.885000228881836,18.57550048828125,18.604999542236328
2015/04/01,0.0,0.0,0.0,0.1779,5.0,18.51300048828125,49162000.0,18.604999542236328,18.65800094604492,18.41699981689453,18.51300048828125
2015/04/02,0.0,0.0,0.0,0.1027,3.0,18.612499237060547,37506000.0,18.524999618530273,18.663999557495117,18.450000762939453,18.612499237060547
2015/04/06,0.0,0.0,0.0,0.0,3.0,18.85199928283691,61014000.0,18.5049991607666,19.010000228881836,18.468000411987305,18.85199928283691
2015/04/07,0.0,0.0,0.0,0.0593,3.0,18.72050094604492,39098000.0,18.8075008392334,18.965499877929688,18.701499938964844,18.72050094604492
2015/04/08,0.0,0.0,0.0,0.08895,2.75,19.059999465942383,52728000.0,18.732999801635746,19.07900047302246,18.732500076293945,19.059999465942383
2015/04/09,0.0,0.0,0.0,0.1779,3.0,19.177000045776367,47846000.0,19.03300094604492,19.22100067138672,18.940000534057617,19.177000045776367
2015/04/10,0.0,0.0,0.0,0.2732,5.0,19.13249969482422,51470000.0,19.215499877929688,19.356000900268555,19.06599998474121,19.13249969482422
2015/04/13,0.0,0.0,0.0,0.0043499999999999,3.75,19.118000030517575,37890000.0,19.17650032043457,19.263999938964844,19.006999969482425,19.118000030517575
2015/04/14,0.0,0.0,0.0,0.1860333333333333,3.3333333333333335,19.25550079345703,51672000.0,19.175500869750977,19.39049911499023,19.06049919128418,19.25550079345703
2015/04/15,0.0,0.0,0.0,0.1779,3.0,19.17250061035156,38664000.0,19.232500076293945,19.288999557495117,19.082000732421875,19.17250061035156
2015/04/16,0.0,0.0,0.0,0.6124,2.6666666666666665,19.302000045776367,41608000.0,19.184499740600582,19.372499465942383,19.177499771118164,19.302000045776367
2015/04/17,0.0,0.0,0.0,0.1779,3.5,18.777999877929688,76794000.0,19.131500244140625,19.17799949645996,18.719999313354492,18.777999877929688
2015/04/20,0.0,0.0,0.0,0.0,4.6,19.475500106811523,100322000.0,18.927499771118164,19.597000122070312,18.850000381469727,19.475500106811523
2015/04/21,0.0,0.0,0.0,0.1779,7.0,19.55900001525879,92870000.0,19.565500259399418,19.729999542236328,19.34000015258789,19.55900001525879
2015/04/22,0.0,0.0,0.0,0.5013000000000001,3.0,19.489999771118164,69494000.0,19.59550094604492,19.714000701904297,19.399999618530273,19.489999771118164
2015/04/23,0.0,0.0,0.0,0.2206666666666666,3.1666666666666665,19.499500274658203,159600000.0,19.510499954223633,19.5939998626709,19.3075008392334,19.499500274658203
2015/04/24,0.0,0.0,0.0,0.4078384615384615,3.923076923076923,22.2549991607666,343538000.0,21.950000762939453,22.63249969482422,21.950000762939453,22.2549991607666
2015/04/27,0.0,0.0,0.0,0.4939,3.0,21.92799949645996,108618000.0,22.19300079345703,22.34950065612793,21.870500564575195,21.92799949645996
2015/04/28,0.0,0.0,0.0,0.0,4.0,21.465499877929688,82810000.0,21.925500869750977,21.950000762939453,21.402000427246097,21.465499877929688
2015/04/29,0.0,0.0,0.0,0.1779,3.0,21.4685001373291,72434000.0,21.337499618530273,21.711999893188477,21.30150032043457,21.4685001373291
2015/04/30,0.0,0.0,0.0,0.0,5.25,21.089000701904297,72958000.0,21.355499267578125,21.587499618530273,20.961999893188477,21.089000701904297
2015/05/01,0.0,0.0,0.0,0.1628,3.5,21.14349937438965,71316000.0,21.19099998474121,21.281999588012695,20.799999237060547,21.14349937438965
2015/05/04,0.0,0.0,0.0,0.36744,3.6,21.152000427246097,45408000.0,21.239999771118164,21.488500595092773,21.121000289916992,21.152000427246097
2015/05/05,0.0,0.0,0.0,0.2406545454545454,3.363636363636364,21.059499740600582,57128000.0,21.142499923706055,21.375499725341797,21.051000595092773,21.059499740600582
2015/05/06,0.0,0.0,0.0,0.1779,3.6666666666666665,20.954999923706055,51050000.0,21.07150077819824,21.13599967956543,20.727500915527344,20.954999923706055
2015/05/07,0.0,0.0,0.0,0.0,0.0,21.3439998626709,55322000.0,21.207500457763672,21.424999237060547,21.142499923706055,21.3439998626709
2015/05/08,0.0,0.0,0.0,0.1779,7.0,21.684499740600582,58176000.0,21.537500381469727,21.760000228881836,21.508499145507812,21.684499740600582
2015/05/11,0.0,0.0,0.0,0.5859,5.0,21.642499923706055,47874000.0,21.625499725341797,21.950000762939453,21.568500518798828,21.642499923706055
2015/05/12,0.0,0.0,0.0,0.1779,4.333333333333333,21.551000595092773,38956000.0,21.554000854492188,21.662500381469727,21.33550071716309,21.551000595092773
2015/05/13,0.0,0.0,0.0,0.5859,3.0,21.3435001373291,39926000.0,21.499000549316406,21.67650032043457,21.290000915527344,21.3435001373291
2015/05/14,0.0,0.0,0.0,0.0593,3.6666666666666665,21.61400032043457,37770000.0,21.47249984741211,21.649999618530273,21.350500106811523,21.61400032043457
2015/05/15,0.0,0.0,0.0,0.3182,2.5,21.299999237060547,84806000.0,21.399999618530273,21.520000457763672,21.21500015258789,21.299999237060547
2015/05/18,0.0,0.0,0.0,0.0,0.0,21.261999130249023,47804000.0,21.299999237060547,21.363500595092773,21.072999954223633,21.261999130249023
2015/05/19,0.0,0.0,0.0,-0.0260333333333333,4.333333333333333,21.08550071716309,49284000.0,21.243499755859375,21.41200065612793,21.0314998626709,21.08550071716309
2015/05/20,0.0,0.0,0.0,0.5423,3.0,21.19300079345703,43924000.0,21.030000686645508,21.354999542236328,20.917999267578125,21.19300079345703
2015/05/21,0.0,0.0,0.0,0.7395666666666667,2.8333333333333335,21.581499099731445,82428000.0,21.399999618530273,21.844999313354492,21.399999618530273,21.581499099731445
2015/05/22,0.0,0.0,0.0,0.0266375,3.25,21.381500244140625,40412000.0,21.57749938964844,21.621999740600582,21.38050079345703,21.381500244140625
2015/05/26,0.0,0.0,0.0,0.1779,3.0,21.273500442504883,44884000.0,21.309999465942383,21.350000381469727,21.100000381469727,21.273500442504883
2015/05/27,0.0,0.0,0.0,0.0,0.0,21.570999145507812,44622000.0,21.372499465942383,21.592500686645508,21.250499725341797,21.570999145507812
2015/05/28,0.0,0.0,0.0,0.02766,4.0,21.328500747680664,38248000.0,21.48550033569336,21.5674991607666,21.273500442504883,21.328500747680664
2015/05/29,0.0,0.0,0.0,0.1779,3.0,21.46150016784668,60322000.0,21.361499786376953,21.625,21.361499786376953,21.46150016784668
2015/06/01,0.0,0.0,0.0,0.0,7.0,21.54599952697754,45066000.0,21.520000457763672,21.65800094604492,21.309999465942383,21.54599952697754
2015/06/02,0.0,0.0,0.0,0.0,0.0,21.54949951171875,33378000.0,21.50349998474121,21.661500930786133,21.3125,21.54949951171875
2015/06/03,0.0,0.0,0.0,0.1779,3.0,21.829500198364254,54558000.0,21.719999313354492,21.91950035095215,21.637500762939453,21.829500198364254
2015/06/04,0.0,0.0,0.0,0.0,0.0,21.538999557495117,50216000.0,21.719999313354492,21.83799934387207,21.46299934387207,21.538999557495117
2015/06/05,0.0,0.0,0.0,0.0,3.0,21.34749984741211,38158000.0,21.482999801635746,21.540000915527344,21.325000762939453,21.34749984741211
2015/06/08,0.0,0.0,0.0,0.1545,7.5,21.174999237060547,43450000.0,21.2810001373291,21.34000015258789,21.07150077819824,21.174999237060547
2015/06/09,0.0,0.0,0.0,0.1779,3.0,21.27400016784668,45774000.0,21.14800071716309,21.374500274658203,20.957000732421875,21.27400016784668
2015/06/10,0.0,0.0,0.0,0.0,3.0,21.53849983215332,43446000.0,21.322999954223633,21.61000061035156,21.28300094604492,21.53849983215332
2015/06/11,0.0,0.0,0.0,0.2732,4.0,21.648500442504883,58450000.0,21.614500045776367,21.944499969482425,21.57349967956543,21.648500442504883
2015/06/12,0.0,0.0,0.0,0.1779,3.0,21.496000289916992,41088000.0,21.5625,21.618000030517575,21.413000106811523,21.496000289916992
2015/06/15,0.0,0.0,0.0,0.0,7.0,21.183500289916992,41020000.0,21.382999420166016,21.40250015258789,21.131999969482425,21.183500289916992
2015/06/16,0.0,0.0,0.0,0.1023166666666666,3.0,21.363000869750977,45928000.0,21.207500457763672,21.398500442504883,21.133499145507812,21.363000869750977
2015/06/17,0.0,0.0,0.0,0.0,0.0,21.39049911499023,43718000.0,21.417999267578125,21.5674991607666,21.237499237060547,21.39049911499023
2015/06/18,0.0,0.0,0.0,0.0516,5.0,21.969499588012695,67568000.0,21.51499938964844,21.986499786376953,21.47050094604492,21.969499588012695
2015/06/19,0.0,0.0,0.0,0.0222375,3.25,21.746000289916992,89902000.0,22.01300048828125,22.249500274658203,21.66200065612793,21.746000289916992
2015/06/22,0.0,0.0,0.0,0.2805428571428571,3.4285714285714284,21.81450080871582,36472000.0,21.850000381469727,21.961999893188477,21.708999633789062,21.81450080871582
2015/06/23,0.0,0.0,0.0,-0.4767,3.0,22.29949951171875,64900000.0,21.77949905395508,22.35199928283691,21.684499740600582,22.29949951171875
2015/06/24,0.0,0.0,0.0,-0.0767799999999999,3.4,22.04199981689453,52416000.0,22.24850082397461,22.32349967956543,22.011499404907227,22.04199981689453
2015/06/25,0.0,0.0,0.0,0.011325,4.0,22.0049991607666,44750000.0,21.903499603271484,22.173500061035156,21.819499969482425,22.0049991607666
2015/06/26,0.0,0.0,0.0,0.0,0.0,21.905000686645508,52490000.0,22.08799934387207,22.17449951171875,21.753000259399418,21.905000686645508
2015/06/29,0.0,0.0,0.0,0.4846,3.0,21.493000030517575,55064000.0,21.749000549316406,21.850000381469727,21.450000762939453,21.493000030517575
2015/06/30,0.0,0.0,0.0,0.0593,3.3333333333333335,21.704500198364254,51938000.0,21.709999084472656,21.778499603271484,21.52300071716309,21.704500198364254
2015/07/01,0.0,0.0,0.0,0.0,0.0,21.86949920654297,39742000.0,21.967500686645508,22.0,21.77899932861328,21.86949920654297
2015/07/02,0.0,0.0,0.0,0.0,0.0,21.885499954223633,26868000.0,21.850000381469727,21.90999984741211,21.673999786376953,21.885499954223633
2015/07/06,0.0,0.0,0.0,-0.2433444444444444,4.555555555555555,21.802000045776367,38064000.0,21.761499404907227,21.986499786376953,21.676000595092773,21.802000045776367
2015/07/07,0.0,0.0,0.0,0.1779,7.0,21.836000442504883,69084000.0,21.784000396728516,21.886499404907227,21.278499603271484,21.836000442504883
2015/07/08,0.0,0.0,0.0,0.07116,3.0,21.48500061035156,47662000.0,21.717500686645508,21.79949951171875,21.441499710083008,21.48500061035156
2015/07/09,0.0,0.0,0.0,0.07116,4.2,21.719499588012695,45428000.0,21.7450008392334,21.93600082397461,21.707500457763672,21.719499588012695
2015/07/10,0.0,0.0,0.0,0.0,0.0,22.175500869750977,48020000.0,22.024499893188477,22.236000061035156,21.950000762939453,22.175500869750977
2015/07/13,0.0,0.0,0.0,0.1779,3.0,22.778499603271484,79136000.0,22.41449928283691,22.89349937438965,22.37700080871582,22.778499603271484
2015/07/14,0.0,0.0,0.0,0.28924,3.0,23.278499603271484,94724000.0,23.11599922180176,23.479999542236328,22.90800094604492,23.278499603271484
2015/07/15,0.0,0.0,0.0,0.0,0.0,23.059499740600582,59748000.0,23.152000427246097,23.23500061035156,23.010000228881836,23.059499740600582
2015/07/16,0.0,0.0,0.0,0.0,0.0,23.77400016784668,81912000.0,23.274999618530273,23.79400062561035,23.239999771118164,23.77400016784668
2015/07/17,0.0,0.0,0.0,0.4568,3.0,24.15049934387207,98644000.0,23.885000228881836,24.270999908447266,23.862499237060547,24.15049934387207
2015/07/20,0.0,0.0,0.0,0.1132090909090909,4.363636363636363,24.405000686645508,95050000.0,24.62849998474121,24.65999984741211,24.270000457763672,24.405000686645508
2015/07/21,0.0,0.0,0.0,0.0,0.0,24.399999618530273,63636000.0,24.395000457763672,24.444000244140625,24.127500534057617,24.399999618530273
2015/07/22,0.0,0.0,0.0,0.0,0.0,24.41349983215332,62298000.0,24.29949951171875,24.625,24.2450008392334,24.41349983215332
2015/07/23,0.0,0.0,0.0,-0.34338,3.6,24.108999252319336,187488000.0,24.58300018310547,24.58300018310547,23.78499984741211,24.108999252319336
2015/07/24,0.0,0.0,0.0,0.3514625,3.75,26.47100067138672,438188000.0,28.949499130249023,29.028499603271484,26.467500686645508,26.47100067138672
2015/07/27,0.0,0.0,0.0,0.044475,3.0,26.570499420166016,149820000.0,26.387500762939453,27.247499465942383,26.329999923706055,26.570499420166016
2015/07/28,0.0,0.0,0.0,0.1779,3.6666666666666665,26.30150032043457,105462000.0,26.799999237060547,26.819499969482425,26.1560001373291,26.30150032043457
2015/07/29,0.0,0.0,0.0,0.1779,3.5,26.450000762939453,75052000.0,26.54599952697754,26.648500442504883,26.250999450683594,26.450000762939453
2015/07/30,0.0,0.0,0.0,0.3292666666666666,3.6666666666666665,26.83799934387207,74862000.0,26.38249969482422,26.959999084472656,26.214500427246097,26.83799934387207
2015/07/31,0.0,0.0,0.0,-0.0258,4.0,26.8075008392334,60512000.0,26.954500198364254,27.142000198364254,26.72599983215332,26.8075008392334
2015/08/03,0.0,0.0,0.0,0.1779,3.6666666666666665,26.75149917602539,60284000.0,26.872499465942383,27.02199935913086,26.468000411987305,26.75149917602539
2015/08/04,0.0,0.0,0.0,0.2941666666666666,3.3333333333333335,26.594999313354492,58692000.0,26.48450088500977,26.84749984741211,26.45800018310547,26.594999313354492
2015/08/05,0.0,0.0,0.0,0.5574,3.0,26.850500106811523,57788000.0,26.940000534057617,26.957000732421875,26.70599937438965,26.850500106811523
2015/08/06,0.0,0.0,0.0,0.0,0.0,26.472999572753903,76410000.0,26.96500015258789,27.136999130249023,26.375999450683594,26.472999572753903
2015/08/07,0.0,0.0,0.0,0.0,0.0,26.131000518798828,79384000.0,26.45800018310547,26.472999572753903,25.910499572753903,26.131000518798828
2015/08/10,0.0,0.0,0.0,0.0,0.0,26.200000762939453,52318000.0,26.426000595092773,26.61400032043457,26.149999618530273,26.200000762939453
2015/08/11,0.0,0.0,0.0,0.0,5.0,26.37299919128418,53532000.0,26.1825008392334,26.448999404907227,26.100000381469727,26.37299919128418
2015/08/12,0.0,0.0,0.0,0.0,0.0,26.295499801635746,79246000.0,26.1875,26.375,25.652999877929688,26.295499801635746
2015/08/13,0.0,0.0,0.0,0.1779,4.0,26.482999801635746,57904000.0,26.368499755859375,26.732999801635746,26.274499893188477,26.482999801635746
2015/08/14,0.0,0.0,0.0,0.1779,5.0,26.576000213623047,39896000.0,26.412500381469727,26.70549964904785,26.412500381469727,26.576000213623047
2015/08/17,0.0,0.0,0.0,0.039075,5.5,26.76099967956543,51634000.0,26.56450080871582,26.937000274658203,26.356000900268555,26.76099967956543
2015/08/18,0.0,0.0,0.0,0.0,0.0,26.750999450683594,41426000.0,26.75200080871582,26.97450065612793,26.649999618530273,26.750999450683594
2015/08/19,0.0,0.0,0.0,0.0,0.0,26.645999908447266,46480000.0,26.687000274658203,26.862499237060547,26.450000762939453,26.645999908447266
2015/08/20,0.0,0.0,0.0,0.0,0.0,25.788999557495117,88160000.0,26.519500732421875,26.662500381469727,25.78849983215332,25.788999557495117
2015/08/21,0.0,0.0,0.0,0.315,3.25,24.723499298095703,134130000.0,25.368000030517575,25.616500854492188,24.723499298095703,24.723499298095703
2015/08/24,0.0,0.0,0.0,-0.1482399999999999,4.2,23.168500900268555,201952000.0,23.179000854492188,23.82900047302246,22.549999237060547,23.168500900268555
2015/08/25,0.0,0.0,0.0,0.272775,4.0,23.318500518798828,113586000.0,24.374500274658203,24.472000122070312,23.3125,23.318500518798828
2015/08/26,0.0,0.0,0.0,0.14774,2.8,25.03849983215332,127172000.0,24.201000213623047,25.18600082397461,23.937999725341797,25.03849983215332
2015/08/27,0.0,0.0,0.0,-0.0091666666666666,3.5,25.918500900268555,122290000.0,25.68549919128418,26.13450050354004,25.363000869750977,25.918500900268555
2015/08/28,0.0,0.0,0.0,0.286525,4.5,25.90049934387207,54934000.0,25.875,26.075000762939453,25.652000427246097,25.90049934387207
2015/08/31,0.0,0.0,0.0,0.08895,5.333333333333333,25.644500732421875,60046000.0,25.82200050354004,25.97050094604492,25.453500747680664,25.644500732421875
2015/09/01,0.0,0.0,0.0,0.1779,5.0,24.82699966430664,77290000.0,24.957000732421875,25.5,24.671499252319336,24.82699966430664
2015/09/02,0.0,0.0,0.0,0.1779,4.0,25.52750015258789,74142000.0,25.254499435424805,25.542999267578125,24.88599967956543,25.52750015258789
2015/09/03,0.0,0.0,0.0,0.0,5.0,25.236000061035156,62994000.0,25.725000381469727,25.79199981689453,25.12849998474121,25.236000061035156
2015/09/04,0.0,0.0,0.0,0.00468125,3.75,24.950000762939453,53850000.0,24.88249969482422,25.142499923706055,24.781999588012695,24.950000762939453
2015/09/08,0.0,0.0,0.0,0.147325,4.375,25.87700080871582,76214000.0,25.434499740600582,25.917499542236328,25.425500869750977,25.87700080871582
2015/09/09,0.0,0.0,0.0,0.3134222222222222,3.2222222222222223,25.844499588012695,87414000.0,26.200000762939453,26.497499465942383,25.753000259399418,25.844499588012695
2015/09/10,0.0,0.0,0.0,0.0,0.0,26.11199951171875,51520000.0,25.75749969482422,26.306499481201172,25.73900032043457,26.11199951171875
2015/09/11,0.0,0.0,0.0,0.1779,3.0,26.472000122070312,64558000.0,26.05349922180176,26.472000122070312,26.030500411987305,26.472000122070312
2015/09/14,0.0,0.0,0.0,0.0,5.0,26.069000244140625,62604000.0,26.472000122070312,26.622499465942383,25.929000854492188,26.069000244140625
2015/09/15,0.0,0.0,0.0,0.133425,3.0,26.118499755859375,57318000.0,26.162500381469727,26.395999908447266,25.86000061035156,26.118499755859375
2015/09/16,0.0,0.0,0.0,0.10674,3.0,26.36949920654297,45056000.0,26.099000930786133,26.415000915527344,25.926000595092773,26.36949920654297
2015/09/17,0.0,0.0,0.0,0.1779,5.0,26.943500518798828,83390000.0,26.349000930786133,27.348499298095703,26.328500747680664,26.943500518798828
2015/09/18,0.0,0.0,0.0,0.1779,3.0,27.01300048828125,123202000.0,26.731000900268555,27.312000274658203,26.5674991607666,27.01300048828125
2015/09/21,0.0,0.0,0.0,0.28595,3.0,27.41950035095215,65666000.0,27.21649932861328,27.48900032043457,26.97949981689453,27.41950035095215
2015/09/22,0.0,0.0,0.0,0.0,5.0,26.920000076293945,76834000.0,26.98550033569336,27.177499771118164,26.632999420166016,26.920000076293945
2015/09/23,0.0,0.0,0.0,0.0,0.0,26.80349922180176,44752000.0,26.915000915527344,27.06049919128418,26.700000762939453,26.80349922180176
2015/09/24,0.0,0.0,0.0,0.3872142857142857,4.142857142857143,26.6875,70020000.0,26.52750015258789,26.72800064086914,26.14349937438965,26.6875
2015/09/25,0.0,0.0,0.0,-0.1382142857142857,3.857142857142857,26.212499618530273,80620000.0,27.12849998474121,27.13999938964844,26.06999969482422,26.212499618530273
2015/09/28,0.0,0.0,0.0,0.4874666666666667,5.0,25.20299911499023,108690000.0,26.000999450683594,26.013999938964844,24.71649932861328,25.20299911499023
2015/09/29,0.0,0.0,0.0,0.1779,3.6666666666666665,24.80349922180176,89150000.0,25.299999237060547,25.573999404907227,24.524999618530273,24.80349922180176
2015/09/30,0.0,0.0,0.0,0.2285142857142857,4.714285714285714,25.594499588012695,80094000.0,25.27199935913086,25.63999938964844,25.083499908447266,25.594499588012695
2015/10/01,0.0,0.0,0.0,0.02495,3.0,26.035999298095703,75370000.0,25.549999237060547,26.040000915527344,25.299999237060547,26.035999298095703
2015/10/02,0.0,0.0,0.0,0.2330166666666666,2.6666666666666665,26.62700080871582,91956000.0,25.649499893188477,26.6299991607666,25.405000686645508,26.62700080871582
2015/10/05,0.0,0.0,0.0,-0.0052666666666666,4.777777777777778,27.18400001525879,67828000.0,26.84950065612793,27.295499801635746,26.799999237060547,27.18400001525879
2015/10/06,0.0,0.0,0.0,0.3522999999999999,4.0,26.874000549316406,90056000.0,27.274999618530273,27.575000762939453,26.666500091552734,26.874000549316406
2015/10/07,0.0,0.0,0.0,0.1779,4.333333333333333,27.097000122070312,76242000.0,27.089500427246097,27.100000381469727,26.450000762939453,27.097000122070312
2015/10/08,0.0,0.0,0.0,0.14001,2.7,26.65800094604492,93528000.0,26.83550071716309,26.969499588012695,25.99449920654297,26.65800094604492
2015/10/09,0.0,0.0,0.0,0.4215,5.0,26.989999771118164,70748000.0,26.724000930786133,27.089500427246097,26.513500213623047,26.989999771118164
2015/10/12,0.0,0.0,0.0,0.0,3.6666666666666665,27.50950050354004,55522000.0,26.99799919128418,27.541000366210938,26.989999771118164,27.50950050354004
2015/10/13,0.0,0.0,0.0,0.39708,4.0,27.44499969482422,58760000.0,27.312999725341797,27.65999984741211,27.155000686645508,27.44499969482422
2015/10/14,0.0,0.0,0.0,0.0,0.0,27.241500854492188,71642000.0,27.566999435424805,27.612499237060547,26.983999252319336,27.241500854492188
2015/10/15,0.0,0.0,0.0,0.0,3.0,28.121999740600582,98740000.0,27.387500762939453,28.149999618530273,27.350000381469727,28.121999740600582
2015/10/16,0.0,0.0,0.0,0.7845,3.0,28.538000106811523,86316000.0,28.263500213623047,28.54700088500977,28.01549911499023,28.538000106811523
2015/10/19,0.0,0.0,0.0,0.2027428571428571,4.428571428571429,28.657499313354492,87508000.0,28.538000106811523,28.950000762939453,28.368999481201172,28.657499313354492
2015/10/20,0.0,0.0,0.0,0.00674,3.3,28.04400062561035,86924000.0,28.600000381469727,28.649999618530273,27.763999938964844,28.04400062561035
2015/10/21,0.0,0.0,0.0,0.1779,2.5,27.78849983215332,66872000.0,28.193500518798828,28.262500762939453,27.625999450683594,27.78849983215332
2015/10/22,0.0,0.0,0.0,0.4766999999999999,3.0,28.195499420166016,155588000.0,28.135000228881836,28.457500457763672,27.833499908447266,28.195499420166016
2015/10/23,0.0,0.0,0.0,0.0,0.0,29.951499938964844,213854000.0,30.88400077819824,30.97249984741211,29.76799964904785,29.951499938964844
2015/10/26,0.0,0.0,0.0,0.0,0.0,30.430500030517575,85394000.0,30.114999771118164,30.49250030517578,29.81450080871582,30.430500030517575
2015/10/27,0.0,0.0,0.0,0.0,0.0,30.550500869750977,75742000.0,30.43000030517578,30.73550033569336,30.276500701904297,30.550500869750977
2015/10/28,0.0,0.0,0.0,0.0,0.0,30.854999542236328,78524000.0,30.614999771118164,30.861499786376953,30.475000381469727,30.854999542236328
2015/10/29,0.0,0.0,0.0,0.0,0.0,31.32749938964844,77920000.0,30.885000228881836,31.37700080871582,30.769500732421875,31.32749938964844
2015/10/30,0.0,0.0,0.0,0.0,0.0,31.295000076293945,77488000.0,31.300500869750977,31.535999298095703,31.263999938964844,31.295000076293945
2015/11/02,0.0,0.0,0.0,0.0,0.0,31.417499542236328,56330000.0,31.35650062561035,31.431499481201172,31.02050018310547,31.417499542236328
2015/11/03,0.0,0.0,0.0,0.0,0.0,31.26549911499023,64938000.0,31.476499557495117,31.49449920654297,31.100000381469727,31.26549911499023
2015/11/04,0.0,0.0,0.0,0.0,0.0,32.04750061035156,96810000.0,31.38800048828125,32.29650115966797,31.36750030517578,32.04750061035156
2015/11/05,0.0,0.0,0.0,0.1779,2.8,32.782501220703125,94476000.0,32.35499954223633,32.849998474121094,32.15449905395508,32.782501220703125
2015/11/06,0.0,0.0,0.0,0.0,0.0,32.96849822998047,81844000.0,32.75,33.112998962402344,32.599998474121094,32.96849822998047
2015/11/09,0.0,0.0,0.0,0.0,0.0,32.77450180053711,80976000.0,32.932498931884766,33.097999572753906,32.39250183105469,32.77450180053711
2015/11/10,0.0,0.0,0.0,0.0,0.0,32.98400115966797,69790000.0,32.550498962402344,33.0,32.362998962402344,32.98400115966797
2015/11/11,0.0,0.0,0.0,0.0,0.0,33.662498474121094,107746000.0,33.162498474121094,33.79800033569336,33.162498474121094,33.662498474121094
2015/11/12,0.0,0.0,0.0,0.0,0.0,33.279998779296875,85694000.0,33.650001525878906,33.78200149536133,33.21099853515625,33.279998779296875
2015/11/13,0.0,0.0,0.0,0.0,0.0,32.11750030517578,125222000.0,33.17850112915039,33.349998474121094,32.022499084472656,32.11750030517578
2015/11/16,0.0,0.0,0.0,0.0,0.0,32.390499114990234,148718000.0,32.04600143432617,32.4995002746582,31.114500045776367,32.390499114990234
2015/11/17,0.0,0.0,0.0,0.0,0.0,32.165000915527344,86404000.0,32.532501220703125,32.662498474121094,32.04999923706055,32.165000915527344
2015/11/18,0.0,0.0,0.0,0.0,0.0,33.176998138427734,89396000.0,32.32550048828125,33.24399948120117,32.31850051879883,33.176998138427734
2015/11/19,0.0,0.0,0.0,0.0,5.722222222222222,33.063499450683594,94104000.0,33.2495002746582,33.643001556396484,32.95000076293945,33.063499450683594
2015/11/20,0.0,0.0,0.0,0.0,4.125,33.42250061035156,77922000.0,33.39699935913086,33.44350051879883,32.878501892089844,33.42250061035156
2015/11/23,0.0,0.0,0.0,0.0,0.0,33.949501037597656,87702000.0,33.57500076293945,34.13850021362305,33.50600051879883,33.949501037597656
2015/11/24,0.0,0.0,0.0,0.0489333333333333,4.0,33.557498931884766,90868000.0,33.707000732421875,33.790000915527344,33.06050109863281,33.557498931884766
2015/11/25,0.0,0.0,0.0,0.5574,3.0,33.766998291015625,53958000.0,33.75,33.98500061035156,33.5620002746582,33.766998291015625
2015/11/27,0.0,0.0,0.0,0.0,0.0,33.66299819946289,39336000.0,34.040000915527344,34.04949951171875,33.60499954223633,33.66299819946289
2015/11/30,0.0,0.0,0.0,0.29092,2.8,33.2400016784668,113864000.0,33.79499816894531,34.06449890136719,33.22999954223633,33.2400016784668
2015/12/01,0.0,0.0,0.0,0.1998,3.6666666666666665,33.952999114990234,95024000.0,33.6875,34.04999923706055,33.393001556396484,33.952999114990234
2015/12/02,0.0,0.0,0.0,-0.0213124999999999,4.0,33.800498962402344,85470000.0,34.04999923706055,34.24100112915039,33.712501525878906,33.800498962402344
2015/12/03,0.0,0.0,0.0,0.2243666666666667,4.666666666666667,33.3125,101294000.0,33.97200012207031,34.13949966430664,33.07400131225586,33.3125
2015/12/04,0.0,0.0,0.0,0.0,4.0,33.63199996948242,90696000.0,33.29999923706055,33.73899841308594,33.06999969482422,33.63199996948242
2015/12/07,0.0,0.0,0.0,0.0,0.0,33.49150085449219,74656000.0,33.73699951171875,33.77299880981445,33.025001525878906,33.49150085449219
2015/12/08,0.0,0.0,0.0,0.1779,3.2,33.86650085449219,73038000.0,33.15650177001953,33.9995002746582,32.989498138427734,33.86650085449219
2015/12/09,0.0,0.0,0.0,0.0147428571428571,4.428571428571429,33.239498138427734,103164000.0,33.900001525878906,33.95000076293945,32.784000396728516,33.239498138427734
2015/12/10,0.0,0.0,0.0,0.0,0.0,33.11600112915039,69110000.0,33.27949905395508,33.42649841308594,32.97800064086914,33.11600112915039
2015/12/11,0.0,0.0,0.0,0.3612,3.0,32.00749969482422,109488000.0,32.561500549316406,32.89400100708008,31.981000900268555,32.00749969482422
2015/12/14,0.0,0.0,0.0,0.5423,3.0,32.89550018310547,86594000.0,32.087501525878906,32.929500579833984,31.763500213623047,32.89550018310547
2015/12/15,0.0,0.0,0.0,0.1779,3.25,32.93199920654297,95068000.0,33.25149917602539,33.57500076293945,32.86750030517578,32.93199920654297
2015/12/16,0.0,0.0,0.0,0.0,0.0,33.78850173950195,79290000.0,33.178001403808594,33.86750030517578,32.965999603271484,33.78850173950195
2015/12/17,0.0,0.0,0.0,0.3478571428571428,4.428571428571429,33.532501220703125,73632000.0,34.0,34.125,33.532501220703125,33.532501220703125
2015/12/18,0.0,0.0,0.0,0.1779,3.0,33.207000732421875,136826000.0,33.432498931884766,33.84199905395508,33.20650100708008,33.207000732421875
2015/12/21,0.0,0.0,0.0,0.5708500000000001,6.0,33.22549819946289,65018000.0,33.42499923706055,33.494998931884766,32.94649887084961,33.22549819946289
2015/12/22,0.0,0.0,0.0,0.5994,3.6,33.157501220703125,53356000.0,33.34149932861328,33.42449951171875,32.9630012512207,33.157501220703125
2015/12/23,0.0,0.0,0.0,-0.2263,5.0,33.185001373291016,54458000.0,33.32500076293945,33.33000183105469,32.83150100708008,33.185001373291016
2015/12/24,0.0,0.0,0.0,0.0,0.0,33.13949966430664,21824000.0,33.16749954223633,33.23400115966797,33.029998779296875,33.13949966430664
2015/12/28,0.0,0.0,0.0,0.4352571428571429,3.5714285714285716,33.7599983215332,75672000.0,33.27799987792969,33.775001525878906,33.275001525878906,33.7599983215332
2015/12/29,0.0,0.0,0.0,0.11313,5.5,34.69850158691406,114700000.0,33.89899826049805,34.821998596191406,33.894500732421875,34.69850158691406
2015/12/30,0.0,0.0,0.0,0.3670142857142857,5.0,34.45349884033203,70380000.0,34.59450149536133,34.77450180053711,34.319000244140625,34.45349884033203
2015/12/31,0.0,0.0,0.0,0.10115,5.5,33.794498443603516,74992000.0,34.30400085449219,34.38750076293945,33.794498443603516,33.794498443603516
2016/01/04,0.0,0.0,0.0,0.1123578947368421,3.5789473684210527,31.84950065612793,186290000.0,32.81449890136719,32.88600158691406,31.375499725341797,31.84950065612793
2016/01/05,0.0,0.0,0.0,-0.0257333333333333,3.3333333333333335,31.68950080871582,116452000.0,32.34299850463867,32.34550094604492,31.38249969482422,31.68950080871582
2016/01/06,0.0,0.0,0.0,-0.1683875,3.375,31.63249969482422,106584000.0,31.100000381469727,31.989500045776367,31.01549911499023,31.63249969482422
2016/01/07,0.0,0.0,0.0,0.26335,3.0,30.39699935913086,141498000.0,31.09000015258789,31.5,30.260499954223633,30.39699935913086
2016/01/08,0.0,0.0,0.0,-0.016,6.125,30.352500915527344,110258000.0,30.982999801635746,31.207000732421875,30.299999237060547,30.352500915527344
2016/01/11,0.0,0.0,0.0,0.3867,3.2857142857142856,30.886999130249023,97832000.0,30.624000549316406,30.99250030517578,29.92849922180176,30.886999130249023
2016/01/12,0.0,0.0,0.0,0.4684,3.3333333333333335,30.894500732421875,94482000.0,31.262500762939453,31.29949951171875,30.61199951171875,30.894500732421875
2016/01/13,0.0,0.0,0.0,0.4766999999999999,3.3333333333333335,29.090499877929688,153104000.0,31.04400062561035,31.04400062561035,28.95800018310547,29.090499877929688
2016/01/14,0.0,0.0,0.0,0.1779,4.0,29.649999618530273,144760000.0,29.012500762939453,30.112499237060547,28.493999481201172,29.649999618530273
2016/01/15,0.0,0.0,0.0,0.2993666666666666,3.0,28.50900077819824,155690000.0,28.61199951171875,29.231000900268555,28.26499938964844,28.50900077819824
2016/01/19,0.0,0.0,0.0,0.0,0.0,28.724000930786133,96144000.0,28.85449981689453,29.200000762939453,28.322500228881836,28.724000930786133
2016/01/20,0.0,0.0,0.0,0.0,3.0,28.588499069213867,159328000.0,28.218000411987305,28.92250061035156,27.358999252319336,28.588499069213867
2016/01/21,0.0,0.0,0.0,0.0,0.0,28.750999450683594,99044000.0,28.679000854492188,29.440500259399418,28.410999298095703,28.750999450683594
2016/01/22,0.0,0.0,0.0,0.0,0.0,29.819000244140625,102402000.0,29.436500549316406,30.0049991607666,29.20549964904785,29.819000244140625
2016/01/25,0.0,0.0,0.0,0.0,0.0,29.826499938964844,87922000.0,29.899499893188477,30.424999237060547,29.72800064086914,29.826499938964844
2016/01/26,0.0,0.0,0.0,0.0,0.0,30.0625,75314000.0,30.17250061035156,30.225000381469727,29.518999099731445,30.0625
2016/01/27,0.0,0.0,0.0,0.0,0.0,29.167499542236328,103058000.0,30.09950065612793,30.16950035095215,28.93899917602539,29.167499542236328
2016/01/28,0.0,0.0,0.0,0.0,0.0,31.767499923706055,280304000.0,30.418500900268555,31.902999877929688,29.877500534057617,31.767499923706055
2016/01/29,0.0,0.0,0.0,-0.2732,5.666666666666667,29.350000381469727,293552000.0,28.599000930786133,29.649999618530273,28.5,29.350000381469727
2016/02/01,0.0,0.0,0.0,0.0,0.0,28.74049949645996,127102000.0,28.907499313354492,29.09000015258789,28.51549911499023,28.74049949645996
2016/02/02,0.0,0.0,0.0,0.22815,3.0,27.604999542236328,126240000.0,28.5,28.57799911499023,27.504499435424805,27.604999542236328
2016/02/03,0.0,0.0,0.0,0.2631285714285714,3.142857142857143,26.55349922180176,200974000.0,27.674999237060547,27.799999237060547,26.094999313354492,26.55349922180176
2016/02/04,0.0,0.0,0.0,0.1282666666666667,3.3333333333333335,26.812999725341797,123982000.0,26.25,26.949499130249023,25.961000442504883,26.812999725341797
2016/02/05,0.0,0.0,0.0,-0.0092555555555555,3.111111111111111,25.10650062561035,194178000.0,26.464000701904297,26.47249984741211,24.95949935913086,25.10650062561035
2016/02/08,0.0,0.0,0.0,0.72745,3.3333333333333335,24.405000686645508,196510000.0,24.32349967956543,24.674999237060547,23.760499954223633,24.405000686645508
2016/02/09,0.0,0.0,0.0,0.2562,3.0,24.103500366210938,141558000.0,23.90049934387207,24.91900062561035,23.700000762939453,24.103500366210938
2016/02/10,0.0,0.0,0.0,0.1779,3.0,24.52400016784668,135724000.0,24.58799934387207,25.232999801635746,24.299999237060547,24.52400016784668
2016/02/11,0.0,0.0,0.0,0.2023,4.333333333333333,25.19099998474121,147948000.0,24.558500289916992,25.46500015258789,24.200000762939453,25.19099998474121
2016/02/12,0.0,0.0,0.0,0.20234,4.2,25.354000091552734,107696000.0,25.53499984741211,25.837499618530273,25.074499130249023,25.354000091552734
2016/02/16,0.0,0.0,0.0,0.3273,2.6,26.05500030517578,102370000.0,25.974000930786133,26.22249984741211,25.58300018310547,26.05500030517578
2016/02/17,0.0,0.0,0.0,0.0,0.0,26.704999923706055,96480000.0,26.437000274658203,26.874000549316406,25.969499588012695,26.704999923706055
2016/02/18,0.0,0.0,0.0,0.1779,4.0,26.25,94700000.0,27.059499740600582,27.059999465942383,26.186500549316406,26.25
2016/02/19,0.0,0.0,0.0,0.299,2.75,26.7450008392334,99494000.0,26.035499572753903,26.79750061035156,25.767499923706055,26.7450008392334
2016/02/22,0.0,0.0,0.0,0.7506,3.0,27.975000381469727,111332000.0,27.11000061035156,28.032499313354492,27.054000854492188,27.975000381469727
2016/02/23,0.0,0.0,0.0,0.5423,5.0,27.64699935913086,81016000.0,27.77750015258789,27.84550094604492,27.26650047302246,27.64699935913086
2016/02/24,0.0,0.0,0.0,-0.3818,3.0,27.70199966430664,124634000.0,27.287500381469727,27.713499069213867,26.657499313354492,27.70199966430664
2016/02/25,0.0,0.0,0.0,0.09,3.0,27.75749969482422,90510000.0,27.775999069213867,27.969499588012695,27.26449966430664,27.75749969482422
2016/02/26,0.0,0.0,0.0,0.4019,3.5,27.761499404907227,97540000.0,28.006000518798828,28.125,27.65850067138672,27.761499404907227
2016/02/29,0.0,0.0,0.0,0.12178,3.4,27.625999450683594,82908000.0,27.700000762939453,28.24049949645996,27.625499725341797,27.625999450683594
2016/03/01,0.0,0.0,0.0,0.0589333333333333,4.666666666666667,28.95199966430664,100770000.0,27.81450080871582,28.962499618530273,27.799999237060547,28.95199966430664
2016/03/02,0.0,0.0,0.0,-0.0986666666666666,3.3333333333333335,29.010499954223633,91644000.0,29.087499618530273,29.25,28.684999465942383,29.010499954223633
2016/03/03,0.0,0.0,0.0,0.0,0.0,28.874500274658203,54826000.0,28.89800071716309,28.993499755859375,28.655500411987305,28.874500274658203
2016/03/04,0.0,0.0,0.0,0.3856,4.125,28.756999969482425,68330000.0,29.05349922180176,29.06999969482422,28.55349922180176,28.756999969482425
2016/03/07,0.0,0.0,0.0,0.0,0.0,28.13999938964844,98538000.0,28.677000045776367,28.681499481201172,27.77750015258789,28.13999938964844
2016/03/08,0.0,0.0,0.0,0.48796,4.6,28.01300048828125,94600000.0,27.89349937438965,28.5674991607666,27.73699951171875,28.01300048828125
2016/03/09,0.0,0.0,0.0,0.5563,4.0,27.973499298095703,87546000.0,27.97800064086914,28.017499923706055,27.506500244140625,27.973499298095703
2016/03/10,0.0,0.0,0.0,0.174985,3.6,27.94650077819824,78398000.0,28.336999893188477,28.350000381469727,27.395000457763672,27.94650077819824
2016/03/11,0.0,0.0,0.0,0.39515,3.0,28.480499267578125,75426000.0,28.34749984741211,28.503000259399418,28.136499404907227,28.480499267578125
2016/03/14,0.0,0.0,0.0,0.0258,5.0,28.668500900268555,69084000.0,28.350000381469727,28.844499588012695,28.15250015258789,28.668500900268555
2016/03/15,0.0,0.0,0.0,-0.17,3.0,28.85099983215332,77536000.0,28.549999237060547,29.076000213623047,28.350000381469727,28.85099983215332
2016/03/16,0.0,0.0,0.0,0.0,5.0,28.713499069213867,70754000.0,28.832000732421875,29.06599998474121,28.55699920654297,28.713499069213867
2016/03/17,0.0,0.0,0.0,0.3058666666666667,5.666666666666667,27.972000122070312,118562000.0,28.475500106811523,28.56999969482422,27.750499725341797,27.972000122070312
2016/03/18,0.0,0.0,0.0,0.0431666666666666,3.0,27.604000091552734,145938000.0,28.04700088500977,28.116500854492188,27.304500579833984,27.604000091552734
2016/03/21,0.0,0.0,0.0,0.2436249999999999,4.5,27.698999404907227,103114000.0,27.445499420166016,27.761999130249023,26.929000854492188,27.698999404907227
2016/03/22,0.0,0.0,0.0,0.1612666666666666,3.3333333333333335,28.02400016784668,80012000.0,27.25550079345703,28.13800048828125,27.252500534057617,28.02400016784668
2016/03/23,0.0,0.0,0.0,0.1779,4.2,28.48150062561035,79674000.0,28.049999237060547,28.624000549316406,27.905000686645508,28.48150062561035
2016/03/24,0.0,0.0,0.0,0.1779,3.5555555555555554,29.147499084472656,103710000.0,28.355499267578125,29.177499771118164,28.354000091552734,29.147499084472656
2016/03/28,0.0,0.0,0.0,0.4391333333333334,3.3333333333333335,28.993499755859375,62430000.0,29.219999313354492,29.237499237060547,28.777999877929688,28.993499755859375
2016/03/29,0.0,0.0,0.0,0.142995652173913,5.956521739130435,29.69300079345703,87852000.0,29.00749969482422,29.792499542236328,28.825000762939453,29.69300079345703
2016/03/30,0.0,0.0,0.0,0.4438,4.0,29.934499740600582,77810000.0,29.83550071716309,30.16200065612793,29.75,29.934499740600582
2016/03/31,0.0,0.0,0.0,0.0,0.0,29.68199920654297,53636000.0,29.964000701904297,30.037500381469727,29.61050033569336,29.68199920654297
2016/04/01,0.0,0.0,0.0,0.1439111111111111,5.222222222222222,29.924999237060547,58348000.0,29.524499893188477,29.951499938964844,29.415000915527344,29.924999237060547
2016/04/04,0.0,0.0,0.0,0.0,0.0,29.659500122070312,49416000.0,29.950000762939453,29.975000381469727,29.52750015258789,29.659500122070312
2016/04/05,0.0,0.0,0.0,0.5736285714285715,3.4285714285714284,29.30699920654297,46178000.0,29.53849983215332,29.673500061035156,29.262500762939453,29.30699920654297
2016/04/06,0.0,0.0,0.0,0.1779,3.3529411764705883,30.104000091552734,56998000.0,29.375999450683594,30.11949920654297,29.375,30.104000091552734
2016/04/07,0.0,0.0,0.0,0.0,0.0,29.57150077819824,63780000.0,29.937999725341797,29.979999542236328,29.45400047302246,29.57150077819824
2016/04/08,0.0,0.0,0.0,0.2828,2.8333333333333335,29.729999542236328,51838000.0,29.715999603271484,29.89299964904785,29.450000762939453,29.729999542236328
2016/04/11,0.0,0.0,0.0,0.0,0.0,29.796499252319336,54086000.0,29.80699920654297,30.200000762939453,29.745500564575195,29.796499252319336
2016/04/12,0.0,0.0,0.0,-0.5719,2.888888888888889,30.15850067138672,52822000.0,29.920000076293945,30.20299911499023,29.61549949645996,30.15850067138672
2016/04/13,0.0,0.0,0.0,-0.1337428571428571,3.2857142857142856,30.74099922180176,84566000.0,30.38400077819824,30.840499877929688,30.26449966430664,30.74099922180176
2016/04/14,0.0,0.0,0.0,0.1779,5.0,31.037500381469727,70242000.0,30.75349998474121,31.2189998626709,30.75349998474121,31.037500381469727
2016/04/15,0.0,0.0,0.0,0.302325,5.0,31.29450035095215,57754000.0,31.09600067138672,31.338499069213867,30.905500411987305,31.29450035095215
2016/04/18,0.0,0.0,0.0,0.188375,2.75,31.767499923706055,87218000.0,31.267499923706055,31.881999969482425,31.24799919128418,31.767499923706055
2016/04/19,0.0,0.0,0.0,0.44406,3.6,31.395000457763672,81118000.0,31.85700035095215,31.90049934387207,31.040000915527344,31.395000457763672
2016/04/20,0.0,0.0,0.0,0.2263,5.0,31.649499893188477,52188000.0,31.5,31.82749938964844,31.149999618530273,31.649499893188477
2016/04/21,0.0,0.0,0.0,0.1779,3.0,31.549999237060547,51926000.0,31.549999237060547,31.891000747680664,31.424999237060547,31.549999237060547
2016/04/22,0.0,0.0,0.0,0.1779,3.0,31.024999618530273,101678000.0,31.223499298095703,31.412500381469727,30.57799911499023,31.024999618530273
2016/04/25,0.0,0.0,0.0,0.0,0.0,31.309999465942383,53658000.0,30.83049964904785,31.349000930786133,30.8125,31.309999465942383
2016/04/26,0.0,0.0,0.0,0.1779,3.4,30.8439998626709,50428000.0,31.308500289916992,31.337499618530273,30.743999481201172,30.8439998626709
2016/04/27,0.0,0.0,0.0,0.3612,3.0,30.328500747680664,81376000.0,30.59000015258789,30.79750061035156,30.06399917602539,30.328500747680664
2016/04/28,0.0,0.0,0.0,-0.04122,4.2,30.100000381469727,157452000.0,30.777000427246097,31.34000015258789,29.959999084472656,30.100000381469727
2016/04/29,0.0,0.0,0.0,0.3364333333333333,3.6666666666666665,32.97949981689453,206214000.0,33.29999923706055,33.499000549316406,32.70000076293945,32.97949981689453
2016/05/02,0.0,0.0,0.0,-0.4342157894736843,3.3684210526315788,34.192501068115234,131570000.0,33.19599914550781,34.275001525878906,33.10150146484375,34.192501068115234
2016/05/03,0.0,0.0,0.0,0.4767,3.0,33.566001892089844,98468000.0,33.86800003051758,34.01499938964844,33.52149963378906,33.566001892089844
2016/05/04,0.0,0.0,0.0,0.0,0.0,33.54499816894531,92710000.0,33.12950134277344,33.70000076293945,33.106998443603516,33.54499816894531
2016/05/05,0.0,0.0,0.0,0.0,0.0,32.954498291015625,97682000.0,33.66550064086914,33.824501037597656,32.79999923706055,32.954498291015625
2016/05/06,0.0,0.0,0.0,0.261075,3.25,33.6974983215332,87306000.0,32.8025016784668,33.84749984741211,32.800498962402344,33.6974983215332
2016/05/09,0.0,0.0,0.0,0.3612,4.0,33.98749923706055,79644000.0,33.6974983215332,34.3489990234375,33.570499420166016,33.98749923706055
2016/05/10,0.0,0.0,0.0,0.24685,2.75,35.153499603271484,122112000.0,34.70000076293945,35.227500915527344,34.67499923706055,35.153499603271484
2016/05/11,0.0,0.0,0.0,-0.2391611111111111,3.388888888888889,35.6614990234375,146764000.0,35.28950119018555,35.95000076293945,35.08250045776367,35.6614990234375
2016/05/12,0.0,0.0,0.0,0.5267,3.0,35.89649963378906,100964000.0,35.86899948120117,36.122501373291016,35.57550048828125,35.89649963378906
2016/05/13,0.0,0.0,0.0,0.6652882352941177,3.9705882352941178,35.49599838256836,95268000.0,35.731998443603516,35.962501525878906,35.32550048828125,35.49599838256836
2016/05/16,0.0,0.0,0.0,0.0875,3.0,35.53300094604492,108658000.0,35.506500244140625,35.662498474121094,35.013999938964844,35.53300094604492
2016/05/17,0.0,0.0,0.0,-0.08335,4.5,34.76350021362305,102428000.0,35.494998931884766,35.7234992980957,34.695499420166016,34.76350021362305
2016/05/18,0.0,0.0,0.0,-0.0130499999999999,3.875,34.872501373291016,85664000.0,34.47800064086914,35.12699890136719,34.4379997253418,34.872501373291016
2016/05/19,0.0,0.0,0.0,-0.4019,3.526315789473684,34.92599868774414,60512000.0,34.59400177001953,34.970001220703125,34.47800064086914,34.92599868774414
2016/05/20,0.0,0.0,0.0,0.42305,4.0,35.13999938964844,58324000.0,35.0525016784668,35.36199951171875,35.0,35.13999938964844
2016/05/23,0.0,0.0,0.0,0.5859,3.0,34.837501525878906,51902000.0,35.212501525878906,35.29999923706055,34.82099914550781,34.837501525878906
2016/05/24,0.0,0.0,0.0,0.4215,3.4,35.209999084472656,60676000.0,34.9005012512207,35.375,34.900001525878906,35.209999084472656
2016/05/25,0.0,0.0,0.0,0.1779,4.5,35.41749954223633,65354000.0,35.400001525878906,35.542999267578125,35.2760009765625,35.41749954223633
2016/05/26,0.0,0.0,0.0,0.2486571428571428,4.0,35.74549865722656,48934000.0,35.416500091552734,35.75,35.364498138427734,35.74549865722656
2016/05/27,0.0,0.0,0.0,0.0,0.0,35.61199951171875,44984000.0,35.75,35.83000183105469,35.55500030517578,35.61199951171875
2016/05/31,0.0,0.0,0.0,0.1779,3.0,36.13949966430664,72366000.0,35.61650085449219,36.21149826049805,35.566001892089844,36.13949966430664
2016/06/01,0.0,0.0,0.0,0.0,0.0,35.97200012207031,65262000.0,36.04499816894531,36.32149887084961,35.9109992980957,35.97200012207031
2016/06/02,0.0,0.0,0.0,-0.100475,2.75,36.4119987487793,60532000.0,36.04850006103515,36.41400146484375,35.775001525878906,36.4119987487793
2016/06/03,0.0,0.0,0.0,-0.128,3.0,36.277000427246094,67346000.0,36.33700180053711,36.349998474121094,35.92150115966797,36.277000427246094
2016/06/06,0.0,0.0,0.0,-0.2263,4.571428571428571,36.33649826049805,54096000.0,36.32500076293945,36.57500076293945,36.22100067138672,36.33649826049805
2016/06/07,0.0,0.0,0.0,0.0852499999999999,3.5,36.1870002746582,54650000.0,36.49449920654297,36.5,36.02750015258789,36.1870002746582
2016/06/08,0.0,0.0,0.0,0.5561625,3.0,36.332000732421875,44468000.0,36.31999969482422,36.47100067138672,36.08000183105469,36.332000732421875
2016/06/09,0.0,0.0,0.0,0.0,0.0,36.38249969482422,43406000.0,36.154998779296875,36.445499420166016,36.1150016784668,36.38249969482422
2016/06/10,0.0,0.0,0.0,0.1779,3.625,35.89550018310547,68514000.0,36.11750030517578,36.249000549316406,35.71049880981445,35.89550018310547
2016/06/13,0.0,0.0,0.0,0.0,0.0,35.762001037597656,67044000.0,35.70050048828125,36.0994987487793,35.55799865722656,35.762001037597656
2016/06/14,0.0,0.0,0.0,0.1779,2.6842105263157894,35.96500015258789,50138000.0,35.61650085449219,36.04050064086914,35.61349868774414,35.96500015258789
2016/06/15,0.0,0.0,0.0,0.1165799999999999,4.4,35.7130012512207,54188000.0,36.099998474121094,36.12799835205078,35.66749954223633,35.7130012512207
2016/06/16,0.0,0.0,0.0,0.1779,3.4166666666666665,35.8754997253418,61960000.0,35.602500915527344,35.900001525878906,35.26499938964844,35.8754997253418
2016/06/17,0.0,0.0,0.0,0.1171799999999999,4.4,35.31949996948242,117956000.0,35.90950012207031,35.90999984741211,34.95899963378906,35.31949996948242
2016/06/20,0.0,0.0,0.0,0.4215,7.0,35.70050048828125,73544000.0,35.67499923706055,36.06549835205078,35.54050064086914,35.70050048828125
2016/06/21,0.0,0.0,0.0,0.5106,3.0,35.79100036621094,42750000.0,35.7859992980957,35.91999816894531,35.63600158691406,35.79100036621094
2016/06/22,0.0,0.0,0.0,0.4404,2.5,35.529998779296875,45210000.0,35.82899856567383,35.849998474121094,35.378501892089844,35.529998779296875
2016/06/23,0.0,0.0,0.0,0.5969833333333333,4.0,36.104000091552734,56500000.0,35.775001525878906,36.10599899291992,35.625,36.104000091552734
2016/06/24,0.0,0.0,0.0,0.0,0.0,34.948001861572266,152650000.0,34.650001525878906,35.62649917602539,34.61000061035156,34.948001861572266
2016/06/27,0.0,0.0,0.0,-0.032,3.5,34.56800079345703,111360000.0,34.60049819946289,34.840999603271484,34.10599899291992,34.56800079345703
2016/06/28,0.0,0.0,0.0,0.51418,4.8,35.397499084472656,80740000.0,35.0,35.400001525878906,34.90850067138672,35.397499084472656
2016/06/29,0.0,0.0,0.0,0.0850333333333333,4.0,35.779998779296875,61402000.0,35.787498474121094,35.974998474121094,35.676998138427734,35.779998779296875
2016/06/30,0.0,0.0,0.0,0.0,0.0,35.78099822998047,57102000.0,35.86000061035156,35.96849822998047,35.62699890136719,35.78099822998047
2016/07/01,0.0,0.0,0.0,0.0,0.0,36.28400039672851,58408000.0,35.86600112915039,36.400001525878906,35.82699966430664,36.28400039672851
2016/07/05,0.0,0.0,0.0,0.1779,3.0,36.404998779296875,48628000.0,36.13999938964844,36.47800064086914,35.980499267578125,36.404998779296875
2016/07/06,0.0,0.0,0.0,0.1779,3.0,36.88050079345703,78764000.0,36.285499572753906,36.88850021362305,36.12900161743164,36.88050079345703
2016/07/07,0.0,0.0,0.0,0.14232,4.2,36.82849884033203,58916000.0,36.96649932861328,36.977500915527344,36.58150100708008,36.82849884033203
2016/07/08,0.0,0.0,0.0,0.0,0.0,37.29050064086914,68584000.0,37.00699996948242,37.30500030517578,36.900001525878906,37.29050064086914
2016/07/11,0.0,0.0,0.0,0.1615166666666666,4.0,37.68899917602539,63906000.0,37.5,37.79499816894531,37.349998474121094,37.68899917602539
2016/07/12,0.0,0.0,0.0,0.1779,3.0,37.410499572753906,112474000.0,37.84299850463867,37.867000579833984,37.01649856567383,37.410499572753906
2016/07/13,0.0,0.0,0.0,0.0737666666666666,4.222222222222222,37.131500244140625,82846000.0,37.3380012512207,37.84349822998047,37.0625,37.131500244140625
2016/07/14,0.0,0.0,0.0,0.1779,3.0,37.060001373291016,47810000.0,37.44300079345703,37.45199966430664,36.95100021362305,37.060001373291016
2016/07/15,0.0,0.0,0.0,0.2481249999999999,3.5,36.77199935913086,62428000.0,37.32749938964844,37.32749938964844,36.70249938964844,36.77199935913086
2016/07/18,0.0,0.0,0.0,0.5267,3.0,36.80350112915039,59098000.0,36.77450180053711,37.08000183105469,36.43600082397461,36.80350112915039
2016/07/19,0.0,0.0,0.0,0.0,0.0,36.997501373291016,44336000.0,36.625,37.166500091552734,36.615501403808594,36.997501373291016
2016/07/20,0.0,0.0,0.0,0.0,3.0,37.2859992980957,44280000.0,37.20000076293945,37.3125,37.03499984741211,37.2859992980957
2016/07/21,0.0,0.0,0.0,0.0,0.0,37.22150039672851,46342000.0,37.375,37.46799850463867,37.13949966430664,37.22150039672851
2016/07/22,0.0,0.0,0.0,0.7269,4.6,37.24300003051758,45554000.0,37.38949966430664,37.56399917602539,37.17649841308594,37.24300003051758
2016/07/25,0.0,0.0,0.0,-0.05135,4.0,36.980499267578125,53586000.0,37.32749938964844,37.42499923706055,36.76750183105469,36.980499267578125
2016/07/26,0.0,0.0,0.0,0.6124,5.0,36.77949905395508,50594000.0,37.135501861572266,37.15650177001953,36.63750076293945,36.77949905395508
2016/07/27,0.0,0.0,0.0,0.0,0.0,36.833499908447266,58262000.0,36.89849853515625,37.047000885009766,36.69300079345703,36.833499908447266
2016/07/28,0.0,0.0,0.0,0.1528388888888888,3.1666666666666665,37.63050079345703,152352000.0,37.29899978637695,37.667999267578125,36.98500061035156,37.63050079345703
2016/07/29,0.0,0.0,0.0,0.2004086956521739,3.608695652173913,37.94049835205078,135542000.0,38.25,38.29999923706055,37.75,37.94049835205078
2016/08/01,0.0,0.0,0.0,0.0,0.0,38.387001037597656,71564000.0,37.993499755859375,38.525001525878906,37.85300064086914,38.387001037597656
2016/08/02,0.0,0.0,0.0,0.0,0.0,38.02899932861328,72066000.0,38.19049835205078,38.2504997253418,37.85100173950195,38.02899932861328
2016/08/03,0.0,0.0,0.0,0.1860714285714285,4.538461538461538,37.73199844360352,71630000.0,37.85300064086914,37.94449996948242,37.61249923706055,37.73199844360352
2016/08/04,0.0,0.0,0.0,0.27985,5.0,38.03850173950195,63564000.0,37.685001373291016,38.25,37.51750183105469,38.03850173950195
2016/08/05,0.0,0.0,0.0,0.044475,4.5,38.29899978637695,54088000.0,38.240501403808594,38.42350006103515,38.15449905395508,38.29899978637695
2016/08/08,0.0,0.0,0.0,0.0,0.0,38.327999114990234,39726000.0,38.34049987792969,38.349998474121094,38.05099868774414,38.327999114990234
2016/08/09,0.0,0.0,0.0,0.0,0.0,38.41550064086914,37522000.0,38.36949920654297,38.630001068115234,38.345001220703125,38.41550064086914
2016/08/10,0.0,0.0,0.0,0.1779,5.571428571428571,38.428001403808594,32086000.0,38.4900016784668,38.60499954223633,38.30950164794922,38.428001403808594
2016/08/11,0.0,0.0,0.0,0.1779,3.5,38.5620002746582,40394000.0,38.49700164794922,38.6875,38.45600128173828,38.5620002746582
2016/08/12,0.0,0.0,0.0,0.0537,4.2,38.62799835205078,31266000.0,38.42300033569336,38.657501220703125,38.42100143432617,38.62799835205078
2016/08/15,0.0,0.0,0.0,0.133425,4.5,38.42449951171875,42370000.0,38.595001220703125,38.60200119018555,38.385501861572266,38.42449951171875
2016/08/16,0.0,0.0,0.0,0.1779,3.0,38.20199966430664,32092000.0,38.430999755859375,38.436500549316406,38.19100189208984,38.20199966430664
2016/08/17,0.0,0.0,0.0,0.0,0.0,38.23149871826172,37822000.0,38.22050094604492,38.26100158691406,37.959999084472656,38.23149871826172
2016/08/18,0.0,0.0,0.0,0.0,0.0,38.222999572753906,29176000.0,38.20000076293945,38.25849914550781,38.029998779296875,38.222999572753906
2016/08/19,0.0,0.0,0.0,0.0,0.0,37.865501403808594,46864000.0,38.095001220703125,38.1245002746582,37.84450149536133,37.865501403808594
2016/08/22,0.0,0.0,0.0,0.1206571428571428,4.428571428571429,37.9739990234375,33586000.0,37.875,37.99250030517578,37.60499954223633,37.9739990234375
2016/08/23,0.0,0.0,0.0,0.1779,7.0,38.122501373291016,30482000.0,38.16550064086914,38.23500061035156,38.04999923706055,38.122501373291016
2016/08/24,0.0,0.0,0.0,0.0,0.0,37.86249923706055,34882000.0,38.150001525878906,38.170501708984375,37.76800155639648,37.86249923706055
2016/08/25,0.0,0.0,0.0,0.0,0.0,37.96099853515625,32460000.0,37.79999923706055,38.02799987792969,37.73699951171875,37.96099853515625
2016/08/26,0.0,0.0,0.0,0.1032928571428571,3.7857142857142856,38.45000076293945,55536000.0,38.002498626708984,38.5,37.9900016784668,38.45000076293945
2016/08/29,0.0,0.0,0.0,-0.34,4.0,38.56449890136719,43972000.0,38.43600082397461,38.749000549316406,38.43000030517578,38.56449890136719
2016/08/30,0.0,0.0,0.0,0.0,0.0,38.37900161743164,34184000.0,38.5525016784668,38.59199905395508,38.27799987792969,38.37900161743164
2016/08/31,0.0,0.0,0.0,0.0,0.0,38.45800018310547,32676000.0,38.33000183105469,38.48199844360352,38.20000076293945,38.45800018310547
2016/09/01,0.0,0.0,0.0,0.0,0.0,38.53099822998047,35846000.0,38.54499816894531,38.60200119018555,38.337501525878906,38.53099822998047
2016/09/02,0.0,0.0,0.0,0.0,0.0,38.62200164794922,43636000.0,38.70550155639648,38.79999923706055,38.584999084472656,38.62200164794922
2016/09/06,0.0,0.0,0.0,0.5106,5.0,39.44350051879883,74396000.0,38.70199966430664,39.4739990234375,38.51100158691406,39.44350051879883
2016/09/07,0.0,0.0,0.0,0.1779,5.0,39.2239990234375,48492000.0,39.47650146484375,39.53950119018555,39.21649932861328,39.2239990234375
2016/09/08,0.0,0.0,0.0,0.5994,5.2,39.202999114990234,40610000.0,39.19449996948242,39.32500076293945,39.071998596191406,39.202999114990234
2016/09/09,0.0,0.0,0.0,0.0,0.0,38.00699996948242,85146000.0,38.96799850463867,39.04999923706055,38.00550079345703,38.00699996948242
2016/09/12,0.0,0.0,0.0,0.0,0.0,38.574501037597656,62494000.0,37.86750030517578,38.632999420166016,37.79999923706055,38.574501037597656
2016/09/13,0.0,0.0,0.0,0.0,3.0,38.050498962402344,62344000.0,38.438499450683594,38.49449920654297,37.95249938964844,38.050498962402344
2016/09/14,0.0,0.0,0.0,0.0,0.0,38.054500579833984,50460000.0,38.11000061035156,38.375,37.942501068115234,38.054500579833984
2016/09/15,0.0,0.0,0.0,0.1779,3.0,38.484500885009766,60680000.0,38.099998474121094,38.54349899291992,37.87900161743164,38.484500885009766
2016/09/16,0.0,0.0,0.0,0.61715,3.0,38.92599868774414,109984000.0,38.66400146484375,39.02299880981445,38.58300018310547,38.92599868774414
2016/09/19,0.0,0.0,0.0,0.1779,3.0,38.755001068115234,45944000.0,38.99850082397461,39.09700012207031,38.54999923706055,38.755001068115234
2016/09/20,0.0,0.0,0.0,-0.3612,4.0,39.01100158691406,38744000.0,38.79999923706055,39.06850051879883,38.79999923706055,39.01100158691406
2016/09/21,0.0,0.0,0.0,0.1779,5.0,39.48699951171875,54372000.0,39.162498474121094,39.53450012207031,38.95050048828125,39.48699951171875
2016/09/22,0.0,0.0,0.0,0.11158,3.6,40.23500061035156,81578000.0,39.7135009765625,40.29449844360352,39.7135009765625,40.23500061035156
2016/09/23,0.0,0.0,0.0,0.1779,3.0,40.287498474121094,47070000.0,40.15650177001953,40.38750076293945,40.10599899291992,40.287498474121094
2016/09/26,0.0,0.0,0.0,-0.0516,5.157894736842105,39.95800018310547,53028000.0,40.09000015258789,40.29650115966797,39.85749816894531,39.95800018310547
2016/09/27,0.0,0.0,0.0,0.5719,4.0,40.80550003051758,76392000.0,40.092498779296875,40.832000732421875,40.05550003051758,40.80550003051758
2016/09/28,0.0,0.0,0.0,0.1212684210526315,3.0526315789473686,41.43600082397461,88442000.0,40.900001525878906,41.50699996948242,40.85150146484375,41.43600082397461
2016/09/29,0.0,0.0,0.0,0.6486,4.0,41.45249938964844,98444000.0,41.41299819946289,41.875,41.23149871826172,41.45249938964844
2016/09/30,0.0,0.0,0.0,0.1339666666666666,3.6666666666666665,41.865501403808594,88612000.0,41.63050079345703,41.997501373291016,41.619998931884766,41.865501403808594
2016/10/03,0.0,0.0,0.0,0.1779,3.0,41.83700180053711,55388000.0,41.79999923706055,41.99300003051758,41.5625,41.83700180053711
2016/10/04,0.0,0.0,0.0,0.0,0.0,41.70149993896485,59006000.0,42.045501708984375,42.118499755859375,41.51300048828125,41.70149993896485
2016/10/05,0.0,0.0,0.0,0.1779,4.4,42.21799850463867,69382000.0,41.900001525878906,42.28350067138672,41.805999755859375,42.21799850463867
2016/10/06,0.0,0.0,0.0,0.0,0.0,42.08300018310547,53680000.0,42.185001373291016,42.36050033569336,42.029998779296875,42.08300018310547
2016/10/07,0.0,0.0,0.0,0.1646,3.0,41.97150039672851,48524000.0,42.28950119018555,42.29750061035156,41.872501373291016,41.97150039672851
2016/10/10,0.0,0.0,0.0,-0.1531,3.0,42.08549880981445,36542000.0,42.162498474121094,42.2599983215332,42.01350021362305,42.08549880981445
2016/10/11,0.0,0.0,0.0,-0.0658099999999999,3.3,41.54999923706055,71764000.0,42.05099868774414,42.06449890136719,41.41749954223633,41.54999923706055
2016/10/12,0.0,0.0,0.0,0.1186,4.333333333333333,41.704498291015625,47608000.0,41.70000076293945,41.88349914550781,41.505001068115234,41.704498291015625
2016/10/13,0.0,0.0,0.0,-0.02635,3.375,41.4640007019043,61828000.0,41.45000076293945,41.59000015258789,41.06050109863281,41.4640007019043
2016/10/14,0.0,0.0,0.0,0.46045,3.0,41.14799880981445,59996000.0,41.75400161743164,41.7869987487793,41.14799880981445,41.14799880981445
2016/10/17,0.0,0.0,0.0,0.0449222222222222,3.2222222222222223,40.647499084472656,67230000.0,41.07500076293945,41.099998474121094,40.58399963378906,40.647499084472656
2016/10/18,0.0,0.0,0.0,0.3412374999999999,3.25,40.88249969482422,50250000.0,41.105499267578125,41.16299819946289,40.750999450683594,40.88249969482422
2016/10/19,0.0,0.0,0.0,0.10212,3.0,40.884498596191406,41814000.0,41.02000045776367,41.03350067138672,40.75849914550781,40.884498596191406
2016/10/20,0.0,0.0,0.0,0.0,0.0,40.51599884033203,63040000.0,40.699501037597656,40.785499572753906,40.154998779296875,40.51599884033203
2016/10/21,0.0,0.0,0.0,0.0,0.0,40.949501037597656,55860000.0,40.46799850463867,40.97100067138672,40.45000076293945,40.949501037597656
2016/10/24,0.0,0.0,0.0,0.2418714285714285,3.2857142857142856,41.90449905395508,81218000.0,41.247501373291016,41.915000915527344,41.11050033569336,41.90449905395508
2016/10/25,0.0,0.0,0.0,0.1779,5.0,41.75899887084961,64968000.0,41.96500015258789,42.15449905395508,41.6609992980957,41.75899887084961
2016/10/26,0.0,0.0,0.0,0.32454,5.0,41.12950134277344,79962000.0,41.63800048828125,41.672000885009766,41.0,41.12950134277344
2016/10/27,0.0,0.0,0.0,0.167284,4.2,40.917999267578125,148128000.0,41.5620002746582,41.58599853515625,40.77149963378906,40.917999267578125
2016/10/28,0.0,0.0,0.0,0.2708388888888888,3.888888888888889,38.81600189208984,216822000.0,39.099998474121094,39.4744987487793,38.730499267578125,38.81600189208984
2016/10/31,0.0,0.0,0.0,0.3243,2.6666666666666665,39.49100112915039,108266000.0,39.05149841308594,39.685001373291016,39.00550079345703,39.49100112915039
2016/11/01,0.0,0.0,0.0,0.3548,4.5,39.27050018310547,106108000.0,39.95000076293945,40.04199981689453,38.83549880981445,39.27050018310547
2016/11/02,0.0,0.0,0.0,0.5719,5.0,38.27799987792969,100530000.0,39.19649887084961,39.23749923706055,38.1775016784668,38.27799987792969
2016/11/03,0.0,0.0,0.0,0.0,0.0,38.35150146484375,77450000.0,38.252498626708984,38.849998474121094,38.20000076293945,38.35150146484375
2016/11/04,0.0,0.0,0.0,0.0,0.0,37.752498626708984,102442000.0,38.13949966430664,38.29999923706055,37.6614990234375,37.752498626708984
2016/11/07,0.0,0.0,0.0,0.1779,3.0,39.24649810791016,119688000.0,38.582000732421875,39.38650131225586,38.547000885009766,39.24649810791016
2016/11/08,0.0,0.0,0.0,0.4215,5.0,39.38750076293945,68252000.0,39.24850082397461,39.58700180053711,38.95500183105469,39.38750076293945
2016/11/09,0.0,0.0,0.0,0.1779,5.0,38.59400177001953,171258000.0,38.20000076293945,38.875,38.00450134277344,38.59400177001953
2016/11/10,0.0,0.0,0.0,0.0,0.0,37.11899948120117,254940000.0,38.94049835205078,38.94150161743164,35.8849983215332,37.11899948120117
2016/11/11,0.0,0.0,0.0,0.0,0.0,36.95050048828125,132456000.0,36.7864990234375,37.16299819946289,36.44499969482422,36.95050048828125
2016/11/14,0.0,0.0,0.0,0.2414333333333333,5.0,35.95349884033203,146426000.0,37.2755012512207,37.29999923706055,35.505001068115234,35.95349884033203
2016/11/15,0.0,0.0,0.0,0.34,4.0,37.1619987487793,135116000.0,36.5,37.3390007019043,36.29949951171875,37.1619987487793
2016/11/16,0.0,0.0,0.0,0.0,0.0,37.324501037597656,72976000.0,36.99399948120117,37.493499755859375,36.78049850463867,37.324501037597656
2016/11/17,0.0,0.0,0.0,0.5719,5.0,37.81999969482422,73802000.0,37.46599960327149,37.875,37.400001525878906,37.81999969482422
2016/11/18,0.0,0.0,0.0,0.0213222222222222,4.444444444444445,38.007999420166016,87468000.0,38.04999923706055,38.387001037597656,37.88199996948242,38.007999420166016
2016/11/21,0.0,0.0,0.0,0.0,0.0,39.0,92292000.0,38.29999923706055,39.01750183105469,38.25550079345703,39.0
2016/11/22,0.0,0.0,0.0,-0.1285,3.0,39.26649856567383,106226000.0,39.40850067138672,39.619998931884766,39.04999923706055,39.26649856567383
2016/11/23,0.0,0.0,0.0,0.1779,3.8,39.00600051879883,70806000.0,39.08649826049805,39.087501525878906,38.65599822998047,39.00600051879883
2016/11/25,0.0,0.0,0.0,0.08895,4.5,39.01850128173828,36742000.0,39.32500076293945,39.337501525878906,38.89500045776367,39.01850128173828
2016/11/28,0.0,0.0,0.0,0.1779,3.2,38.3385009765625,88776000.0,38.8494987487793,38.849998474121094,38.21200180053711,38.3385009765625
2016/11/29,0.0,0.0,0.0,0.1085,3.6,38.125999450683594,65446000.0,38.400001525878906,38.49449920654297,38.06600189208984,38.125999450683594
2016/11/30,0.0,0.0,0.0,0.3320916666666667,3.3333333333333335,37.52849960327149,92518000.0,38.099998474121094,38.40449905395508,37.51250076293945,37.52849960327149
2016/12/01,0.0,0.0,0.0,0.1879499999999999,3.3333333333333335,37.182498931884766,93320000.0,37.62049865722656,37.66849899291992,36.9015007019043,37.182498931884766
2016/12/02,0.0,0.0,0.0,0.5358666666666667,4.0,37.016998291015625,71226000.0,37.16999816894531,37.42449951171875,36.834999084472656,37.016998291015625
2016/12/05,0.0,0.0,0.0,-0.0584555555555555,4.444444444444445,37.96799850463867,86294000.0,37.25,38.074501037597656,37.099998474121094,37.96799850463867
2016/12/06,0.0,0.0,0.0,0.0308727272727272,4.045454545454546,38.23600006103515,75894000.0,38.199501037597656,38.4119987487793,37.86249923706055,38.23600006103515
2016/12/07,0.0,0.0,0.0,0.25,3.0,38.520999908447266,73698000.0,38.227500915527344,38.520999908447266,37.79100036621094,38.520999908447266
2016/12/08,0.0,0.0,0.0,0.06527,4.1,38.36650085449219,63792000.0,38.59349822998047,38.68949890136719,38.259498596191406,38.36650085449219
2016/12/09,0.0,0.0,0.0,0.4188,4.714285714285714,38.43299865722656,49418000.0,38.5,38.51250076293945,38.266998291015625,38.43299865722656
2016/12/12,0.0,0.0,0.0,0.0,0.0,38.00600051879883,59278000.0,38.31999969482422,38.34450149536133,37.86000061035156,38.00600051879883
2016/12/13,0.0,0.0,0.0,0.1779,7.0,38.71699905395508,105706000.0,38.24800109863281,39.12300109863281,38.099998474121094,38.71699905395508
2016/12/14,0.0,0.0,0.0,0.0246999999999999,5.666666666666667,38.44100189208984,109096000.0,38.912498474121094,39.042999267578125,38.140499114990234,38.44100189208984
2016/12/15,0.0,0.0,0.0,0.5994,3.2,38.04999923706055,76038000.0,38.31399917602539,38.45500183105469,38.015499114990234,38.04999923706055
2016/12/16,0.0,0.0,0.0,0.1779,3.0,37.88850021362305,96964000.0,38.25,38.256500244140625,37.70000076293945,37.88850021362305
2016/12/19,0.0,0.0,0.0,0.0,4.0,38.29999923706055,62264000.0,37.94449996948242,38.525001525878906,37.80799865722656,38.29999923706055
2016/12/20,0.0,0.0,0.0,-0.20095,5.0,38.56100082397461,54072000.0,38.432498931884766,38.71950149536133,38.385501861572266,38.56100082397461
2016/12/21,0.0,0.0,0.0,0.0,0.0,38.529998779296875,40892000.0,38.5,38.56100082397461,38.28499984741211,38.529998779296875
2016/12/22,0.0,0.0,0.0,0.0,0.0,38.31700134277344,50872000.0,38.40599822998047,38.56050109863281,38.1510009765625,38.31700134277344
2016/12/23,0.0,0.0,0.0,0.0,0.0,38.02949905395508,39632000.0,38.227500915527344,38.32500076293945,37.89950180053711,38.02949905395508
2016/12/27,0.0,0.0,0.0,0.7003,3.0,38.56999969482422,52774000.0,38.16999816894531,38.73249816894531,38.060001373291016,38.56999969482422
2016/12/28,0.0,0.0,0.0,0.53584,3.8,38.60649871826172,66020000.0,38.8125,39.0,38.525001525878906,38.60649871826172
2016/12/29,0.0,0.0,0.0,-0.30622,5.0,38.25749969482422,63166000.0,38.619998931884766,38.66999816894531,38.04249954223633,38.25749969482422
2016/12/30,0.0,0.0,0.0,-0.128,5.0,37.493499755859375,82788000.0,38.32350158691406,38.369998931884766,37.41400146484375,37.493499755859375
