11/28/2018,-0.3716
11/28/2018,0.0000
11/29/2018,0.2500
11/30/2018,0.0000
12/04/2018,0.0000
12/04/2018,0.3400
12/05/2018,0.0000
12/05/2018,0.3818
12/06/2018,0.2960
12/06/2018,0.4767
12/07/2018,0.0000
12/10/2018,0.0000
12/11/2018,0.3400
12/11/2018,0.0000
12/12/2018,0.0000
12/13/2018,0.0000
12/14/2018,0.5719
12/17/2018,0.0000
12/18/2018,0.0000
12/18/2018,0.0000
12/18/2018,-0.3182
12/18/2018,0.0000
12/19/2018,0.0000
12/20/2018,0.0000
12/21/2018,0.0000
12/24/2018,0.2732
12/24/2018,-0.1280
12/24/2018,-0.5267
12/24/2018,0.0000
12/26/2018,0.2960
12/27/2018,-0.2263
12/27/2018,0.0000
12/27/2018,0.0000
12/27/2018,0.0000
12/28/2018,0.0000
12/28/2018,0.2023
12/31/2018,0.3400
12/31/2018,0.0000
12/31/2018,0.0000
01/01/2019,0.0000
01/02/2019,-0.4215
01/02/2019,-0.4404
01/02/2019,0.0000
01/02/2019,0.1779
01/02/2019,0.0000
01/02/2019,0.0000
01/02/2019,0.0258
01/02/2019,0.0258
01/02/2019,0.0000
01/02/2019,0.0000
01/02/2019,-0.6369
01/02/2019,-0.2732
01/03/2019,-0.7003
01/04/2019,0.0000
01/04/2019,0.0000
01/04/2019,0.0000
01/08/2019,-0.3716
01/08/2019,0.0000
01/09/2019,-0.6808
01/10/2019,-0.2732
01/10/2019,-0.2960
01/10/2019,-0.2960
01/11/2019,0.0000
01/11/2019,0.0000
01/11/2019,0.0000
01/11/2019,0.0000
01/14/2019,-0.4215
01/17/2019,0.0000
01/18/2019,-0.3182
01/18/2019,0.0000
01/18/2019,-0.2732
01/18/2019,-0.2732
01/18/2019,0.0000
01/18/2019,0.2023
01/18/2019,0.2023
01/18/2019,0.4767
01/18/2019,0.4404
01/18/2019,0.0000
01/18/2019,0.0000
01/21/2019,0.0000
01/21/2019,0.0000
01/21/2019,0.4767
01/22/2019,-0.1779
01/22/2019,0.1779
01/22/2019,0.0000
01/23/2019,0.0000
01/23/2019,0.0000
01/23/2019,-0.2960
01/23/2019,0.3818
01/23/2019,-0.2732
01/24/2019,0.3400
01/24/2019,-0.3612
01/25/2019,-0.2732
01/25/2019,0.4404
01/28/2019,-0.5719
01/28/2019,-0.1531
01/29/2019,0.0000
01/29/2019,0.0000
01/29/2019,0.0000
01/30/2019,0.0000
01/30/2019,0.6249
01/30/2019,-0.2500
01/30/2019,-0.1779
01/30/2019,0.6705
01/30/2019,0.0000
01/30/2019,-0.1531
01/30/2019,0.4404
01/30/2019,0.0000
01/30/2019,0.0000
01/31/2019,0.0997
01/31/2019,0.0000
01/31/2019,0.0000
01/31/2019,0.0500
02/01/2019,0.0000
02/01/2019,0.0000
02/04/2019,-0.6908
02/04/2019,0.3182
02/04/2019,0.0000
02/04/2019,0.0000
02/04/2019,0.0000
02/06/2019,-0.2960
02/06/2019,0.3612
02/08/2019,-0.2960
02/11/2019,-0.2960
02/11/2019,-0.3182
02/11/2019,0.0000
02/12/2019,0.1779
02/13/2019,-0.1531
02/13/2019,0.4215
02/14/2019,0.0000
02/15/2019,0.0000
02/15/2019,0.2023
02/19/2019,0.2960
02/19/2019,0.2960
02/20/2019,0.0000
02/20/2019,0.0000
02/20/2019,0.2023
02/21/2019,0.6597
02/21/2019,0.0000
02/22/2019,0.0000
02/22/2019,0.0000
02/22/2019,0.0000
02/25/2019,-0.8074
02/25/2019,-0.8934
02/25/2019,-0.7964
02/25/2019,-0.8074
02/25/2019,0.0000
02/26/2019,-0.6908
02/26/2019,-0.4767
02/26/2019,-0.4215
02/26/2019,-0.4767
02/26/2019,-0.3400
02/26/2019,-0.7845
02/27/2019,0.0000
02/27/2019,0.0000
02/28/2019,0.3612
02/28/2019,0.0000
02/28/2019,0.0000
02/28/2019,-0.3182
02/28/2019,0.0000
02/28/2019,0.0000
02/28/2019,0.0000
03/01/2019,-0.0000
03/01/2019,0.0000
03/01/2019,0.2960
03/01/2019,0.5574
03/01/2019,0.0000
03/01/2019,0.0000
03/04/2019,0.0000
03/04/2019,0.0258
03/04/2019,0.3182
03/05/2019,0.0000
03/05/2019,0.0000
03/05/2019,0.4767
03/06/2019,0.0000
03/06/2019,0.0000
03/06/2019,0.0000
03/06/2019,0.0000
03/06/2019,0.0000
03/06/2019,0.0000
03/06/2019,-0.2732
03/07/2019,0.3400
03/07/2019,0.3400
03/07/2019,0.0000
03/11/2019,0.0000
03/11/2019,0.0000
03/11/2019,0.0000
03/11/2019,0.0000
03/11/2019,-0.5859
03/11/2019,-0.5106
03/11/2019,-0.3400
03/11/2019,-0.2960
03/12/2019,0.0000
03/12/2019,0.0000
03/12/2019,0.1280
03/12/2019,0.1280
03/12/2019,0.0000
03/12/2019,0.0000
03/13/2019,0.3400
03/13/2019,0.0000
03/14/2019,0.0000
03/14/2019,0.0000
03/14/2019,-0.3612
03/14/2019,0.0000
03/15/2019,0.0000
03/15/2019,0.0000
03/15/2019,-0.1280
03/18/2019,-0.0772
03/18/2019,-0.0258
03/18/2019,0.0000
03/18/2019,-0.3724
03/19/2019,0.0000
03/19/2019,-0.5106
03/20/2019,0.5106
03/21/2019,0.0000
03/21/2019,0.0000
03/22/2019,-0.3387
03/22/2019,-0.5859
03/25/2019,0.2023
03/25/2019,0.4404
03/25/2019,0.0000
03/25/2019,0.0000
03/25/2019,0.0000
03/25/2019,0.0000
03/26/2019,0.0000
03/26/2019,-0.2263
03/26/2019,0.0000
03/26/2019,0.0000
03/27/2019,0.0000
03/28/2019,0.0000
03/28/2019,0.0000
03/29/2019,0.0000
03/29/2019,-0.5106
04/01/2019,0.4019
04/01/2019,-0.4939
04/01/2019,-0.3612
04/01/2019,0.0000
04/01/2019,0.6369
04/01/2019,0.0000
04/02/2019,0.0000
04/02/2019,0.2960
04/02/2019,0.0000
04/02/2019,0.0000
04/03/2019,0.0000
04/03/2019,0.0000
04/03/2019,0.2023
04/03/2019,0.0000
04/03/2019,0.0000
04/03/2019,-0.2023
04/03/2019,-0.2023
04/03/2019,0.0000
04/03/2019,0.2023
04/04/2019,-0.1280
04/04/2019,0.2023
04/04/2019,0.0000
04/04/2019,-0.1531
04/04/2019,0.6486
04/04/2019,0.0000
04/04/2019,0.0000
04/04/2019,0.0000
04/04/2019,0.0000
04/04/2019,-0.5859
04/04/2019,0.4576
04/04/2019,0.0000
04/04/2019,-0.1531
04/04/2019,0.0000
04/04/2019,-0.3818
04/04/2019,-0.1280
04/04/2019,0.0000
04/04/2019,0.0000
04/04/2019,-0.2263
04/04/2019,0.4215
04/04/2019,-0.5859
04/04/2019,-0.7351
04/04/2019,0.0516
04/04/2019,-0.4939
04/04/2019,0.0000
04/04/2019,-0.1280
04/04/2019,0.2023
04/04/2019,-0.1531
04/04/2019,0.6486
04/05/2019,0.0000
04/05/2019,0.2960
04/08/2019,-0.3818
04/08/2019,0.3400
04/10/2019,0.5859
04/10/2019,0.6486
04/10/2019,0.6486
04/10/2019,0.6808
04/10/2019,0.5859
04/10/2019,0.6486
04/11/2019,-0.2263
04/11/2019,0.0000
04/11/2019,0.0000
04/11/2019,0.0000
04/11/2019,0.0000
04/11/2019,-0.2263
04/11/2019,0.0000
04/12/2019,-0.1280
04/15/2019,0.0000
04/16/2019,0.0000
04/17/2019,0.0000
04/17/2019,0.0000
04/17/2019,0.2263
04/17/2019,0.2263
04/17/2019,0.1027
04/17/2019,0.0000
04/18/2019,0.0000
04/18/2019,0.0000
04/18/2019,0.0000
04/18/2019,0.0000
04/18/2019,-0.5267
04/22/2019,0.0000
04/22/2019,-0.0516
04/22/2019,0.0000
04/22/2019,0.2023
04/22/2019,0.0000
04/23/2019,0.2732
04/23/2019,0.0000
04/24/2019,0.0000
04/24/2019,0.2960
04/24/2019,0.0000
04/24/2019,0.0000
04/24/2019,0.2023
04/24/2019,-0.4767
04/24/2019,-0.5994
04/24/2019,0.4141
04/24/2019,0.0000
04/25/2019,0.0000
04/25/2019,0.0772
04/25/2019,0.0000
04/25/2019,0.0000
04/26/2019,0.6597
04/26/2019,0.0000
04/26/2019,0.0000
04/26/2019,0.5267
04/29/2019,0.0000
05/02/2019,-0.4019
05/02/2019,0.3716
05/02/2019,0.0000
05/02/2019,0.0000
05/02/2019,0.0000
05/03/2019,0.0000
05/03/2019,0.0000
05/03/2019,0.0000
05/06/2019,0.0000
05/06/2019,0.5994
05/08/2019,-0.1027
05/13/2019,-0.4404
05/13/2019,0.0000
05/17/2019,-0.5267
05/17/2019,-0.2732
05/17/2019,0.0000
05/17/2019,0.0000
05/17/2019,0.4019
05/20/2019,0.0000
05/20/2019,0.0000
05/20/2019,0.0000
05/20/2019,0.3400
05/21/2019,0.0000
05/22/2019,0.0000
05/22/2019,0.0000
05/22/2019,0.0000
05/22/2019,0.0000
05/22/2019,-0.4767
05/22/2019,0.0000
05/23/2019,0.0000
05/24/2019,0.0000
05/28/2019,0.2732
05/29/2019,0.0000
05/29/2019,0.3612
05/29/2019,0.3182
05/30/2019,0.2617
05/30/2019,0.0000
05/31/2019,0.0000
06/04/2019,0.0000
06/04/2019,0.0000
06/05/2019,-0.2263
06/05/2019,0.0000
06/06/2019,0.0000
06/06/2019,0.3400
06/06/2019,0.0000
06/07/2019,0.4404
06/10/2019,0.0000
06/10/2019,0.2960
06/12/2019,0.0000
06/12/2019,0.3875
06/12/2019,0.0000
06/13/2019,0.0000
06/13/2019,0.0000
06/14/2019,0.0000
06/14/2019,-0.2263
06/17/2019,0.0000
06/17/2019,0.0000
06/18/2019,0.2960
06/18/2019,0.0000
06/18/2019,0.0000
06/20/2019,0.0000
06/21/2019,0.5423
06/21/2019,-0.6597
06/24/2019,0.0000
06/25/2019,0.0000
06/27/2019,0.0000
06/28/2019,0.0000
07/01/2019,0.4939
07/02/2019,0.0000
07/03/2019,0.0000
07/03/2019,0.3818
07/03/2019,0.0000
07/03/2019,0.0000
07/03/2019,0.0000
07/04/2019,0.0000
07/05/2019,0.3818
07/05/2019,0.0000
07/09/2019,0.6124
07/09/2019,0.0000
07/09/2019,0.5106
07/10/2019,0.0000
07/10/2019,0.0000
07/10/2019,0.3182
07/12/2019,0.0000
07/12/2019,0.3400
07/15/2019,0.0000
07/16/2019,0.0000
07/17/2019,0.2023
07/18/2019,0.3400
07/18/2019,0.0000
07/22/2019,0.0000
07/23/2019,0.5719
07/23/2019,0.0000
07/24/2019,0.0000
07/24/2019,0.0000
07/24/2019,-0.1531
07/24/2019,-0.3182
07/24/2019,0.0000
07/24/2019,0.2732
07/24/2019,0.0000
07/25/2019,0.0000
07/25/2019,0.0000
07/25/2019,-0.2960
07/25/2019,0.0000
07/25/2019,0.0000
07/26/2019,-0.3182
07/26/2019,-0.3818
07/29/2019,0.3400
07/29/2019,0.2732
07/30/2019,0.0000
07/30/2019,-0.6249
08/05/2019,0.5574
08/05/2019,0.5574
08/05/2019,0.0000
08/06/2019,0.5106
08/09/2019,0.6597
08/12/2019,0.0000
08/12/2019,-0.2732
08/13/2019,-0.5106
08/14/2019,0.0000
08/14/2019,0.0000
08/15/2019,0.5859
08/15/2019,0.0000
08/19/2019,0.0000
08/20/2019,0.7783
08/21/2019,0.3612
08/22/2019,0.4588
08/23/2019,0.5106
08/23/2019,0.2732
08/23/2019,0.0000
08/26/2019,0.4404
08/27/2019,0.0000
08/27/2019,-0.6901
08/27/2019,0.3182
08/27/2019,0.0000
08/28/2019,0.0000
08/28/2019,0.5859
08/28/2019,0.0000
08/28/2019,0.0000
08/28/2019,0.0000
08/29/2019,0.0000
08/29/2019,0.5106
08/30/2019,0.3400
09/03/2019,0.0000
09/04/2019,0.3400
09/04/2019,0.0000
09/04/2019,0.0000
09/04/2019,0.0000
09/05/2019,0.0000
09/06/2019,0.2960
09/11/2019,0.0000
09/12/2019,0.3612
09/12/2019,0.3818
09/13/2019,0.4927
09/16/2019,0.0000
09/16/2019,-0.7906
09/16/2019,0.4939
09/17/2019,0.0000
09/17/2019,0.0000
09/19/2019,0.7964
09/23/2019,0.0000
09/24/2019,0.4215
09/24/2019,0.0000
09/24/2019,0.0000
09/24/2019,0.0000
09/25/2019,0.0000
09/25/2019,0.1779
09/25/2019,-0.8625
09/25/2019,-0.8625
09/26/2019,-0.5859
09/26/2019,0.0000
09/26/2019,0.0000
09/27/2019,0.0000
09/27/2019,0.0000
09/30/2019,-0.5267
10/01/2019,0.0000
10/01/2019,0.0000
10/01/2019,-0.4019
10/02/2019,0.0000
10/02/2019,0.0000
10/02/2019,-0.3291
10/03/2019,0.0000
10/03/2019,0.0000
10/03/2019,0.0000
10/03/2019,0.0000
10/03/2019,0.0000
10/03/2019,0.0000
10/04/2019,-0.3182
10/04/2019,0.5859
10/04/2019,-0.2263
10/04/2019,0.0000
10/07/2019,0.0000
10/08/2019,0.3400
10/09/2019,0.4404
10/09/2019,0.0000
10/10/2019,0.4404
10/10/2019,0.0000
10/14/2019,0.0000
10/14/2019,0.0000
10/14/2019,0.0000
10/14/2019,0.6808
10/14/2019,0.0000
10/17/2019,0.0000
10/18/2019,0.3612
10/18/2019,0.0000
10/21/2019,0.3327
10/22/2019,0.0000
10/22/2019,0.0772
10/22/2019,0.0772
10/22/2019,0.4019
10/22/2019,0.0000
10/23/2019,0.0000
10/23/2019,0.0000
10/23/2019,-0.2023
10/23/2019,0.8977
10/23/2019,0.6249
10/23/2019,0.2960
10/24/2019,0.0000
10/24/2019,0.0000
10/24/2019,0.0000
10/24/2019,0.7579
10/24/2019,0.0000
10/24/2019,0.0000
10/25/2019,0.0000
10/25/2019,0.0000
10/25/2019,0.0000
10/28/2019,0.0000
10/28/2019,-0.4019
10/29/2019,0.0000
10/30/2019,0.2732
10/30/2019,0.2732
10/31/2019,0.6124
10/31/2019,-0.0258
10/31/2019,0.0000
10/31/2019,-0.2960
11/01/2019,0.4005
11/01/2019,0.0000
11/01/2019,0.0000
11/01/2019,0.0000
11/04/2019,0.0000
11/05/2019,0.6124
11/05/2019,0.6124
11/05/2019,-0.2960
11/05/2019,-0.2960
11/05/2019,0.0000
11/06/2019,0.0000
11/11/2019,0.0000
11/11/2019,0.5859
11/11/2019,0.0000
11/11/2019,0.0000
11/12/2019,0.0000
11/12/2019,0.0000
11/12/2019,0.0000
11/12/2019,0.0000
11/13/2019,0.0000
11/13/2019,0.0000
11/13/2019,0.0000
11/13/2019,0.0000
11/15/2019,0.0000
11/15/2019,0.2263
11/15/2019,0.0000
11/15/2019,0.2263
11/18/2019,0.3400
11/20/2019,0.0000
11/21/2019,0.0000
11/22/2019,0.0000
11/22/2019,0.0000
11/22/2019,0.0000
11/22/2019,-0.3818
11/22/2019,0.4019
11/22/2019,0.0000
11/25/2019,0.0000
11/25/2019,0.2960
11/25/2019,0.0000
11/25/2019,0.2716
11/25/2019,0.0000
11/26/2019,0.6705
11/27/2019,0.0000
11/28/2019,0.0000
11/28/2019,-0.5994
11/29/2019,0.1027
12/02/2019,-0.4497
12/02/2019,0.0000
12/03/2019,0.0000
12/03/2019,0.0000
12/04/2019,0.0000
12/04/2019,0.6597
12/05/2019,0.0000
12/09/2019,0.0000
12/09/2019,0.0000
12/09/2019,0.0000
12/10/2019,0.3182
12/10/2019,-0.5719
12/11/2019,0.0000
12/12/2019,0.0000
12/12/2019,0.0000
12/13/2019,0.0000
12/16/2019,0.0000
12/16/2019,0.1531
12/16/2019,0.0000
12/16/2019,0.1027
12/18/2019,0.2023
12/19/2019,0.0000
12/19/2019,0.0000
12/19/2019,0.2023
12/20/2019,0.0000
12/20/2019,0.3400
12/23/2019,0.0000
12/23/2019,0.6369
12/24/2019,0.0000
12/26/2019,0.0000
12/27/2019,0.0000
12/27/2019,0.0000
12/27/2019,0.0000
12/30/2019,0.0000
12/30/2019,0.0000
12/30/2019,0.0000
12/31/2019,0.0000
01/01/2020,-0.7351
01/01/2020,0.0000
01/02/2020,0.4019
01/03/2020,-0.2960
01/03/2020,0.0000
01/03/2020,0.0000
01/03/2020,0.2960
01/06/2020,0.0000
01/06/2020,0.4404
01/06/2020,0.4215
01/06/2020,0.0000
01/07/2020,0.0000
01/07/2020,-0.3400
01/07/2020,0.0000
01/08/2020,0.0000
01/08/2020,0.0000
01/08/2020,0.1779
01/08/2020,0.0000
01/08/2020,0.0000
01/08/2020,0.0000
01/09/2020,0.0516
01/09/2020,0.0258
01/09/2020,0.0000
01/10/2020,0.0000
01/13/2020,0.1406
01/13/2020,0.0000
01/13/2020,-0.3182
01/13/2020,0.0000
01/13/2020,0.0000
01/14/2020,0.3818
01/15/2020,0.4404
01/15/2020,0.0000
01/16/2020,0.0000
01/16/2020,0.0000
01/16/2020,0.0000
01/17/2020,0.1531
01/17/2020,0.0000
01/17/2020,0.0000
01/21/2020,0.0000
01/21/2020,0.0000
01/21/2020,0.3400
01/21/2020,-0.3612
01/21/2020,0.0000
01/22/2020,0.0000
01/22/2020,0.0000
01/22/2020,0.0000
01/23/2020,0.2263
01/23/2020,0.0000
01/27/2020,0.3400
01/28/2020,0.0772
01/28/2020,0.0000
01/29/2020,0.0000
01/29/2020,0.0000
01/29/2020,0.2960
01/29/2020,0.0000
01/30/2020,0.3400
01/30/2020,0.0000
01/30/2020,0.0000
01/30/2020,0.0000
01/30/2020,0.0000
01/31/2020,0.0000
02/03/2020,0.4939
02/03/2020,0.0000
02/03/2020,0.0000
02/03/2020,0.3400
02/04/2020,0.0772
02/04/2020,0.5859
02/04/2020,0.0000
02/04/2020,0.0000
02/04/2020,0.0000
02/04/2020,0.0000
02/04/2020,0.0000
02/05/2020,0.4404
02/05/2020,0.3182
02/05/2020,0.0000
02/05/2020,0.0000
02/05/2020,0.0000
02/05/2020,0.4019
02/05/2020,0.0000
02/06/2020,0.0000
02/06/2020,0.0000
02/06/2020,0.0000
02/07/2020,0.3818
02/10/2020,0.7351
02/10/2020,0.0000
02/10/2020,0.0000
02/10/2020,0.0000
02/10/2020,0.0000
02/11/2020,0.0000
02/12/2020,0.0000
02/13/2020,0.0000
02/13/2020,-0.2732
02/13/2020,0.0000
02/13/2020,0.0000
02/13/2020,0.0000
02/13/2020,0.0000
02/13/2020,0.3400
02/14/2020,0.0000
02/14/2020,0.0000
02/14/2020,0.6369
02/14/2020,0.4404
02/18/2020,-0.2960
02/18/2020,-0.3612
02/18/2020,0.2263
02/18/2020,0.0000
02/18/2020,0.2263
02/19/2020,0.0000
02/19/2020,0.0000
02/19/2020,0.0000
02/19/2020,0.2023
02/20/2020,0.0000
02/20/2020,0.0000
02/21/2020,0.6908
02/21/2020,0.2500
02/21/2020,0.4767
02/21/2020,0.2023
02/24/2020,0.0000
02/25/2020,0.0000
02/25/2020,0.0000
02/25/2020,0.1027
02/26/2020,0.0000
02/26/2020,0.0000
02/26/2020,-0.2732
02/27/2020,-0.8834
02/27/2020,0.0000
02/27/2020,0.1280
02/27/2020,-0.5994
02/27/2020,0.0000
02/28/2020,0.0000
02/28/2020,0.0000
03/02/2020,0.0000
03/03/2020,0.2023
03/03/2020,0.0000
03/03/2020,-0.5423
03/04/2020,0.3818
03/05/2020,0.0000
03/06/2020,0.0000
03/06/2020,0.0000
03/06/2020,0.0000
03/06/2020,0.2960
03/09/2020,0.2263
03/09/2020,0.0000
03/09/2020,0.0000
03/09/2020,-0.1280
03/09/2020,0.0000
03/10/2020,0.4939
03/10/2020,0.0000
03/10/2020,0.0000
03/10/2020,0.0000
03/10/2020,0.0000
03/10/2020,0.0000
03/11/2020,0.0000
03/11/2020,0.0000
03/11/2020,0.0000
03/11/2020,-0.4767
03/11/2020,0.0000
03/12/2020,0.0000
03/12/2020,0.2960
03/12/2020,0.0000
03/13/2020,0.0000
03/16/2020,0.0000
03/16/2020,0.0000
03/17/2020,0.0000
03/17/2020,0.4404
03/17/2020,0.0000
03/17/2020,0.0000
03/18/2020,0.1531
03/18/2020,0.0000
03/18/2020,0.5719
03/18/2020,0.0000
03/18/2020,0.0000
03/18/2020,-0.5994
03/18/2020,-0.3182
03/19/2020,0.0000
03/19/2020,0.0000
03/19/2020,-0.3182
03/20/2020,0.0000
03/20/2020,0.0000
03/20/2020,0.0000
03/20/2020,0.0000
03/24/2020,0.0000
03/24/2020,0.0000
03/25/2020,0.4588
03/25/2020,0.0000
03/26/2020,0.0000
03/26/2020,0.0000
03/27/2020,0.0000
03/27/2020,0.0000
03/27/2020,0.0000
03/27/2020,0.0000
03/27/2020,0.0000
03/30/2020,0.0000
03/30/2020,0.0000
03/31/2020,0.5106
03/31/2020,0.0000
03/31/2020,-0.2732
04/01/2020,0.7269
04/01/2020,0.0000
04/02/2020,0.0000
04/02/2020,0.0000
04/02/2020,0.0000
04/02/2020,-0.1531
04/02/2020,0.3182
04/03/2020,0.5256
04/03/2020,0.0000
04/03/2020,0.0000
04/03/2020,0.0000
04/03/2020,0.0000
04/06/2020,0.0000
04/06/2020,0.4019
04/06/2020,0.0000
04/06/2020,-0.3182
04/06/2020,0.0000
04/06/2020,-0.4588
04/06/2020,0.2960
04/07/2020,0.2732
04/07/2020,0.0000
04/07/2020,-0.2732
04/08/2020,-0.3612
04/08/2020,-0.5994
04/08/2020,-0.3818
04/09/2020,0.0000
04/09/2020,0.3818
04/09/2020,-0.2732
04/10/2020,0.0000
04/10/2020,-0.3182
04/13/2020,0.0000
04/13/2020,0.0000
04/13/2020,0.0000
04/14/2020,0.0000
04/14/2020,-0.3612
04/14/2020,0.0000
04/14/2020,0.0000
04/14/2020,0.0000
04/15/2020,0.0000
04/15/2020,0.3182
04/15/2020,0.0000
04/15/2020,0.4404
04/15/2020,-0.2263
04/15/2020,-0.2263
04/16/2020,0.0000
04/17/2020,-0.6249
04/20/2020,0.0000
04/20/2020,0.0258
04/21/2020,0.7430
04/21/2020,0.0000
04/21/2020,-0.1280
04/22/2020,-0.5106
04/22/2020,0.0000
04/22/2020,0.0000
04/23/2020,0.0000
04/23/2020,-0.2732
04/24/2020,-0.2732
04/24/2020,0.0000
04/27/2020,0.0000
04/27/2020,0.0000
04/27/2020,0.0000
04/27/2020,0.0000
04/27/2020,0.0000
04/27/2020,0.0000
04/28/2020,0.0000
04/28/2020,0.0000
04/28/2020,0.0000
04/28/2020,0.0000
04/29/2020,0.0000
04/29/2020,0.0000
04/29/2020,0.0000
04/29/2020,0.0000
04/29/2020,0.0000
04/29/2020,0.0000
04/29/2020,0.6041
04/29/2020,0.0000
04/29/2020,0.4404
04/29/2020,0.0000
04/29/2020,0.5267
04/30/2020,0.0000
04/30/2020,0.1280
04/30/2020,0.0000
04/30/2020,0.0000
04/30/2020,0.0000
04/30/2020,0.0000
04/30/2020,0.0000
04/30/2020,-0.2960
04/30/2020,-0.2960
05/01/2020,-0.1280
05/01/2020,0.0000
05/01/2020,0.0000
05/01/2020,-0.3612
05/01/2020,0.0000
05/01/2020,0.0000
05/04/2020,-0.5267
05/04/2020,0.0000
05/04/2020,0.0000
05/06/2020,0.0000
05/06/2020,0.0000
05/06/2020,0.0000
05/07/2020,-0.4404
05/08/2020,0.0000
05/08/2020,0.0000
05/08/2020,-0.2263
05/08/2020,0.2960
05/08/2020,-0.5423
05/08/2020,0.0000
05/08/2020,0.0000
05/08/2020,0.3182
05/11/2020,-0.2023
05/11/2020,0.0000
05/11/2020,0.4019
05/11/2020,0.4019
05/11/2020,-0.2023
05/11/2020,-0.7506
05/11/2020,0.0000
05/12/2020,-0.2732
05/12/2020,0.0000
05/12/2020,0.0000
05/12/2020,-0.2732
05/13/2020,-0.3818
05/13/2020,0.6369
05/13/2020,0.0000
05/13/2020,0.0000
05/13/2020,-0.3818
05/13/2020,0.3612
05/13/2020,-0.3818
05/13/2020,0.0000
05/14/2020,0.0000
05/14/2020,0.0000
05/14/2020,0.0000
05/14/2020,0.2732
05/14/2020,0.0000
05/14/2020,0.4939
05/14/2020,-0.1027
05/14/2020,0.3400
05/15/2020,0.0000
05/15/2020,0.4404
05/15/2020,-0.4019
05/18/2020,0.2023
05/18/2020,0.7615
05/18/2020,0.0000
05/18/2020,0.0000
05/18/2020,0.5574
05/18/2020,0.0000
05/19/2020,0.0000
05/19/2020,0.0000
05/19/2020,-0.5994
05/19/2020,0.5574
05/19/2020,0.4019
05/19/2020,0.2023
05/20/2020,0.3400
05/21/2020,0.4404
05/21/2020,0.2023
05/21/2020,0.3400
05/21/2020,0.1779
05/22/2020,0.0000
05/22/2020,0.4404
05/26/2020,0.0000
05/26/2020,0.0000
05/26/2020,-0.2732
05/27/2020,0.0000
05/27/2020,-0.2732
05/27/2020,0.0000
05/27/2020,0.0000
05/27/2020,0.0000
05/27/2020,0.0000
05/27/2020,-0.2500
05/27/2020,0.0000
05/27/2020,-0.2960
05/27/2020,0.0000
05/27/2020,-0.2249
05/28/2020,-0.2023
05/28/2020,0.0000
05/28/2020,0.0000
05/29/2020,0.0000
05/29/2020,0.4404
06/01/2020,0.5719
06/01/2020,0.0000
06/01/2020,0.0000
06/02/2020,0.0000
06/02/2020,0.3818
06/03/2020,0.0000
06/03/2020,0.0000
06/04/2020,0.5106
06/04/2020,0.1779
06/04/2020,0.1779
06/08/2020,0.0000
06/08/2020,0.0000
06/08/2020,0.0248
06/08/2020,0.2023
06/08/2020,0.0000
06/08/2020,0.2023
06/08/2020,-0.3818
06/09/2020,0.1531
06/10/2020,0.0000
06/10/2020,0.5574
06/10/2020,0.0000
06/10/2020,0.0000
06/10/2020,0.0000
06/10/2020,0.0000
06/10/2020,0.1027
06/10/2020,-0.1280
06/10/2020,0.0000
06/11/2020,0.7783
06/11/2020,0.0000
06/11/2020,0.0000
06/12/2020,0.0000
06/12/2020,0.0000
06/12/2020,0.0000
06/12/2020,0.0000
06/15/2020,0.0000
06/15/2020,0.0000
06/15/2020,0.0000
06/15/2020,0.3182
06/15/2020,0.3182
06/15/2020,0.0000
06/15/2020,0.0000
06/15/2020,0.2023
06/16/2020,-0.2960
06/16/2020,-0.2023
06/16/2020,0.0258
06/16/2020,0.0000
06/16/2020,-0.4019
06/16/2020,0.0000
06/17/2020,0.4939
06/17/2020,0.0000
06/17/2020,0.0000
06/18/2020,0.0000
06/18/2020,0.0000
06/18/2020,0.0772
06/18/2020,0.0000
06/19/2020,0.2023
06/19/2020,0.3400
06/19/2020,0.0000
06/19/2020,-0.2960
06/19/2020,0.0000
06/19/2020,-0.2732
06/22/2020,0.0000
06/22/2020,-0.3818
06/22/2020,0.2500
06/22/2020,0.0000
06/22/2020,-0.2263
06/23/2020,0.0000
06/23/2020,0.0000
06/23/2020,0.0000
06/23/2020,-0.2023
06/23/2020,-0.2732
06/23/2020,-0.2023
06/24/2020,-0.4588
06/24/2020,0.3612
06/24/2020,-0.5106
06/24/2020,-0.4588
06/24/2020,0.0000
06/25/2020,0.5994
06/25/2020,0.0000
06/25/2020,0.0000
06/25/2020,0.0000
06/26/2020,0.5209
06/29/2020,0.4019
06/29/2020,0.0000
06/29/2020,0.0000
06/30/2020,-0.3182
06/30/2020,0.2023
06/30/2020,0.0000
06/30/2020,0.0000
07/01/2020,0.6222
07/01/2020,-0.0258
07/01/2020,0.5256
07/01/2020,0.5256
07/01/2020,0.0000
07/01/2020,0.4215
07/01/2020,0.0000
07/01/2020,0.0000
07/02/2020,0.0000
07/02/2020,0.0000
07/02/2020,0.0000
07/02/2020,0.0000
07/02/2020,0.0000
07/02/2020,0.0000
07/02/2020,0.0000
07/02/2020,0.3818
07/02/2020,0.7430
07/02/2020,0.0000
07/02/2020,0.4215
07/02/2020,0.0000
07/03/2020,-0.1280
07/03/2020,0.2023
07/06/2020,-0.4588
07/06/2020,0.0000
07/06/2020,0.0000
07/06/2020,0.8979
07/06/2020,0.8979
07/06/2020,0.2023
07/06/2020,0.2960
07/07/2020,-0.2960
07/07/2020,0.0000
07/07/2020,0.2023
07/07/2020,0.5106
07/07/2020,0.3182
07/07/2020,0.0000
07/07/2020,0.0000
07/08/2020,0.0000
07/08/2020,0.0000
07/08/2020,0.0000
07/08/2020,0.0000
07/09/2020,0.0000
07/09/2020,0.0000
07/09/2020,0.0000
07/09/2020,0.8176
07/09/2020,0.2500
07/10/2020,0.2263
07/10/2020,0.0000
07/10/2020,0.0000
07/10/2020,0.0000
07/10/2020,0.2960
07/10/2020,0.6369
07/10/2020,0.0000
07/13/2020,0.2960
07/13/2020,0.3400
07/13/2020,-0.2960
07/13/2020,-0.2960
07/13/2020,0.0000
07/13/2020,0.0000
07/13/2020,0.5106
07/13/2020,0.1280
07/13/2020,0.1779
07/13/2020,0.2023
07/13/2020,0.0000
07/13/2020,0.0000
07/14/2020,0.0000
07/14/2020,0.5994
07/14/2020,0.1779
07/14/2020,0.3818
07/14/2020,-0.4404
07/14/2020,0.0000
07/14/2020,0.0000
07/14/2020,0.0000
07/14/2020,0.6908
07/14/2020,0.4019
07/14/2020,0.4019
07/15/2020,0.0000
07/15/2020,0.0000
07/15/2020,0.5106
07/15/2020,0.0000
07/15/2020,0.0000
07/15/2020,0.0000
07/15/2020,0.0000
07/15/2020,-0.4404
07/15/2020,0.0000
07/15/2020,0.0000
07/16/2020,0.4215
07/16/2020,0.0000
07/16/2020,0.5859
07/16/2020,0.3182
07/16/2020,0.0000
07/17/2020,0.6705
07/20/2020,0.7845
07/20/2020,0.0000
07/21/2020,0.7964
07/21/2020,0.0000
07/21/2020,0.0000
07/21/2020,0.0000
07/21/2020,0.5423
07/21/2020,0.2960
07/22/2020,0.0000
07/22/2020,0.0000
07/22/2020,0.0000
07/22/2020,0.0000
07/22/2020,0.0000
07/22/2020,0.0000
07/22/2020,0.0000
07/22/2020,0.0000
07/22/2020,0.1280
07/22/2020,0.0000
07/22/2020,0.0000
07/22/2020,0.7579
07/22/2020,0.6249
07/22/2020,0.6808
07/22/2020,0.6249
07/22/2020,0.3612
07/23/2020,0.5574
07/23/2020,0.5574
07/23/2020,0.0000
07/23/2020,0.0000
07/23/2020,0.4404
07/23/2020,0.0000
07/23/2020,0.0000
07/23/2020,0.0000
07/23/2020,0.0000
07/23/2020,-0.7906
07/24/2020,0.2732
07/24/2020,0.0000
07/24/2020,0.5106
07/24/2020,0.4404
07/24/2020,0.5423
07/24/2020,0.4019
07/24/2020,0.5574
07/24/2020,0.0000
07/24/2020,-0.2023
07/24/2020,0.4019
07/27/2020,-0.5719
07/27/2020,0.0000
07/27/2020,0.5994
07/27/2020,0.0000
07/28/2020,0.3818
07/28/2020,0.3818
07/28/2020,0.3400
07/28/2020,0.0000
07/28/2020,0.0000
07/28/2020,0.4215
07/29/2020,0.0000
07/29/2020,-0.3612
07/29/2020,0.0000
07/29/2020,0.0000
07/30/2020,0.4404
07/30/2020,0.5859
07/30/2020,0.1779
07/30/2020,0.2960
07/31/2020,0.0000
07/31/2020,0.0000
07/31/2020,0.4215
07/31/2020,0.4215
07/31/2020,0.0000
08/03/2020,0.0000
08/03/2020,0.0000
08/04/2020,0.4215
08/05/2020,0.4019
08/06/2020,0.3400
08/06/2020,0.0000
08/10/2020,0.1280
08/10/2020,0.0000
08/11/2020,0.0000
08/11/2020,0.2960
08/11/2020,0.0000
08/11/2020,0.0000
08/11/2020,0.0000
08/11/2020,0.0000
08/11/2020,0.0000
08/11/2020,0.0000
08/12/2020,0.0000
08/12/2020,0.2960
08/12/2020,0.2960
08/12/2020,0.2960
08/12/2020,0.0000
08/13/2020,0.0000
08/13/2020,0.4019
08/13/2020,0.0000
08/14/2020,0.0000
08/14/2020,0.0000
08/14/2020,0.4404
08/14/2020,0.4019
08/14/2020,0.2023
08/17/2020,-0.2960
08/17/2020,0.0000
08/17/2020,0.2960
08/17/2020,0.0000
08/17/2020,-0.5673
08/18/2020,-0.4389
08/18/2020,0.0000
08/18/2020,0.2960
08/18/2020,0.0000
08/19/2020,0.0000
08/19/2020,0.3182
08/19/2020,0.4019
08/19/2020,0.3400
08/20/2020,0.1531
08/20/2020,0.4019
08/20/2020,0.0000
08/20/2020,0.2960
08/20/2020,0.4767
08/20/2020,0.0000
08/20/2020,0.4019
08/20/2020,0.2023
08/20/2020,0.2960
08/21/2020,-0.5256
08/21/2020,0.0000
08/24/2020,-0.2960
08/24/2020,0.0000
08/24/2020,0.2960
08/24/2020,0.0000
08/24/2020,0.3612
08/24/2020,-0.4588
08/24/2020,0.0000
08/25/2020,0.0000
08/25/2020,0.4404
08/25/2020,0.0000
08/26/2020,0.3612
08/26/2020,0.4215
08/26/2020,0.0000
08/26/2020,0.0000
08/26/2020,0.0000
08/26/2020,0.0000
08/27/2020,0.4144
08/27/2020,0.0000
08/27/2020,0.0000
08/27/2020,0.0000
08/27/2020,0.0000
08/27/2020,0.2960
08/27/2020,0.0000
08/27/2020,0.5106
08/27/2020,-0.0772
08/28/2020,0.6124
08/28/2020,0.0000
08/28/2020,0.4404
08/28/2020,0.0000
08/31/2020,0.2960
08/31/2020,0.0000
08/31/2020,0.0000
09/01/2020,0.2960
09/01/2020,0.2960
09/01/2020,0.0000
09/01/2020,0.0000
09/01/2020,-0.2960
09/02/2020,0.2960
09/02/2020,0.2263
09/02/2020,0.2263
09/02/2020,0.2732
09/02/2020,-0.1531
09/02/2020,0.5549
09/02/2020,0.0000
09/02/2020,0.0000
09/02/2020,0.0000
09/03/2020,0.0000
09/03/2020,0.0000
09/03/2020,0.3818
09/03/2020,-0.1531
09/03/2020,0.3400
09/03/2020,0.0000
09/03/2020,-0.3182
09/04/2020,0.0000
09/04/2020,0.2960
09/04/2020,0.0000
09/04/2020,0.0000
09/04/2020,0.2960
09/04/2020,0.0000
09/04/2020,0.2023
09/04/2020,0.0000
09/04/2020,0.0000
09/04/2020,-0.1531
09/07/2020,-0.2263
09/07/2020,0.2960
09/07/2020,0.5994
09/07/2020,0.5994
09/07/2020,0.0000
09/07/2020,-0.4019
09/08/2020,0.0000
09/08/2020,0.0000
09/08/2020,-0.1531
09/08/2020,0.0000
09/08/2020,-0.1531
09/08/2020,0.0000
09/08/2020,0.2500
09/08/2020,-0.4019
09/09/2020,0.0000
09/09/2020,0.0000
09/09/2020,0.4576
09/09/2020,0.0000
09/09/2020,0.0000
09/09/2020,0.0000
09/09/2020,0.2960
09/09/2020,0.0000
09/09/2020,0.0000
09/09/2020,0.0000
09/09/2020,0.0000
09/09/2020,0.0000
09/10/2020,0.3818
09/10/2020,-0.3182
09/10/2020,0.4576
09/10/2020,0.2960
09/10/2020,0.4939
09/10/2020,0.0000
09/10/2020,0.5994
09/10/2020,0.0000
09/10/2020,0.2960
09/11/2020,0.0000
09/11/2020,0.0000
09/11/2020,-0.1531
09/11/2020,0.2960
09/11/2020,0.3400
09/11/2020,0.0000
09/14/2020,0.0000
09/14/2020,-0.2960
09/14/2020,0.0000
09/14/2020,0.0000
09/14/2020,0.4019
09/15/2020,0.0000
09/15/2020,0.4939
09/15/2020,0.7845
09/15/2020,0.0000
09/15/2020,0.0000
09/16/2020,0.0000
09/16/2020,0.0000
09/16/2020,0.0000
09/16/2020,0.0000
09/16/2020,-0.1280
09/17/2020,-0.2500
09/17/2020,0.6705
09/17/2020,0.2235
09/17/2020,-0.5106
09/17/2020,0.0000
09/18/2020,0.5719
09/18/2020,0.0000
09/18/2020,0.0000
09/18/2020,0.2960
09/18/2020,0.0000
09/18/2020,-0.4215
09/18/2020,-0.2263
09/18/2020,0.0000
09/21/2020,0.2263
09/21/2020,0.0000
09/21/2020,0.0000
09/21/2020,0.2263
09/21/2020,0.0000
09/21/2020,-0.0191
09/21/2020,-0.5358
09/22/2020,-0.3400
09/22/2020,-0.0258
09/22/2020,0.0000
09/22/2020,0.0000
09/22/2020,-0.5994
09/22/2020,-0.3182
09/22/2020,0.0000
09/22/2020,0.0000
09/22/2020,0.0000
09/22/2020,-0.3182
09/22/2020,-0.6597
09/22/2020,0.2023
09/22/2020,0.4576
09/22/2020,0.2960
09/23/2020,-0.4215
09/23/2020,0.2960
09/23/2020,0.0000
09/23/2020,0.2023
09/23/2020,0.2960
09/23/2020,0.0000
09/23/2020,-0.2500
09/23/2020,-0.3818
09/23/2020,-0.3818
09/23/2020,-0.2732
09/24/2020,0.0000
09/24/2020,0.0000
09/24/2020,0.0000
09/24/2020,0.4404
09/24/2020,0.0000
09/25/2020,0.4019
09/25/2020,0.1779
09/25/2020,0.0000
09/25/2020,0.0000
09/25/2020,0.0000
09/25/2020,0.0000
09/25/2020,-0.1280
09/28/2020,0.4404
09/28/2020,0.6249
09/28/2020,0.0000
09/28/2020,0.4215
09/28/2020,0.0000
09/28/2020,0.0000
09/28/2020,0.0000
09/28/2020,0.0000
09/28/2020,0.0000
09/29/2020,0.0000
09/29/2020,0.6369
09/29/2020,0.2960
09/29/2020,0.0516
09/30/2020,0.0000
09/30/2020,0.0000
09/30/2020,0.0000
09/30/2020,0.4215
10/01/2020,-0.2960
10/01/2020,-0.2960
10/01/2020,0.6369
10/01/2020,-0.2960
10/01/2020,0.0000
10/02/2020,0.0000
10/02/2020,0.0000
10/02/2020,0.0000
10/02/2020,0.0000
10/02/2020,0.4767
10/02/2020,0.0000
10/02/2020,0.0000
10/02/2020,0.4767
10/02/2020,0.0000
10/05/2020,0.3818
10/05/2020,0.0000
10/05/2020,-0.3612
10/05/2020,0.3400
10/05/2020,0.0000
10/06/2020,0.0000
10/06/2020,0.0000
10/06/2020,0.0000
10/06/2020,0.0000
10/06/2020,0.0000
10/07/2020,0.4404
10/07/2020,-0.5267
10/07/2020,0.0000
10/07/2020,0.0000
10/07/2020,-0.5267
10/07/2020,0.0000
10/07/2020,0.2023
10/07/2020,-0.2732
10/08/2020,0.0000
10/08/2020,0.0000
10/08/2020,-0.1027
10/08/2020,-0.1531
10/09/2020,0.3818
10/09/2020,0.0000
10/09/2020,0.0000
10/09/2020,0.3818
10/12/2020,0.5267
10/12/2020,0.0000
10/12/2020,-0.2183
10/13/2020,0.0000
10/13/2020,0.1531
10/13/2020,0.1531
10/13/2020,-0.2732
10/14/2020,0.0000
10/14/2020,-0.2732
10/14/2020,-0.2960
10/14/2020,0.0000
10/14/2020,0.0000
10/15/2020,0.0000
10/15/2020,0.0000
10/15/2020,-0.2960
10/15/2020,0.0000
10/15/2020,-0.1280
10/16/2020,-0.2500
10/16/2020,-0.2500
10/16/2020,-0.2263
10/19/2020,0.0000
10/19/2020,0.0000
10/19/2020,0.0000
10/19/2020,-0.2732
10/20/2020,0.0000
10/20/2020,0.0000
10/20/2020,-0.4019
10/20/2020,0.0000
10/20/2020,0.0000
10/20/2020,0.4404
10/20/2020,0.0000
10/20/2020,0.4404
10/20/2020,0.0000
10/20/2020,0.0000
10/21/2020,0.0000
10/21/2020,0.4404
10/21/2020,0.6486
10/21/2020,0.4404
10/21/2020,0.0000
10/21/2020,0.0000
10/21/2020,0.0000
10/21/2020,0.0000
10/21/2020,0.0000
10/21/2020,0.0000
10/21/2020,0.0000
10/21/2020,0.2960
10/21/2020,0.0000
10/21/2020,0.4576
10/21/2020,0.2960
10/21/2020,0.5719
10/22/2020,0.0000
10/22/2020,0.0000
10/22/2020,0.0000
10/22/2020,0.0000
10/22/2020,0.0000
10/22/2020,0.0000
10/22/2020,0.5267
10/22/2020,0.3612
10/22/2020,0.0000
10/22/2020,0.0516
10/23/2020,0.4588
10/23/2020,0.0000
10/23/2020,0.2023
10/23/2020,0.4404
10/23/2020,0.3400
10/23/2020,0.4215
10/26/2020,0.0000
10/26/2020,0.7964
10/26/2020,0.3818
10/26/2020,0.0000
10/27/2020,0.0000
10/27/2020,0.0000
10/27/2020,0.5106
10/27/2020,0.6597
10/27/2020,0.0000
10/29/2020,0.6808
10/29/2020,0.0000
10/29/2020,0.0000
10/29/2020,0.0000
10/29/2020,0.3818
10/29/2020,0.4404
10/29/2020,0.0000
10/30/2020,0.0000
10/30/2020,-0.6249
10/30/2020,0.0000
10/30/2020,0.0000
11/02/2020,0.0000
11/03/2020,0.0000
11/03/2020,0.0000
11/03/2020,0.0000
11/03/2020,0.0000
11/03/2020,0.0000
11/04/2020,0.0000
11/05/2020,0.0000
11/05/2020,0.0000
11/05/2020,0.0000
11/05/2020,-0.4019
11/06/2020,0.0000
11/06/2020,0.0000
11/06/2020,0.0000
11/06/2020,0.0000
11/09/2020,0.0000
11/09/2020,0.0000
11/09/2020,0.6784
11/10/2020,0.0000
11/10/2020,0.2732
11/10/2020,-0.0258
11/10/2020,-0.3818
11/10/2020,0.0000
11/10/2020,-0.5187
11/11/2020,0.2960
11/11/2020,0.4927
11/13/2020,-0.0258
11/13/2020,0.2732
11/13/2020,0.4767
11/13/2020,0.0000
11/13/2020,0.2023
11/13/2020,0.4767
11/16/2020,0.0000
11/16/2020,0.4215
11/16/2020,0.4215
11/16/2020,0.2960
11/16/2020,0.2960
11/16/2020,0.2960
11/16/2020,0.2960
11/17/2020,0.3400
11/17/2020,0.0000
11/17/2020,0.2023
11/17/2020,0.2023
11/17/2020,0.2960
11/17/2020,0.3400
11/17/2020,-0.2732
11/17/2020,0.0000
11/17/2020,0.0000
11/17/2020,0.5574
11/17/2020,0.2023
11/17/2020,0.3612
11/17/2020,-0.2732
11/17/2020,-0.5719
11/17/2020,-0.7096
11/17/2020,-0.7096
11/17/2020,0.3182
11/18/2020,-0.5574
11/18/2020,0.0000
11/18/2020,0.0000
11/18/2020,0.0000
11/19/2020,0.0000
11/19/2020,0.0000
11/19/2020,-0.1779
11/19/2020,-0.1779
11/19/2020,0.0000
11/19/2020,0.0000
11/19/2020,0.0000
11/19/2020,0.2023
11/20/2020,-0.2263
11/20/2020,0.2023
11/20/2020,0.7579
11/20/2020,0.4404
11/20/2020,0.0000
11/23/2020,0.0000
11/23/2020,0.0000
11/23/2020,-0.3182
11/23/2020,0.0000
11/23/2020,0.0000
11/24/2020,0.3400
11/24/2020,-0.5719
11/24/2020,0.0000
11/24/2020,0.5574
11/24/2020,0.0000
11/24/2020,0.4215
11/24/2020,0.2023
11/24/2020,0.2732
11/24/2020,0.2023
11/25/2020,0.0000
11/25/2020,0.0000
11/25/2020,0.0000
11/25/2020,-0.2732
11/25/2020,0.0000
11/25/2020,-0.3400
11/26/2020,0.0000
11/26/2020,0.2023
11/27/2020,0.0000
11/27/2020,0.0000
11/27/2020,0.0000
11/27/2020,0.0000
11/27/2020,0.0000
11/27/2020,0.0000
11/30/2020,0.2960
11/30/2020,0.0000
12/01/2020,-0.1280
12/01/2020,-0.3182
12/01/2020,0.0000
12/01/2020,-0.3182
12/01/2020,0.4939
12/01/2020,0.4404
12/01/2020,0.0000
12/01/2020,0.4588
12/02/2020,0.4588
12/02/2020,0.0000
12/02/2020,0.0000
12/02/2020,0.0000
12/02/2020,0.0000
12/02/2020,0.0000
12/03/2020,0.0000
12/03/2020,0.0000
12/03/2020,0.5106
12/03/2020,0.1280
12/03/2020,0.1280
12/03/2020,0.0000
12/03/2020,0.0000
12/03/2020,-0.0258
12/03/2020,0.3400
12/03/2020,-0.0258
12/04/2020,0.0000
12/04/2020,0.0000
12/04/2020,-0.4939
12/04/2020,0.0000
12/04/2020,0.2960
12/04/2020,0.0000
12/07/2020,0.2500
12/07/2020,0.0000
12/07/2020,0.2023
12/07/2020,-0.3400
12/07/2020,0.0056
12/08/2020,0.0000
12/08/2020,-0.3182
12/08/2020,0.0000
12/08/2020,0.0000
12/08/2020,0.2263
12/08/2020,0.0000
12/08/2020,0.2023
12/08/2020,0.0000
12/08/2020,-0.4404
12/08/2020,-0.2023
12/08/2020,-0.5994
12/08/2020,0.0000
12/08/2020,-0.1280
12/08/2020,0.0000
12/08/2020,0.4019
12/09/2020,-0.1531
12/09/2020,0.0000
12/09/2020,0.0000
12/09/2020,0.2732
12/09/2020,0.0000
12/09/2020,0.0000
12/09/2020,0.0000
12/09/2020,0.3818
12/09/2020,0.7783
12/09/2020,-0.7430
12/10/2020,-0.7351
12/10/2020,-0.6597
12/10/2020,0.3818
12/10/2020,0.2500
12/10/2020,-0.6597
12/10/2020,0.0000
12/10/2020,0.0000
12/11/2020,0.0000
12/11/2020,0.0258
12/11/2020,0.1027
12/14/2020,0.0000
12/14/2020,0.0000
12/14/2020,-0.1280
12/14/2020,0.0000
12/14/2020,0.0000
12/15/2020,0.0000
12/15/2020,0.0000
12/15/2020,0.2960
12/15/2020,-0.4019
12/15/2020,0.0000
12/15/2020,0.5859
12/16/2020,0.0000
12/16/2020,0.0000
12/16/2020,0.6369
12/17/2020,0.2732
12/17/2020,0.2732
12/17/2020,0.2732
12/17/2020,0.0000
12/17/2020,0.0000
12/17/2020,0.0000
12/18/2020,0.0000
12/18/2020,0.0772
12/18/2020,-0.1027
12/18/2020,0.0000
12/18/2020,0.0000
12/18/2020,0.0000
12/18/2020,0.5267
12/18/2020,0.0000
12/18/2020,0.0000
12/18/2020,-0.4767
12/18/2020,0.0000
12/18/2020,-0.2960
12/18/2020,0.0000
12/21/2020,0.0000
12/21/2020,0.0000
12/21/2020,0.0000
12/21/2020,-0.4215
12/21/2020,-0.4404
12/21/2020,0.0000
12/21/2020,0.2960
12/21/2020,-0.2023
12/21/2020,0.0000
12/21/2020,0.0000
12/21/2020,-0.6808
12/21/2020,-0.2960
12/21/2020,-0.4019
12/21/2020,-0.6249
12/21/2020,-0.6124
12/21/2020,0.5574
12/22/2020,0.0000
12/22/2020,0.0772
12/22/2020,0.2500
12/22/2020,0.0000
12/22/2020,-0.2960
12/23/2020,0.0000
12/23/2020,0.0000
12/23/2020,-0.2263
12/23/2020,0.3400
12/23/2020,0.0000
12/23/2020,0.6705
12/23/2020,0.2732
12/23/2020,-0.2263
12/24/2020,0.0000
12/28/2020,0.0000
12/28/2020,0.0000
12/28/2020,0.0000
12/28/2020,0.2732
12/28/2020,0.0000
12/28/2020,0.0000
12/29/2020,0.0000
12/29/2020,0.2023
12/29/2020,0.0000
12/29/2020,0.2023
12/29/2020,0.0000
12/29/2020,0.0000
12/29/2020,0.0000
12/29/2020,0.0000
12/29/2020,0.5267
12/30/2020,0.6705
12/30/2020,0.0000
12/30/2020,0.0000
12/30/2020,0.0000
12/30/2020,0.0000
12/30/2020,0.0000
12/30/2020,0.7430
12/30/2020,0.2960
12/30/2020,0.0000
12/31/2020,0.1531
12/31/2020,0.0000
12/31/2020,0.7184
12/31/2020,0.0000
12/31/2020,0.0000
12/31/2020,0.0000
01/01/2021,0.0000
01/01/2021,0.0000
01/01/2021,0.6369
01/04/2021,0.2960
01/04/2021,0.2960
01/04/2021,0.0000
01/04/2021,0.2023
01/04/2021,0.0000
01/04/2021,0.0000
01/04/2021,0.2023
01/04/2021,0.6369
01/04/2021,0.0000
01/04/2021,0.0000
01/04/2021,0.5719
01/04/2021,0.0000
01/04/2021,0.2023
01/04/2021,0.7845
01/05/2021,0.6124
01/05/2021,-0.4019
01/05/2021,0.0000
01/05/2021,0.0258
01/05/2021,0.0000
01/06/2021,0.5719
01/06/2021,0.0000
01/06/2021,0.0000
01/06/2021,0.5423
01/06/2021,0.0000
01/06/2021,0.7430
01/07/2021,0.4767
01/07/2021,0.0000
01/07/2021,0.3400
01/07/2021,0.5267
01/07/2021,0.5267
01/07/2021,0.6908
01/07/2021,0.0000
01/07/2021,0.7906
01/07/2021,0.6369
01/08/2021,0.1280
01/08/2021,0.0772
01/08/2021,-0.2500
01/08/2021,0.0000
01/08/2021,0.3400
01/08/2021,0.3400
01/08/2021,0.0000
01/08/2021,0.0000
01/08/2021,0.3182
01/08/2021,-0.4588
01/11/2021,-0.2960
01/11/2021,0.0000
01/11/2021,0.0000
01/11/2021,0.0000
01/11/2021,0.2846
01/12/2021,-0.2732
01/12/2021,-0.0258
01/12/2021,0.0000
01/12/2021,0.0000
01/12/2021,0.0000
01/12/2021,0.6369
01/12/2021,0.7783
01/12/2021,0.0000
01/13/2021,0.0000
01/13/2021,-0.2960
01/13/2021,0.0000
01/13/2021,0.0000
01/13/2021,0.0000
01/13/2021,0.0000
01/13/2021,-0.4588
01/13/2021,-0.4588
01/14/2021,-0.7269
01/14/2021,0.4404
01/14/2021,0.0253
01/14/2021,0.0000
01/14/2021,0.0000
01/14/2021,0.0000
01/14/2021,0.4767
01/14/2021,0.0000
01/14/2021,0.0000
01/14/2021,0.7506
01/15/2021,0.5267
01/15/2021,0.0000
01/15/2021,0.0000
01/15/2021,0.4215
01/15/2021,0.4019
01/15/2021,0.0000
01/18/2021,0.0000
01/18/2021,0.0000
01/18/2021,-0.3182
01/18/2021,0.0000
01/18/2021,0.0000
01/19/2021,0.4019
01/19/2021,0.0000
01/19/2021,-0.2263
01/19/2021,0.0000
01/19/2021,0.0000
01/19/2021,0.6369
01/19/2021,0.0000
01/19/2021,0.0000
01/20/2021,0.0000
01/20/2021,0.0000
01/20/2021,0.0000
01/20/2021,0.0000
01/20/2021,0.0000
01/20/2021,0.0000
01/21/2021,-0.6249
01/21/2021,-0.1027
01/21/2021,-0.1027
01/21/2021,-0.2960
01/21/2021,-0.7003
01/21/2021,0.0000
01/21/2021,0.8176
01/22/2021,-0.4404
01/22/2021,0.0000
01/22/2021,0.0000
01/25/2021,0.4019
01/25/2021,0.2023
01/25/2021,-0.2960
01/25/2021,0.0000
01/25/2021,0.0000
01/25/2021,0.6369
01/25/2021,0.2023
01/25/2021,0.5719
01/25/2021,0.0000
01/26/2021,0.0000
01/26/2021,0.0000
01/26/2021,0.6369
01/26/2021,0.0000
01/26/2021,0.0000
01/26/2021,0.0000
01/26/2021,0.0000
01/26/2021,-0.1779
01/26/2021,0.0000
01/27/2021,0.0000
01/27/2021,0.6908
01/27/2021,0.0000
01/27/2021,0.0000
01/27/2021,0.0000
01/27/2021,0.0000
01/27/2021,-0.2960
01/27/2021,0.2500
01/27/2021,0.0000
01/27/2021,0.2500
01/27/2021,-0.1531
01/27/2021,0.5423
01/27/2021,0.0000
01/27/2021,0.6908
01/27/2021,-0.7469
01/27/2021,0.0000
01/28/2021,0.0772
01/28/2021,-0.7096
01/28/2021,0.0000
01/28/2021,0.0000
01/28/2021,-0.2960
01/28/2021,0.0000
01/28/2021,0.0000
01/28/2021,0.3612
01/28/2021,-0.4215
01/28/2021,0.2500
01/29/2021,0.6597
01/29/2021,0.0000
01/29/2021,0.0000
01/29/2021,0.0000
01/29/2021,-0.1280
01/29/2021,0.0000
01/29/2021,0.0000
01/29/2021,0.4019
01/29/2021,0.0000
01/29/2021,0.0000
01/29/2021,0.0000
02/01/2021,0.3353
02/01/2021,0.3353
02/01/2021,0.2023
02/01/2021,0.0000
02/01/2021,0.0000
02/01/2021,0.2023
02/01/2021,0.6808
02/01/2021,0.0000
02/01/2021,0.0000
02/01/2021,0.0000
02/02/2021,0.7430
02/02/2021,0.1779
02/02/2021,0.1531
02/02/2021,0.1531
02/02/2021,-0.4019
02/02/2021,-0.4404
02/02/2021,0.3818
02/02/2021,-0.3182
02/02/2021,0.0000
02/02/2021,0.0000
02/02/2021,0.0000
02/02/2021,-0.4588
02/03/2021,-0.1027
02/03/2021,-0.3182
02/03/2021,0.4767
02/03/2021,-0.2960
02/04/2021,0.4019
02/04/2021,0.3612
02/04/2021,0.3818
02/04/2021,0.2732
02/04/2021,0.0000
02/04/2021,0.0000
02/04/2021,-0.3182
02/05/2021,-0.4003
02/05/2021,-0.2960
02/05/2021,0.0000
02/05/2021,0.0000
02/08/2021,0.0000
02/08/2021,-0.5994
02/08/2021,0.2944
02/08/2021,-0.4019
02/08/2021,0.0000
02/08/2021,0.3818
02/08/2021,0.0000
02/08/2021,0.3818
02/08/2021,0.5423
02/08/2021,-0.3400
02/08/2021,-0.4019
02/08/2021,0.0000
02/08/2021,0.0000
02/08/2021,0.0000
02/08/2021,-0.4019
02/08/2021,0.0000
02/08/2021,-0.4019
02/08/2021,0.4215
02/08/2021,0.5859
02/08/2021,0.0000
02/08/2021,0.0000
02/08/2021,0.2732
02/08/2021,0.4215
02/08/2021,0.0000
02/08/2021,0.2732
02/09/2021,-0.3182
02/09/2021,0.2960
02/09/2021,0.0000
02/09/2021,0.0000
02/09/2021,-0.3182
02/09/2021,-0.5106
02/09/2021,-0.3182
02/09/2021,-0.2960
02/09/2021,-0.3612
02/09/2021,0.0000
02/09/2021,-0.3182
02/09/2021,0.0000
02/09/2021,0.0000
02/09/2021,0.1027
02/09/2021,0.0000
02/09/2021,0.0000
02/09/2021,0.0258
02/09/2021,-0.2732
02/09/2021,0.1280
02/09/2021,0.0000
02/10/2021,0.3400
02/10/2021,-0.4588
02/10/2021,0.0000
02/10/2021,0.0000
02/10/2021,0.0000
02/10/2021,0.0000
02/10/2021,0.0000
02/10/2021,0.0000
02/10/2021,-0.3182
02/10/2021,-0.3182
02/10/2021,-0.2263
02/10/2021,-0.3182
02/10/2021,0.1531
02/10/2021,-0.3182
02/10/2021,0.0000
02/11/2021,0.0000
02/11/2021,0.2023
02/11/2021,0.0000
02/11/2021,-0.5423
02/11/2021,0.0000
02/11/2021,0.0000
02/12/2021,-0.3182
02/12/2021,-0.2732
02/12/2021,0.4144
02/12/2021,0.0772
02/12/2021,0.0772
02/12/2021,0.0000
02/12/2021,0.0000
02/15/2021,-0.2960
02/15/2021,0.2732
02/15/2021,-0.0516
02/15/2021,0.4576
02/15/2021,0.0000
02/15/2021,-0.0516
02/16/2021,0.0000
02/16/2021,0.0000
02/16/2021,0.4404
02/16/2021,0.0000
02/16/2021,0.6369
02/16/2021,0.3400
02/16/2021,0.3400
02/16/2021,0.0000
02/16/2021,0.3400
02/16/2021,0.5719
02/16/2021,0.0000
02/16/2021,0.4939
02/16/2021,0.6808
02/16/2021,0.0000
02/16/2021,0.3182
02/17/2021,-0.4767
02/17/2021,0.3182
02/17/2021,-0.1027
02/17/2021,0.3182
02/17/2021,0.0000
02/17/2021,-0.2960
02/18/2021,0.0000
02/18/2021,-0.2960
02/18/2021,-0.3818
02/18/2021,0.0000
02/18/2021,0.2500
02/18/2021,-0.5106
02/18/2021,-0.2960
02/18/2021,0.0000
02/18/2021,0.0000
02/18/2021,-0.1280
02/18/2021,0.5574
02/18/2021,-0.2023
02/18/2021,0.3832
02/19/2021,0.0000
02/19/2021,0.5994
02/19/2021,-0.3182
02/19/2021,-0.2023
02/19/2021,0.0000
02/19/2021,0.0000
02/19/2021,0.0000
02/19/2021,0.0000
02/19/2021,0.0000
02/19/2021,0.0000
02/19/2021,0.0000
02/19/2021,0.4404
02/22/2021,0.0000
02/22/2021,0.5405
02/22/2021,-0.2732
02/22/2021,0.2023
02/22/2021,-0.3182
02/22/2021,0.0000
02/22/2021,0.0000
02/23/2021,0.0258
02/23/2021,-0.1280
02/23/2021,-0.7096
02/23/2021,0.2960
02/23/2021,0.2960
02/23/2021,0.4215
02/23/2021,0.2235
02/23/2021,0.0000
02/23/2021,0.0000
02/23/2021,-0.2960
02/23/2021,0.0000
02/23/2021,0.0000
02/23/2021,0.3400
02/24/2021,0.4767
02/24/2021,0.4767
02/24/2021,0.4404
02/24/2021,0.0000
02/24/2021,0.0000
02/24/2021,0.0000
02/24/2021,0.4404
02/25/2021,0.0000
02/25/2021,-0.4215
02/25/2021,0.0000
02/25/2021,0.0000
02/25/2021,-0.4939
02/25/2021,0.0000
02/25/2021,0.0000
02/26/2021,-0.4404
02/26/2021,-0.3818
02/26/2021,-0.2500
02/26/2021,0.0000
02/26/2021,0.5106
02/26/2021,0.0000
02/26/2021,0.0000
03/01/2021,0.0000
03/01/2021,0.0000
03/01/2021,0.0000
03/01/2021,0.0000
03/01/2021,0.5719
03/02/2021,-0.5994
03/02/2021,-0.5994
03/02/2021,0.0000
03/02/2021,0.0000
03/02/2021,0.0000
03/02/2021,0.0000
03/02/2021,0.0000
03/03/2021,0.0772
03/03/2021,0.0000
03/03/2021,-0.5849
03/03/2021,0.0000
03/03/2021,-0.0516
03/03/2021,0.8779
03/03/2021,0.8225
03/03/2021,0.0000
03/03/2021,0.3612
03/03/2021,0.0000
03/03/2021,-0.1531
03/03/2021,0.0000
03/03/2021,0.0000
03/04/2021,-0.1531
03/04/2021,0.0000
03/04/2021,0.3612
03/04/2021,0.3612
03/04/2021,-0.6249
03/04/2021,0.1027
03/04/2021,-0.2500
03/04/2021,0.0000
03/04/2021,0.4019
03/04/2021,-0.7258
03/04/2021,0.6124
03/04/2021,0.0000
03/04/2021,-0.7430
03/04/2021,0.4404
03/05/2021,0.0000
03/05/2021,0.2023
03/05/2021,0.0000
03/05/2021,-0.4939
03/05/2021,0.0000
03/08/2021,0.0000
03/08/2021,0.4019
03/08/2021,0.0000
03/08/2021,0.0000
03/08/2021,0.0000
03/08/2021,0.2960
03/08/2021,-0.3182
03/08/2021,0.0258
03/08/2021,0.6808
03/08/2021,-0.3182
03/08/2021,0.0000
03/08/2021,0.0000
03/09/2021,-0.4019
03/09/2021,0.5267
03/09/2021,0.0000
03/09/2021,0.5267
03/09/2021,0.8020
03/09/2021,0.0000
03/09/2021,0.0000
03/09/2021,0.6369
03/09/2021,0.6249
03/09/2021,0.6369
03/09/2021,0.4215
03/09/2021,0.0000
03/09/2021,0.0000
03/09/2021,0.4404
03/09/2021,0.0000
03/09/2021,0.0000
03/09/2021,0.0000
03/09/2021,0.6369
03/09/2021,0.6705
03/09/2021,0.2023
03/09/2021,0.0000
03/10/2021,0.0000
03/10/2021,0.2023
03/10/2021,0.0000
03/10/2021,0.0000
03/10/2021,0.0000
03/11/2021,0.0000
03/11/2021,-0.2732
03/11/2021,-0.3612
03/11/2021,0.7003
03/11/2021,0.0000
03/11/2021,0.5574
03/11/2021,-0.3400
03/11/2021,0.0000
03/12/2021,0.0000
03/12/2021,0.0000
03/12/2021,0.0000
03/12/2021,-0.2023
03/12/2021,0.4404
03/12/2021,-0.4939
03/12/2021,-0.4939
03/12/2021,0.0000
03/12/2021,0.0000
03/12/2021,0.0000
03/15/2021,0.0000
03/15/2021,0.0000
03/15/2021,0.0000
03/15/2021,0.0000
03/15/2021,0.0000
03/15/2021,0.0000
03/15/2021,-0.5859
03/16/2021,0.4404
03/16/2021,0.0000
03/16/2021,0.0000
03/16/2021,-0.4019
03/16/2021,0.0000
03/17/2021,0.0000
03/17/2021,0.3400
03/17/2021,0.0000
03/17/2021,0.0000
03/17/2021,0.0000
03/17/2021,0.3612
03/17/2021,-0.5574
03/17/2021,0.3400
03/17/2021,-0.5574
03/18/2021,0.0000
03/18/2021,0.0000
03/18/2021,-0.5574
03/18/2021,-0.0258
03/18/2021,0.1027
03/18/2021,0.0000
03/18/2021,0.0000
03/18/2021,-0.3182
03/18/2021,0.4215
03/18/2021,0.0000
03/18/2021,0.0000
03/18/2021,0.0000
03/19/2021,-0.0516
03/19/2021,0.0000
03/19/2021,0.0000
03/19/2021,0.0000
03/19/2021,-0.4019
03/19/2021,-0.4767
03/22/2021,-0.3818
03/22/2021,0.0000
03/22/2021,0.6249
03/22/2021,0.6249
03/22/2021,0.0000
03/22/2021,0.0000
03/22/2021,0.6249
03/22/2021,0.0000
03/22/2021,0.0000
03/22/2021,0.0000
03/22/2021,0.2960
03/22/2021,0.3400
03/22/2021,0.3400
03/22/2021,0.3400
03/22/2021,0.0000
03/22/2021,0.4404
03/22/2021,0.0000
03/22/2021,-0.5574
03/23/2021,0.2732
03/23/2021,0.0000
03/23/2021,0.0000
03/23/2021,0.0000
03/24/2021,0.0000
03/24/2021,0.0000
03/24/2021,-0.4019
03/24/2021,0.0000
03/24/2021,0.3327
03/24/2021,0.0000
03/24/2021,0.0000
03/24/2021,0.0000
03/24/2021,0.0000
03/24/2021,0.2732
03/24/2021,0.0000
03/25/2021,0.1280
03/25/2021,0.0000
03/25/2021,0.0000
03/25/2021,0.0000
03/25/2021,-0.5719
03/25/2021,-0.7506
03/25/2021,0.0772
03/25/2021,-0.2732
03/25/2021,0.0000
03/26/2021,0.0000
03/26/2021,-0.2500
03/26/2021,0.7269
03/26/2021,0.7269
03/26/2021,0.7269
03/26/2021,0.0000
03/26/2021,0.7269
03/29/2021,0.3612
03/29/2021,0.0000
03/29/2021,0.0000
03/29/2021,0.0000
03/29/2021,0.0258
03/30/2021,0.0000
03/30/2021,0.0000
03/30/2021,0.0000
03/30/2021,-0.5423
03/30/2021,0.0000
03/30/2021,0.6369
03/30/2021,0.4404
03/30/2021,0.2023
03/30/2021,0.0000
03/31/2021,0.0000
03/31/2021,0.0000
03/31/2021,0.0000
03/31/2021,0.0000
03/31/2021,0.3818
03/31/2021,0.5859
03/31/2021,0.7227
03/31/2021,0.0000
03/31/2021,0.7184
03/31/2021,0.3182
03/31/2021,0.4742
04/01/2021,0.0000
04/01/2021,0.2023
04/01/2021,0.3612
04/01/2021,0.3612
04/01/2021,-0.1531
04/01/2021,0.4767
04/01/2021,0.3612
04/02/2021,0.0000
04/02/2021,0.0000
04/02/2021,0.0000
04/02/2021,0.0000
04/05/2021,0.5106
04/05/2021,0.2960
04/05/2021,0.2960
04/05/2021,0.0000
04/05/2021,-0.1280
04/05/2021,0.0000
04/05/2021,0.0000
04/05/2021,0.2500
04/05/2021,0.0000
04/05/2021,0.3182
04/05/2021,0.5106
04/05/2021,0.0000
04/05/2021,0.0000
04/06/2021,0.0000
04/06/2021,0.0000
04/06/2021,0.0000
04/06/2021,0.3818
04/06/2021,0.0000
04/06/2021,0.4404
04/07/2021,0.5106
04/07/2021,0.0000
04/07/2021,0.0000
04/07/2021,0.0000
04/07/2021,0.2263
04/08/2021,0.0000
04/08/2021,0.0000
04/08/2021,0.0000
04/08/2021,0.3818
04/08/2021,0.0000
04/08/2021,0.0000
04/09/2021,0.2960
04/09/2021,0.2023
04/09/2021,0.2023
04/12/2021,0.0000
04/12/2021,0.1154
04/12/2021,0.0000
04/12/2021,0.3612
04/12/2021,0.3612
04/12/2021,0.0000
04/12/2021,0.0000
04/13/2021,-0.2500
04/13/2021,0.0000
04/13/2021,-0.2263
04/13/2021,0.0000
04/13/2021,0.0000
04/13/2021,0.0000
04/13/2021,0.0000
04/14/2021,0.0000
04/14/2021,0.0000
04/14/2021,0.0000
04/14/2021,0.0000
04/14/2021,0.4404
04/15/2021,0.0000
04/15/2021,-0.2023
04/15/2021,0.0000
04/15/2021,0.0000
04/15/2021,0.0000
04/15/2021,0.0000
04/15/2021,0.0000
04/15/2021,-0.2960
04/16/2021,-0.2263
04/16/2021,0.0000
04/16/2021,0.5719
04/16/2021,0.0000
04/19/2021,0.0000
04/19/2021,0.0000
04/19/2021,-0.7351
04/19/2021,0.0000
04/19/2021,-0.7351
04/19/2021,-0.7351
04/19/2021,-0.7351
04/19/2021,0.5574
04/19/2021,0.0000
04/19/2021,0.0000
04/19/2021,-0.7351
04/19/2021,-0.7351
04/19/2021,0.0000
04/19/2021,-0.8020
04/19/2021,0.0000
04/19/2021,0.2960
04/19/2021,-0.3400
04/20/2021,0.1531
04/20/2021,0.0000
04/20/2021,0.0000
04/20/2021,0.0000
04/20/2021,0.0000
04/20/2021,-0.4019
04/20/2021,-0.5106
04/21/2021,0.0000
04/21/2021,0.0000
04/21/2021,0.3818
04/21/2021,0.0000
04/21/2021,0.3818
04/21/2021,0.0000
04/22/2021,-0.5423
04/22/2021,0.0000
04/22/2021,0.0000
04/22/2021,0.4215
04/22/2021,0.0000
04/22/2021,0.2023
04/22/2021,0.0000
04/22/2021,-0.5423
04/23/2021,-0.4588
04/23/2021,0.4019
04/23/2021,0.0000
04/23/2021,0.0000
04/23/2021,0.4019
04/23/2021,-0.3400
04/23/2021,0.0000
04/26/2021,-0.4019
04/26/2021,0.0000
04/26/2021,0.0000
04/26/2021,0.1531
04/26/2021,0.4019
04/26/2021,0.0000
04/26/2021,0.0000
04/26/2021,0.0000
04/26/2021,0.0772
04/26/2021,0.0000
04/26/2021,0.0000
04/26/2021,0.0000
04/26/2021,0.0000
04/26/2021,0.0000
04/26/2021,0.0000
04/26/2021,0.5106
04/26/2021,0.0000
04/26/2021,0.7351
04/26/2021,0.0000
04/26/2021,0.5423
04/27/2021,0.0000
04/27/2021,0.0000
04/27/2021,0.0000
04/27/2021,0.0000
04/27/2021,0.0000
04/27/2021,-0.2960
04/27/2021,0.0000
04/27/2021,0.6808
04/27/2021,0.0000
04/27/2021,0.1027
04/27/2021,0.0000
04/27/2021,0.0000
04/27/2021,0.0000
04/27/2021,0.0000
04/27/2021,0.0000
04/27/2021,-0.1280
04/27/2021,0.0258
04/27/2021,0.0000
04/27/2021,0.0000
04/27/2021,0.0000
04/28/2021,0.6908
04/28/2021,0.6908
04/28/2021,0.4019
04/28/2021,0.0000
04/28/2021,0.2263
04/28/2021,0.0000
04/28/2021,0.0000
04/28/2021,0.0000
04/28/2021,0.0000
04/28/2021,-0.7506
04/28/2021,0.4404
04/28/2021,-0.5994
04/28/2021,-0.3400
04/28/2021,0.0258
04/28/2021,0.4404
04/29/2021,-0.4767
04/29/2021,0.7635
04/29/2021,0.0000
04/30/2021,0.0000
04/30/2021,0.0000
04/30/2021,-0.4767
04/30/2021,0.0000
04/30/2021,0.0000
05/03/2021,0.4588
05/03/2021,0.2023
05/03/2021,0.4588
05/03/2021,-0.2960
05/03/2021,-0.2263
05/04/2021,0.3818
05/04/2021,0.3818
05/04/2021,-0.4939
05/04/2021,0.0000
05/05/2021,-0.2960
05/05/2021,-0.2960
05/05/2021,-0.2732
05/05/2021,0.6369
05/05/2021,0.0000
05/05/2021,-0.7351
05/06/2021,0.0000
05/06/2021,0.0000
05/06/2021,0.0000
05/06/2021,0.0000
05/07/2021,0.0000
05/07/2021,0.6369
05/07/2021,0.0000
05/07/2021,-0.4588
05/07/2021,-0.6808
05/07/2021,0.0000
05/10/2021,0.0000
05/10/2021,0.0000
05/10/2021,0.4404
05/10/2021,0.7003
05/10/2021,-0.6124
05/10/2021,0.0000
05/10/2021,-0.2960
05/10/2021,-0.4019
05/10/2021,-0.4019
05/10/2021,0.3818
05/11/2021,-0.4019
05/11/2021,0.4404
05/11/2021,0.0000
05/11/2021,0.0000
05/11/2021,0.2732
05/11/2021,-0.4019
05/11/2021,0.0000
05/11/2021,0.0000
05/11/2021,0.0516
05/11/2021,0.0000
05/12/2021,0.3818
05/12/2021,0.0000
05/12/2021,0.4767
05/12/2021,0.7351
05/12/2021,0.0000
05/12/2021,0.0000
05/12/2021,0.2960
05/12/2021,-0.1531
05/12/2021,-0.1531
05/12/2021,0.4019
05/12/2021,-0.0516
05/12/2021,0.0000
05/12/2021,0.4939
05/13/2021,-0.2732
05/13/2021,-0.4019
05/13/2021,-0.5106
05/13/2021,0.5423
05/13/2021,0.5423
05/13/2021,0.0000
05/13/2021,0.0000
05/13/2021,-0.2732
05/13/2021,-0.1531
05/13/2021,0.0000
05/13/2021,0.3182
05/13/2021,0.0000
05/13/2021,0.0000
05/13/2021,-0.1531
05/13/2021,0.0000
05/13/2021,0.0000
05/13/2021,-0.4019
05/13/2021,0.3400
05/13/2021,0.0000
05/13/2021,0.0000
05/13/2021,0.0000
05/13/2021,0.0286
05/13/2021,0.2023
05/13/2021,0.0000
05/13/2021,0.6124
05/13/2021,0.0000
05/13/2021,-0.1779
05/13/2021,0.0000
05/14/2021,0.0000
05/14/2021,0.8225
05/14/2021,0.0000
05/14/2021,-0.1280
05/14/2021,-0.1280
05/14/2021,0.3400
05/14/2021,-0.1280
05/14/2021,0.0000
05/14/2021,-0.2960
05/14/2021,0.4019
05/17/2021,-0.2732
05/17/2021,0.0516
05/17/2021,-0.2732
05/17/2021,-0.1280
05/17/2021,0.0000
05/17/2021,0.0000
05/17/2021,0.0000
05/17/2021,0.0000
05/17/2021,-0.2263
05/17/2021,0.0000
05/17/2021,0.0000
05/17/2021,0.0000
05/17/2021,0.2023
05/17/2021,-0.4019
05/17/2021,0.0000
05/17/2021,-0.1027
05/17/2021,0.0000
05/17/2021,-0.4215
05/17/2021,0.0000
05/17/2021,0.1531
05/17/2021,0.0000
05/18/2021,0.3182
05/18/2021,-0.8225
05/18/2021,0.3182
05/18/2021,-0.5574
05/18/2021,0.0000
05/18/2021,0.0000
05/18/2021,0.4404
05/18/2021,-0.5994
05/18/2021,0.4215
05/19/2021,0.0000
05/19/2021,-0.7249
05/19/2021,-0.3724
05/19/2021,0.2235
05/19/2021,0.0000
05/19/2021,0.0000
05/19/2021,0.0000
05/19/2021,-0.0516
05/19/2021,0.3400
05/19/2021,-0.6486
05/20/2021,-0.6486
05/20/2021,0.2023
05/20/2021,-0.4215
05/20/2021,0.0000
05/20/2021,0.0000
05/20/2021,0.0000
05/21/2021,0.0000
05/21/2021,0.0000
05/21/2021,0.0000
05/21/2021,0.0000
05/21/2021,0.0000
05/21/2021,0.0000
05/21/2021,0.4576
05/21/2021,0.0000
05/21/2021,0.6369
05/24/2021,0.0000
05/24/2021,0.0000
05/24/2021,0.0000
05/24/2021,0.0000
05/24/2021,0.0000
05/24/2021,0.0000
05/25/2021,0.2023
05/25/2021,0.0000
05/25/2021,0.0000
05/25/2021,0.0000
05/25/2021,0.0000
05/25/2021,-0.2732
05/25/2021,0.1779
05/25/2021,-0.6369
05/26/2021,0.0000
05/26/2021,0.4019
05/26/2021,0.0000
05/26/2021,-0.1531
05/26/2021,0.5267
05/26/2021,-0.4019
05/26/2021,0.0000
05/26/2021,0.0000
05/26/2021,0.0000
05/26/2021,0.0000
05/26/2021,-0.2732
05/26/2021,0.0000
05/27/2021,0.0000
05/27/2021,0.0000
05/27/2021,0.0000
05/27/2021,0.0000
05/27/2021,0.2023
05/27/2021,0.2023
05/27/2021,0.2500
05/27/2021,0.0000
05/27/2021,0.0000
05/28/2021,-0.2732
05/28/2021,0.5702
05/28/2021,-0.4588
05/28/2021,0.2960
05/31/2021,0.0000
05/31/2021,0.0000
05/31/2021,-0.2960
06/01/2021,0.2023
06/01/2021,-0.5106
06/02/2021,0.0000
06/02/2021,-0.3182
06/02/2021,-0.3182
06/02/2021,-0.5106
06/02/2021,0.0000
06/02/2021,0.5106
06/02/2021,0.0000
06/02/2021,0.0000
06/02/2021,0.0000
06/03/2021,0.0000
06/03/2021,0.0000
06/03/2021,0.0000
06/03/2021,-0.3182
06/03/2021,-0.1280
06/03/2021,0.0000
06/03/2021,0.0000
06/03/2021,0.0000
06/03/2021,0.0000
06/03/2021,-0.3182
06/03/2021,-0.2960
06/03/2021,-0.0516
06/03/2021,0.0000
06/04/2021,0.0000
06/04/2021,0.0000
06/04/2021,0.0000
06/04/2021,0.0000
06/07/2021,0.4404
06/07/2021,0.0000
06/07/2021,0.4101
06/07/2021,-0.3182
06/07/2021,0.0000
06/07/2021,0.0000
06/07/2021,0.0000
06/08/2021,0.0000
06/08/2021,0.0000
06/08/2021,0.0000
06/08/2021,0.7579
06/08/2021,0.0000
06/08/2021,0.6908
06/08/2021,0.2960
06/08/2021,0.4019
06/08/2021,0.2960
06/09/2021,-0.3182
06/10/2021,0.0000
06/10/2021,0.0000
06/10/2021,0.0000
06/10/2021,0.0000
06/10/2021,0.0000
06/10/2021,0.0000
06/10/2021,0.0000
06/11/2021,0.0000
06/11/2021,0.0000
06/11/2021,0.0000
06/14/2021,0.0000
06/14/2021,0.0000
06/14/2021,-0.3612
06/14/2021,0.0000
06/14/2021,0.0000
06/14/2021,0.0000
06/14/2021,0.0000
06/14/2021,0.4019
06/14/2021,0.7184
06/14/2021,-0.4019
06/14/2021,0.0000
06/14/2021,0.7184
06/15/2021,0.4939
06/15/2021,-0.4215
06/15/2021,0.0000
06/15/2021,-0.4215
06/15/2021,0.0000
06/15/2021,-0.1280
06/15/2021,0.1027
06/15/2021,0.0000
06/15/2021,0.0000
06/15/2021,0.1027
06/15/2021,0.0000
06/16/2021,0.7783
06/16/2021,0.0000
06/16/2021,-0.1531
06/16/2021,0.0000
06/16/2021,0.6705
06/16/2021,0.4215
06/16/2021,0.6369
06/16/2021,-0.4215
06/17/2021,0.4215
06/17/2021,0.0000
06/17/2021,0.6705
06/17/2021,0.0000
06/17/2021,0.0258
06/17/2021,0.0000
06/18/2021,0.0000
06/18/2021,0.2263
06/21/2021,0.0000
06/21/2021,0.3400
06/21/2021,0.0000
06/21/2021,-0.2732
06/21/2021,-0.4404
06/21/2021,0.0000
06/22/2021,0.0000
06/22/2021,-0.4019
06/22/2021,0.1695
06/22/2021,-0.4019
06/22/2021,0.1695
06/23/2021,0.2732
06/23/2021,0.0000
06/23/2021,0.0000
06/23/2021,0.0000
06/23/2021,0.0000
06/23/2021,0.0000
06/23/2021,0.0000
06/23/2021,0.0000
06/23/2021,0.0000
06/23/2021,0.0000
06/23/2021,0.2732
06/23/2021,0.3400
06/23/2021,0.0000
06/24/2021,0.0000
06/24/2021,0.0000
06/24/2021,0.0000
06/24/2021,0.3400
06/24/2021,0.0000
06/24/2021,0.3400
06/24/2021,0.3400
06/24/2021,0.0000
06/24/2021,0.2960
06/24/2021,0.5023
06/24/2021,0.8074
06/24/2021,0.0000
06/24/2021,0.0000
06/24/2021,0.2960
06/25/2021,0.0000
06/25/2021,0.0000
06/25/2021,-0.4341
06/28/2021,0.4215
06/28/2021,0.1280
06/28/2021,0.0000
06/28/2021,-0.2732
06/29/2021,0.1779
06/29/2021,0.0000
06/29/2021,0.2023
06/29/2021,0.2023
06/29/2021,-0.1280
06/29/2021,0.1779
06/29/2021,-0.4939
06/29/2021,0.6204
06/29/2021,0.2023
06/29/2021,0.5267
06/29/2021,0.0258
06/29/2021,0.3612
06/29/2021,0.3182
06/30/2021,0.5106
06/30/2021,0.0000
06/30/2021,0.0000
07/01/2021,0.0000
07/01/2021,0.3400
07/01/2021,0.2023
07/01/2021,0.0000
07/01/2021,0.3818
07/02/2021,-0.3400
07/02/2021,0.6249
07/02/2021,0.0000
07/02/2021,0.0000
07/02/2021,0.5106
07/02/2021,0.6249
07/02/2021,0.0000
07/06/2021,0.4019
07/06/2021,0.0000
07/06/2021,0.0000
07/06/2021,0.6369
07/07/2021,-0.1280
07/07/2021,0.7906
07/07/2021,0.3400
07/07/2021,0.5859
07/07/2021,0.0000
07/07/2021,0.0000
07/07/2021,-0.3182
07/08/2021,0.0000
07/08/2021,0.2960
07/08/2021,0.0000
07/08/2021,-0.5859
07/09/2021,0.0000
07/09/2021,0.0000
07/09/2021,0.0000
07/09/2021,0.0000
07/09/2021,0.2500
07/09/2021,0.2500
07/12/2021,0.0000
07/12/2021,0.1280
07/12/2021,0.6705
07/12/2021,0.5859
07/12/2021,0.0000
07/12/2021,0.0000
07/12/2021,0.0000
07/12/2021,0.0000
07/12/2021,0.0000
07/12/2021,0.4767
07/12/2021,0.0000
07/12/2021,0.0000
07/12/2021,0.0000
07/12/2021,0.3818
07/13/2021,0.0000
07/13/2021,0.0000
07/13/2021,0.0000
07/13/2021,0.3818
07/13/2021,0.0000
07/13/2021,0.0000
07/13/2021,-0.4767
07/13/2021,0.3400
07/14/2021,0.0000
07/14/2021,0.0000
07/15/2021,0.2960
07/15/2021,0.0000
07/15/2021,0.3818
07/15/2021,0.0000
07/15/2021,0.0000
07/16/2021,-0.7351
07/16/2021,0.0000
07/16/2021,0.0000
07/19/2021,0.0000
07/19/2021,0.0000
07/20/2021,-0.2732
07/20/2021,-0.5267
07/20/2021,0.3400
07/20/2021,0.3400
07/20/2021,0.1779
07/20/2021,0.0000
07/20/2021,0.0000
07/20/2021,0.0000
07/21/2021,0.0000
07/21/2021,-0.4939
07/21/2021,0.4939
07/21/2021,0.0000
07/21/2021,0.4336
07/21/2021,0.4336
07/21/2021,0.3182
07/22/2021,0.1280
07/22/2021,0.2732
07/22/2021,0.2263
07/22/2021,0.0000
07/22/2021,-0.3612
07/22/2021,0.3818
07/23/2021,-0.2960
07/23/2021,0.4588
07/23/2021,0.0000
07/23/2021,-0.2960
07/26/2021,0.0000
07/26/2021,0.0000
07/26/2021,0.0000
07/26/2021,-0.2732
07/26/2021,0.0000
07/26/2021,0.0000
07/26/2021,0.0000
07/26/2021,0.0000
07/26/2021,0.0000
07/26/2021,0.0000
07/26/2021,0.0000
07/26/2021,0.0000
07/26/2021,0.0000
07/27/2021,0.0000
07/27/2021,0.0000
07/27/2021,-0.1531
07/27/2021,0.0000
07/27/2021,0.0000
07/27/2021,0.0000
07/27/2021,0.7269
07/27/2021,0.0000
07/27/2021,0.0000
07/28/2021,0.0000
07/28/2021,0.0000
07/28/2021,0.0000
07/28/2021,0.2263
07/29/2021,0.4588
07/29/2021,0.5859
07/29/2021,0.1779
07/29/2021,0.0000
07/29/2021,0.0000
07/29/2021,0.2023
07/29/2021,0.0000
07/29/2021,0.4019
07/29/2021,0.5719
07/29/2021,0.1027
07/29/2021,0.1027
07/30/2021,-0.3400
07/30/2021,-0.3400
07/30/2021,0.2023
07/30/2021,0.0000
07/30/2021,0.0516
07/30/2021,-0.1901
07/30/2021,-0.3818
07/30/2021,0.0000
07/30/2021,-0.5423
07/30/2021,0.0000
08/02/2021,-0.1027
08/02/2021,0.5423
08/02/2021,0.0000
08/02/2021,0.1027
08/02/2021,0.0000
08/02/2021,-0.2263
08/03/2021,0.0000
08/03/2021,0.4019
08/03/2021,0.0000
08/03/2021,0.3818
08/05/2021,0.0000
08/05/2021,0.0000
08/05/2021,0.0000
08/05/2021,0.0000
08/05/2021,0.0000
08/05/2021,0.0000
08/06/2021,0.4588
08/06/2021,0.0000
08/06/2021,0.0000
08/09/2021,-0.3612
08/09/2021,0.0000
08/09/2021,0.0000
08/09/2021,0.0000
08/10/2021,0.0000
08/10/2021,0.0000
08/10/2021,0.2023
08/10/2021,-0.2960
08/10/2021,0.0000
08/11/2021,0.0000
08/11/2021,0.0000
08/11/2021,0.0000
08/11/2021,0.0000
08/12/2021,0.0000
08/12/2021,0.0000
08/12/2021,-0.1531
08/12/2021,0.0000
08/12/2021,0.5859
08/12/2021,0.0000
08/12/2021,0.0000
08/12/2021,0.2023
08/12/2021,0.0000
08/12/2021,0.0000
08/12/2021,0.3182
08/12/2021,0.3182
08/13/2021,0.4215
08/13/2021,0.4215
08/13/2021,0.0000
08/13/2021,0.0000
08/13/2021,0.0000
08/13/2021,0.0000
08/16/2021,0.0000
08/16/2021,0.0000
08/16/2021,0.4215
08/16/2021,0.4215
08/16/2021,0.0000
08/16/2021,-0.2960
08/16/2021,0.0000
08/16/2021,-0.4215
08/17/2021,0.0000
08/17/2021,0.2263
08/17/2021,0.2263
08/17/2021,0.0000
08/17/2021,0.0000
08/17/2021,0.2960
08/17/2021,-0.6597
08/18/2021,0.0000
08/18/2021,0.0000
08/18/2021,0.0000
08/18/2021,0.0000
08/18/2021,0.0000
08/18/2021,0.4019
08/18/2021,-0.6124
08/18/2021,-0.3400
08/19/2021,-0.3400
08/19/2021,0.2732
08/19/2021,0.2023
08/19/2021,-0.3400
08/19/2021,0.2960
08/19/2021,0.0000
08/19/2021,0.5023
08/19/2021,0.0000
08/19/2021,0.0000
08/19/2021,0.0000
08/20/2021,0.0000
08/20/2021,0.0000
08/20/2021,0.0000
08/20/2021,0.0000
08/20/2021,0.0000
08/20/2021,0.0000
08/20/2021,-0.3612
08/23/2021,0.3400
08/23/2021,0.0000
08/23/2021,0.0000
08/23/2021,0.0000
08/23/2021,-0.5096
08/24/2021,0.0000
08/24/2021,-0.4476
08/25/2021,0.0000
08/26/2021,0.3818
08/26/2021,0.0000
08/26/2021,0.4404
08/30/2021,0.6808
08/30/2021,0.0000
08/31/2021,-0.4404
09/01/2021,-0.6486
09/01/2021,-0.6486
09/01/2021,0.2263
09/01/2021,-0.2263
09/02/2021,-0.2500
09/02/2021,0.0000
09/02/2021,0.0000
09/02/2021,0.0000
09/03/2021,0.0000
09/03/2021,0.6124
09/03/2021,-0.8934
09/06/2021,0.4404
09/07/2021,0.0000
09/07/2021,0.2960
09/07/2021,0.0000
09/07/2021,0.0000
09/08/2021,0.4019
09/08/2021,0.0000
09/08/2021,0.2023
09/08/2021,0.3612
09/08/2021,0.4767
09/09/2021,0.2732
09/09/2021,-0.2960
09/09/2021,0.0000
09/09/2021,0.7783
09/10/2021,0.0000
09/10/2021,0.6486
09/10/2021,0.0000
09/10/2021,0.0000
09/10/2021,0.0000
09/13/2021,0.0000
09/13/2021,-0.2960
09/13/2021,0.0000
09/13/2021,-0.2924
09/13/2021,0.2023
09/14/2021,0.0000
09/14/2021,0.0000
09/14/2021,0.2023
09/14/2021,0.0000
09/15/2021,0.6369
09/15/2021,0.7964
09/15/2021,0.2023
09/16/2021,0.4404
09/16/2021,-0.1779
09/16/2021,0.6124
09/16/2021,0.6124
09/17/2021,0.5267
09/17/2021,0.2263
09/17/2021,-0.7351
09/17/2021,0.0000
09/20/2021,0.0000
09/20/2021,-0.3182
09/20/2021,-0.2960
09/20/2021,0.3818
09/21/2021,-0.2500
09/21/2021,0.0000
09/22/2021,0.0000
09/22/2021,0.0000
09/22/2021,0.4019
09/22/2021,-0.3182
09/23/2021,-0.3182
09/23/2021,0.0000
09/23/2021,0.0000
09/23/2021,0.0000
09/23/2021,0.0000
09/23/2021,0.0000
09/23/2021,0.4215
09/24/2021,-0.2500
09/24/2021,-0.2500
09/24/2021,0.0000
09/24/2021,0.4215
09/24/2021,-0.2500
09/24/2021,-0.0900
09/24/2021,0.0000
09/27/2021,0.0000
09/27/2021,0.0000
09/27/2021,0.0000
09/27/2021,0.0000
09/27/2021,0.5994
09/27/2021,0.5994
09/28/2021,-0.7845
09/28/2021,0.5106
09/28/2021,0.0000
09/28/2021,0.0000
09/28/2021,-0.3586
09/28/2021,0.0000
09/29/2021,0.0000
09/29/2021,0.2023
09/29/2021,0.0000
09/29/2021,0.0000
09/29/2021,0.0000
09/29/2021,0.2960
09/29/2021,0.0000
09/29/2021,0.0000
09/30/2021,0.0000
09/30/2021,0.0000
09/30/2021,0.0000
10/01/2021,0.0000
10/01/2021,0.0000
10/01/2021,0.0000
10/01/2021,0.0000
10/01/2021,-0.3919
10/04/2021,0.2144
10/04/2021,-0.4588
10/04/2021,-0.4939
10/04/2021,0.7351
10/04/2021,0.0000
10/04/2021,0.0000
10/04/2021,0.4939
10/04/2021,0.0000
10/04/2021,-0.6705
10/05/2021,-0.6705
10/05/2021,0.0000
10/05/2021,0.6369
10/05/2021,-0.6808
10/06/2021,-0.1531
10/06/2021,0.3182
10/06/2021,0.6369
10/06/2021,0.0000
10/06/2021,-0.3400
10/06/2021,0.0000
10/07/2021,0.0000
10/07/2021,0.0000
10/07/2021,0.2411
10/07/2021,0.0000
10/07/2021,0.0000
10/07/2021,0.0000
10/07/2021,0.0000
10/08/2021,0.0000
10/08/2021,0.2023
10/08/2021,0.0000
10/08/2021,0.0000
10/08/2021,0.0000
10/08/2021,0.2944
10/08/2021,0.0000
10/11/2021,0.0000
10/11/2021,0.1877
10/11/2021,0.6124
10/11/2021,0.2617
10/11/2021,0.0000
10/11/2021,-0.4767
10/11/2021,0.0000
10/11/2021,0.5267
10/12/2021,0.0000
10/12/2021,0.0000
10/12/2021,0.0000
10/12/2021,0.0000
10/12/2021,0.3182
10/12/2021,0.0000
10/13/2021,0.2732
10/13/2021,0.0000
10/13/2021,-0.1280
10/13/2021,0.0000
10/13/2021,0.0000
10/13/2021,0.0000
10/13/2021,-0.3182
10/13/2021,0.0000
10/13/2021,-0.1280
10/13/2021,0.6249
10/13/2021,0.5106
10/14/2021,0.0000
10/14/2021,0.0000
10/14/2021,0.0000
10/14/2021,0.0000
10/15/2021,0.0000
10/15/2021,0.1010
10/15/2021,0.0000
10/15/2021,0.3535
10/15/2021,0.0000
10/15/2021,0.0000
10/15/2021,-0.2960
10/18/2021,0.0000
10/18/2021,0.0000
10/18/2021,0.0000
10/18/2021,0.0000
10/18/2021,0.5106
10/18/2021,-0.1406
10/19/2021,0.0000
10/19/2021,0.0000
10/19/2021,0.0000
10/19/2021,0.0000
10/19/2021,0.0000
10/19/2021,0.4215
10/19/2021,0.4215
10/20/2021,0.0000
10/20/2021,0.0000
10/20/2021,0.0000
10/20/2021,0.0000
10/20/2021,0.4404
10/20/2021,-0.2732
10/20/2021,0.0000
10/20/2021,0.0000
10/20/2021,0.0000
10/20/2021,0.0000
10/20/2021,0.1779
10/20/2021,0.7351
10/21/2021,0.0000
10/21/2021,0.0000
10/21/2021,0.0000
10/21/2021,-0.2960
10/21/2021,0.0000
10/21/2021,0.0000
10/21/2021,0.0000
10/21/2021,0.0000
10/21/2021,0.2023
10/21/2021,0.0000
10/21/2021,0.0000
10/21/2021,0.0000
10/21/2021,0.0000
10/21/2021,0.2023
10/21/2021,0.0000
10/22/2021,0.0000
10/25/2021,0.5267
10/25/2021,0.0000
10/25/2021,0.0000
10/25/2021,-0.0387
10/25/2021,0.0000
10/25/2021,0.0000
10/25/2021,0.0000
10/25/2021,0.0000
10/25/2021,0.0000
10/25/2021,0.0000
10/25/2021,0.2023
10/25/2021,-0.3400
10/25/2021,0.0000
10/25/2021,0.4404
10/25/2021,0.0000
10/25/2021,0.0000
10/25/2021,0.0000
10/25/2021,0.0000
10/25/2021,0.0000
10/25/2021,-0.2263
10/25/2021,0.0000
10/25/2021,0.3400
10/25/2021,0.0000
10/25/2021,0.2023
10/25/2021,0.0000
10/26/2021,0.5267
10/26/2021,0.0000
10/26/2021,0.7717
10/26/2021,0.0000
10/26/2021,0.4939
10/26/2021,0.7579
10/26/2021,0.2960
10/26/2021,0.2023
10/26/2021,0.0000
10/27/2021,0.0000
10/27/2021,0.0000
10/27/2021,0.0000
10/27/2021,0.0000
10/27/2021,0.0000
10/27/2021,0.5106
10/27/2021,-0.0258
10/27/2021,0.0000
10/27/2021,0.0000
10/27/2021,0.3612
10/28/2021,0.0000
10/28/2021,0.4404
10/28/2021,0.8176
10/28/2021,0.0000
10/28/2021,0.6705
10/28/2021,0.0000
10/28/2021,0.0000
10/28/2021,0.0000
10/28/2021,-0.1280
10/28/2021,0.0000
10/28/2021,0.7783
10/28/2021,0.0000
10/28/2021,0.1779
10/28/2021,0.1779
10/28/2021,0.1779
10/28/2021,0.0000
10/29/2021,0.4005
10/29/2021,0.0000
10/29/2021,0.0000
10/29/2021,0.0000
10/29/2021,0.0000
10/29/2021,0.0000
10/29/2021,0.0000
10/29/2021,0.4767
10/29/2021,0.0000
10/29/2021,0.0000
11/01/2021,0.0000
11/01/2021,0.0000
11/01/2021,0.0000
11/01/2021,0.0000
11/01/2021,0.0000
11/01/2021,0.0000
11/01/2021,0.0000
11/01/2021,0.0000
11/01/2021,0.0000
11/01/2021,0.5106
11/01/2021,0.0000
11/01/2021,0.0000
11/01/2021,-0.3182
11/02/2021,0.0000
11/02/2021,-0.4019
11/02/2021,-0.4019
11/02/2021,0.0000
11/02/2021,0.0000
11/02/2021,0.0000
11/02/2021,-0.0516
11/02/2021,0.0000
11/02/2021,0.0000
11/02/2021,-0.4767
11/02/2021,0.2023
11/03/2021,-0.1280
11/03/2021,0.0000
11/03/2021,0.0000
11/04/2021,0.0516
11/04/2021,0.4404
11/04/2021,0.0000
11/04/2021,0.2960
11/04/2021,0.0000
11/04/2021,0.4019
11/04/2021,0.0000
11/05/2021,-0.3182
11/05/2021,0.0000
11/05/2021,0.0000
11/05/2021,0.0000
11/08/2021,0.2500
11/08/2021,0.2500
11/08/2021,0.0000
11/08/2021,0.4215
11/08/2021,0.0000
11/08/2021,-0.2960
11/08/2021,0.0000
11/08/2021,0.0000
11/08/2021,0.0000
11/08/2021,0.0000
11/08/2021,0.0000
11/08/2021,0.0000
11/08/2021,0.0000
11/08/2021,0.0000
11/08/2021,0.0000
11/08/2021,0.0000
11/09/2021,0.2960
11/09/2021,0.2960
11/09/2021,0.0000
11/09/2021,0.0000
11/09/2021,0.0000
11/09/2021,-0.5106
11/09/2021,0.0000
11/09/2021,0.0000
11/09/2021,0.0000
11/09/2021,0.2960
11/09/2021,0.0000
11/09/2021,0.2960
11/09/2021,0.5859
11/09/2021,0.7430
11/09/2021,0.0000
11/10/2021,0.0000
11/10/2021,0.0000
11/10/2021,0.2960
11/10/2021,0.0000
11/10/2021,-0.4215
11/10/2021,-0.2732
11/10/2021,0.0000
11/10/2021,0.0000
11/10/2021,-0.4215
11/10/2021,0.0000
11/10/2021,0.0000
11/10/2021,0.0000
11/10/2021,0.2960
11/10/2021,0.7264
11/11/2021,0.2960
11/11/2021,0.0000
11/11/2021,0.3612
11/11/2021,0.0000
11/11/2021,0.0000
11/11/2021,0.1531
11/11/2021,0.0000
11/11/2021,0.0000
11/11/2021,0.4767
11/11/2021,0.0000
11/11/2021,0.0000
11/11/2021,0.3612
11/12/2021,0.3597
11/12/2021,0.3597
11/12/2021,0.2023
11/12/2021,0.0000
11/12/2021,0.3597
11/12/2021,0.4215
11/12/2021,0.0000
11/15/2021,-0.1280
11/15/2021,0.7264
11/15/2021,0.0000
11/15/2021,0.4215
11/15/2021,-0.4019
11/15/2021,0.4215
11/15/2021,0.2960
11/15/2021,0.2960
11/15/2021,0.3818
11/15/2021,0.0000
11/15/2021,0.2960
11/16/2021,0.4767
11/16/2021,0.0000
11/16/2021,0.1280
11/16/2021,0.3818
11/16/2021,0.0000
11/16/2021,0.0000
11/16/2021,0.0000
11/16/2021,0.2960
11/16/2021,-0.4019
11/16/2021,0.0000
11/16/2021,0.3612
11/16/2021,0.0000
11/16/2021,0.4767
11/16/2021,0.0000
11/17/2021,0.0000
11/17/2021,0.0000
11/17/2021,0.0000
11/17/2021,0.0000
11/17/2021,0.0000
11/17/2021,0.0000
11/18/2021,0.0000
11/18/2021,-0.4767
11/18/2021,0.2960
11/18/2021,0.0000
11/19/2021,0.0000
11/19/2021,0.0000
11/19/2021,-0.6597
11/19/2021,-0.1531
11/19/2021,0.0000
11/19/2021,0.0000
11/19/2021,0.2960
11/19/2021,-0.6808
11/19/2021,0.0000
11/19/2021,0.0000
11/22/2021,0.0000
11/22/2021,0.7003
11/22/2021,0.0000
11/22/2021,0.0000
11/22/2021,0.6249
11/22/2021,0.0000
11/22/2021,0.0000
11/23/2021,0.0000
11/23/2021,0.4939
11/23/2021,0.0000
11/23/2021,0.0000
11/23/2021,0.0000
11/23/2021,0.0000
11/23/2021,0.4404
11/23/2021,-0.6705
11/23/2021,0.4215
11/23/2021,0.0000
11/23/2021,-0.3182
11/23/2021,0.2023
11/23/2021,-0.5423
11/23/2021,0.0000
11/23/2021,-0.5423
11/23/2021,-0.4019
11/23/2021,0.5209
11/24/2021,0.2500
11/24/2021,-0.4404
11/24/2021,0.3291
11/24/2021,-0.4019
11/24/2021,0.7650
